Ticker,Name,Sector,Asset Class,Market Value,Weight (%),Notional Value,Quantity,Price,Location,Exchange,Currency,FX Rate,Market Currency,Accrual Date
NVDA,NVIDIA CORP,Information Technology,Equity,"1,395,475,162.36",6.87,"1,395,475,162.36","6,365,638.00",219.22,United States,NASDAQ,USD,1.00,USD,-
AAPL,APPLE INC,Information Technology,Equity,"1,226,995,142.00",6.04,"1,226,995,142.00","3,945,322.00",311.00,United States,NASDAQ,USD,1.00,USD,-
MSFT,MICROSOFT,Information Technology,Equity,"988,249,593.70",4.86,"988,249,593.70","2,027,345.00",487.46,United States,NASDAQ,USD,1.00,USD,-
AMZN,AMAZON.COM INC,Consumer Discretionary,Equity,"721,742,721.00",3.55,"721,742,721.00","2,647,140.00",272.65,United States,NASDAQ,USD,1.00,USD,-
GOOGL,ALPHABET CLASS A,Communication,Equity,"576,273,848.04",2.84,"576,273,848.04","1,590,028.00",362.43,United States,NASDAQ,USD,1.00,USD,-
AVGO,BROADCOM INC,Information Technology,Equity,"530,993,493.32",2.61,"530,993,493.32","1,269,469.00",418.28,United States,NASDAQ,USD,1.00,USD,-
GOOG,ALPHABET CLASS C,Communication,Equity,"467,257,871.10",2.30,"467,257,871.10","1,297,470.00",360.13,United States,NASDAQ,USD,1.00,USD,-
META,META PLATFORMS CLASS A,Communication,Equity,"353,158,965.25",1.74,"353,158,965.25","599,825.00",588.77,United States,NASDAQ,USD,1.00,USD,-
MU,MICRON TECHNOLOGY,Information Technology,Equity,"274,747,030.38",1.35,"274,747,030.38","307,602.00",893.19,United States,NASDAQ,USD,1.00,USD,-
BRKB,BERKSHIRE HATHAWAY INC CLASS B,Financials,Equity,"263,691,503.55",1.30,"263,691,503.55","508,223.00",518.85,United States,NYSE,USD,1.00,USD,-
JPM,JPMORGAN CHASE & CO,Financials,Equity,"262,135,272.56",1.29,"262,135,272.56","729,694.00",359.24,United States,NYSE,USD,1.00,USD,-
TSLA,TESLA INC,Consumer Discretionary,Equity,"256,325,190.25",1.26,"256,325,190.25","797,155.00",321.55,United States,NASDAQ,USD,1.00,USD,-
LLY,ELI LILLY,Health Care,Equity,"254,892,606.38",1.25,"254,892,606.38","217,883.00","1,169.86",United States,NYSE,USD,1.00,USD,-
AMD,ADVANCED MICRO DEVICES,Information Technology,Equity,"213,995,492.40",1.05,"213,995,492.40","443,928.00",482.05,United States,NASDAQ,USD,1.00,USD,-
XOM,EXXONMOBIL HOLDINGS CORP,Energy,Equity,"172,075,940.83",0.85,"172,075,940.83","1,134,841.00",151.63,United States,NYSE,USD,1.00,USD,-
JNJ,JOHNSON & JOHNSON,Health Care,Equity,"169,462,278.84",0.83,"169,462,278.84","657,876.00",257.59,United States,NYSE,USD,1.00,USD,-
V,VISA CLASS A,Financials,Equity,"165,936,977.70",0.82,"165,936,977.70","450,255.00",368.54,United States,NYSE,USD,1.00,USD,-
WMT,WALMART INC,Consumer Staples,Equity,"134,465,250.66",0.66,"134,465,250.66","1,196,949.00",112.34,United States,NASDAQ,USD,1.00,USD,-
CSCO,CISCO SYSTEMS INC,Information Technology,Equity,"130,900,576.50",0.64,"130,900,576.50","1,077,371.00",121.50,United States,NASDAQ,USD,1.00,USD,-
MA,MASTERCARD CLASS A,Financials,Equity,"125,796,544.80",0.62,"125,796,544.80","220,510.00",570.48,United States,NYSE,USD,1.00,USD,-
INTC,INTEL CORPORATION,Information Technology,Equity,"120,848,255.42",0.59,"120,848,255.42","1,195,807.00",101.06,United States,NASDAQ,USD,1.00,USD,-
ABBV,ABBVIE,Health Care,Equity,"119,064,535.80",0.59,"119,064,535.80","483,609.00",246.20,United States,NYSE,USD,1.00,USD,-
AMAT,APPLIED MATERIAL INC,Information Technology,Equity,"115,674,179.04",0.57,"115,674,179.04","216,521.00",534.24,United States,NASDAQ,USD,1.00,USD,-
BAC,BANK OF AMERICA CORP,Financials,Equity,"114,068,781.75",0.56,"114,068,781.75","1,803,459.00",63.25,United States,NYSE,USD,1.00,USD,-
COST,COSTCO WHOLESALE CORP,Consumer Staples,Equity,"113,988,325.92",0.56,"113,988,325.92","121,008.00",941.99,United States,NASDAQ,USD,1.00,USD,-
CAT,CATERPILLAR INC,Industrials,Equity,"107,890,226.64",0.53,"107,890,226.64","123,858.00",871.08,United States,NYSE,USD,1.00,USD,-
GE,GE AEROSPACE,Industrials,Equity,"107,374,425.20",0.53,"107,374,425.20","281,660.00",381.22,United States,NYSE,USD,1.00,USD,-
LRCX,LAM RESEARCH,Information Technology,Equity,"104,765,969.22",0.52,"104,765,969.22","340,791.00",307.42,United States,NASDAQ,USD,1.00,USD,-
UNH,UNITEDHEALTH GROUP INC,Health Care,Equity,"101,630,194.25",0.50,"101,630,194.25","246,227.00",412.75,United States,NYSE,USD,1.00,USD,-
HD,HOME DEPOT,Consumer Discretionary,Equity,"96,055,845.70",0.47,"96,055,845.70","272,005.00",353.14,United States,NYSE,USD,1.00,USD,-
PLTR,PALANTIR TECHNOLOGIES CLASS A,Information Technology,Equity,"95,935,543.77",0.47,"95,935,543.77","605,539.00",158.43,United States,NASDAQ,USD,1.00,USD,-
CVX,CHEVRON CORP,Energy,Equity,"94,308,174.38",0.46,"94,308,174.38","505,918.00",186.41,United States,NYSE,USD,1.00,USD,-
PG,PROCTER & GAMBLE,Consumer Staples,Equity,"93,347,330.80",0.46,"93,347,330.80","635,881.00",146.80,United States,NYSE,USD,1.00,USD,-
KO,COCA-COLA,Consumer Staples,Equity,"92,025,907.20",0.45,"92,025,907.20","1,059,840.00",86.83,United States,NYSE,USD,1.00,USD,-
MRK,MERCK & CO INC,Health Care,Equity,"86,574,241.26",0.43,"86,574,241.26","674,622.00",128.33,United States,NYSE,USD,1.00,USD,-
NFLX,NETFLIX,Communication,Equity,"84,892,442.60",0.42,"84,892,442.60","1,144,103.00",74.20,United States,NASDAQ,USD,1.00,USD,-
GS,GOLDMAN SACHS GROUP INC,Financials,Equity,"83,387,222.82",0.41,"83,387,222.82","78,639.00","1,060.38",United States,NYSE,USD,1.00,USD,-
RTX,RTX CORP,Industrials,Equity,"81,769,174.96",0.40,"81,769,174.96","367,816.00",222.31,United States,NYSE,USD,1.00,USD,-
PM,PHILIP MORRIS INTERNATIONAL INC,Consumer Staples,Equity,"80,342,104.64",0.40,"80,342,104.64","425,248.00",188.93,United States,NYSE,USD,1.00,USD,-
PANW,PALO ALTO NETWORKS,Information Technology,Equity,"79,745,307.40",0.39,"79,745,307.40","219,890.00",362.66,United States,NASDAQ,USD,1.00,USD,-
GEV,GE VERNOVA INC,Industrials,Equity,"74,688,743.16",0.37,"74,688,743.16","73,371.00","1,017.96",United States,NYSE,USD,1.00,USD,-
WFC,WELLS FARGO,Financials,Equity,"74,487,000.29",0.37,"74,487,000.29","835,337.00",89.17,United States,NYSE,USD,1.00,USD,-
TXN,TEXAS INSTRUMENT INC,Information Technology,Equity,"68,864,839.80",0.34,"68,864,839.80","247,965.00",277.72,United States,NASDAQ,USD,1.00,USD,-
KLAC,KLA,Information Technology,Equity,"68,768,868.00",0.34,"68,768,868.00","356,685.00",192.80,United States,NASDAQ,USD,1.00,USD,-
ORCL,ORACLE,Information Technology,Equity,"67,483,121.13",0.33,"67,483,121.13","467,367.00",144.39,United States,NYSE,USD,1.00,USD,-
MS,MORGAN STANLEY,Financials,Equity,"66,705,712.97",0.33,"66,705,712.97","305,611.00",218.27,United States,NYSE,USD,1.00,USD,-
C,CITIGROUP INC,Financials,Equity,"63,944,378.28",0.31,"63,944,378.28","464,577.00",137.64,United States,NYSE,USD,1.00,USD,-
LIN,LINDE PLC,Materials,Equity,"61,741,680.70",0.30,"61,741,680.70","125,734.00",491.05,United States,NASDAQ,USD,1.00,USD,-
IBM,INTERNATIONAL BUSINESS MACHINES CO,Information Technology,Equity,"60,525,276.00",0.30,"60,525,276.00","256,550.00",235.92,United States,NYSE,USD,1.00,USD,-
AMGN,AMGEN INC,Health Care,Equity,"60,147,176.23",0.30,"60,147,176.23","147,481.00",407.83,United States,NASDAQ,USD,1.00,USD,-
TMO,THERMO FISHER SCIENTIFIC INC,Health Care,Equity,"58,578,671.91",0.29,"58,578,671.91","101,377.00",577.83,United States,NYSE,USD,1.00,USD,-
APH,AMPHENOL CORP CLASS A,Information Technology,Equity,"57,645,110.96",0.28,"57,645,110.96","334,679.00",172.24,United States,NYSE,USD,1.00,USD,-
CRWD,CROWDSTRIKE HOLDINGS CLASS A,Information Technology,Equity,"57,442,039.76",0.28,"57,442,039.76","273,716.00",209.86,United States,NASDAQ,USD,1.00,USD,-
ANET,ARISTA NETWORKS INC,Information Technology,Equity,"56,188,166.01",0.28,"56,188,166.01","284,771.00",197.31,United States,NYSE,USD,1.00,USD,-
SNDK,SANDISK,Information Technology,Equity,"53,586,489.50",0.26,"53,586,489.50","39,679.00","1,350.50",United States,NASDAQ,USD,1.00,USD,-
MCD,MCDONALDS CORP,Consumer Discretionary,Equity,"53,062,840.00",0.26,"53,062,840.00","193,660.00",274.00,United States,NYSE,USD,1.00,USD,-
VZ,VERIZON COMMUNICATIONS INC,Communication,Equity,"53,054,845.47",0.26,"53,054,845.47","1,141,701.00",46.47,United States,NYSE,USD,1.00,USD,-
PEP,PEPSICO INC,Consumer Staples,Equity,"51,651,556.74",0.25,"51,651,556.74","372,183.00",138.78,United States,NASDAQ,USD,1.00,USD,-
AXP,AMERICAN EXPRESS,Financials,Equity,"50,526,772.20",0.25,"50,526,772.20","144,780.00",348.99,United States,NYSE,USD,1.00,USD,-
ADI,ANALOG DEVICES,Information Technology,Equity,"50,270,539.00",0.25,"50,270,539.00","133,100.00",377.69,United States,NASDAQ,USD,1.00,USD,-
MRVL,MARVELL TECHNOLOGY,Information Technology,Equity,"50,191,107.00",0.25,"50,191,107.00","237,850.00",211.02,United States,NASDAQ,USD,1.00,USD,-
ABT,ABBOTT LABORATORIES,Health Care,Equity,"50,113,199.73",0.25,"50,113,199.73","474,063.00",105.71,United States,NYSE,USD,1.00,USD,-
BA,BOEING,Industrials,Equity,"49,900,913.64",0.25,"49,900,913.64","207,756.00",240.19,United States,NYSE,USD,1.00,USD,-
DIS,WALT DISNEY,Communication,Equity,"49,230,673.92",0.24,"49,230,673.92","483,792.00",101.76,United States,NYSE,USD,1.00,USD,-
NEE,NEXTERA ENERGY,Utilities,Equity,"48,905,384.33",0.24,"48,905,384.33","569,263.00",85.91,United States,NYSE,USD,1.00,USD,-
TJX,TJX,Consumer Discretionary,Equity,"48,245,305.28",0.24,"48,245,305.28","301,684.00",159.92,United States,NYSE,USD,1.00,USD,-
SCHW,CHARLES SCHWAB,Financials,Equity,"48,143,217.76",0.24,"48,143,217.76","445,688.00",108.02,United States,NYSE,USD,1.00,USD,-
WDC,WESTERN DIGITAL CORP,Information Technology,Equity,"47,850,341.39",0.24,"47,850,341.39","92,167.00",519.17,United States,NASDAQ,USD,1.00,USD,-
UNP,UNION PACIFIC,Industrials,Equity,"47,826,942.66",0.24,"47,826,942.66","161,829.00",295.54,United States,NYSE,USD,1.00,USD,-
ETN,EATON PLC,Industrials,Equity,"47,394,683.36",0.23,"47,394,683.36","105,962.00",447.28,United States,NYSE,USD,1.00,USD,-
BLK,BLACKROCK,Financials,Equity,"47,287,289.70",0.23,"47,287,289.70","41,715.00","1,133.58",United States,NYSE,USD,1.00,USD,-
WELL,WELLTOWER,Real Estate,Equity,"45,742,749.00",0.23,"45,742,749.00","192,804.00",237.25,United States,NYSE,USD,1.00,USD,-
QCOM,QUALCOMM,Information Technology,Equity,"45,320,120.76",0.22,"45,320,120.76","287,692.00",157.53,United States,NASDAQ,USD,1.00,USD,-
GILD,GILEAD SCIENCES INC,Health Care,Equity,"44,635,412.88",0.22,"44,635,412.88","338,763.00",131.76,United States,NASDAQ,USD,1.00,USD,-
BKNG,BOOKING HOLDINGS,Consumer Discretionary,Equity,"43,700,886.90",0.22,"43,700,886.90","211,095.00",207.02,United States,NASDAQ,USD,1.00,USD,-
T,AT&T INC,Communication,Equity,"42,599,706.52",0.21,"42,599,706.52","1,847,342.00",23.06,United States,NYSE,USD,1.00,USD,-
CRM,SALESFORCE,Information Technology,Equity,"41,829,765.86",0.21,"41,829,765.86","216,757.00",192.98,United States,NYSE,USD,1.00,USD,-
DE,DEERE,Industrials,Equity,"41,205,348.00",0.20,"41,205,348.00","67,329.00",612.00,United States,NYSE,USD,1.00,USD,-
PFE,PFIZER,Health Care,Equity,"40,208,444.03",0.20,"40,208,444.03","1,557,863.00",25.81,United States,NYSE,USD,1.00,USD,-
COP,CONOCOPHILLIPS,Energy,Equity,"38,255,976.80",0.19,"38,255,976.80","332,545.00",115.04,United States,NYSE,USD,1.00,USD,-
DELL,DELL TECHNOLOGIES INC CLASS C,Information Technology,Equity,"37,968,236.60",0.19,"37,968,236.60","82,058.00",462.70,United States,NYSE,USD,1.00,USD,-
COF,CAPITAL ONE FINANCIAL CORP,Financials,Equity,"37,676,435.11",0.19,"37,676,435.11","169,997.00",221.63,United States,NYSE,USD,1.00,USD,-
UBER,UBER TECHNOLOGIES,Industrials,Equity,"36,423,324.14",0.18,"36,423,324.14","534,223.00",68.18,United States,NYSE,USD,1.00,USD,-
ISRG,INTUITIVE SURGICAL INC,Health Care,Equity,"36,068,351.20",0.18,"36,068,351.20","96,131.00",375.20,United States,NASDAQ,USD,1.00,USD,-
PLD,PROLOGIS REIT,Real Estate,Equity,"35,852,416.56",0.18,"35,852,416.56","254,706.00",140.76,United States,NYSE,USD,1.00,USD,-
BMY,BRISTOL MYERS SQUIBB,Health Care,Equity,"35,433,510.84",0.17,"35,433,510.84","556,868.00",63.63,United States,NYSE,USD,1.00,USD,-
CVS,CVS HEALTH,Health Care,Equity,"34,627,572.00",0.17,"34,627,572.00","349,350.00",99.12,United States,NYSE,USD,1.00,USD,-
DHR,DANAHER CORP,Health Care,Equity,"34,541,180.00",0.17,"34,541,180.00","173,000.00",199.66,United States,NYSE,USD,1.00,USD,-
PH,PARKER-HANNIFIN CORP,Industrials,Equity,"34,314,294.90",0.17,"34,314,294.90","34,421.00",996.90,United States,NYSE,USD,1.00,USD,-
PGR,PROGRESSIVE CORP,Financials,Equity,"33,892,242.48",0.17,"33,892,242.48","159,298.00",212.76,United States,NYSE,USD,1.00,USD,-
CB,CHUBB,Financials,Equity,"33,824,097.76",0.17,"33,824,097.76","95,944.00",352.54,United States,NYSE,USD,1.00,USD,-
GLW,CORNING,Information Technology,Equity,"33,782,639.60",0.17,"33,782,639.60","215,588.00",156.70,United States,NYSE,USD,1.00,USD,-
VRTX,VERTEX PHARMACEUTICALS,Health Care,Equity,"33,687,927.72",0.17,"33,687,927.72","69,484.00",484.83,United States,NASDAQ,USD,1.00,USD,-
LOW,LOWES COMPANIES INC,Consumer Discretionary,Equity,"33,516,216.72",0.16,"33,516,216.72","152,388.00",219.94,United States,NYSE,USD,1.00,USD,-
SPGI,S&P GLOBAL INC,Financials,Equity,"33,107,052.29",0.16,"33,107,052.29","80,743.00",410.03,United States,NYSE,USD,1.00,USD,-
SBUX,STARBUCKS CORP,Consumer Discretionary,Equity,"32,955,930.00",0.16,"32,955,930.00","310,905.00",106.00,United States,NASDAQ,USD,1.00,USD,-
NOW,SERVICENOW INC,Information Technology,Equity,"32,804,837.54",0.16,"32,804,837.54","279,857.00",117.22,United States,NYSE,USD,1.00,USD,-
LMT,LOCKHEED MARTIN CORP,Industrials,Equity,"31,996,729.60",0.16,"31,996,729.60","55,396.00",577.60,United States,NYSE,USD,1.00,USD,-
SYK,STRYKER,Health Care,Equity,"31,749,237.09",0.16,"31,749,237.09","94,203.00",337.03,United States,NYSE,USD,1.00,USD,-
HWM,HOWMET AEROSPACE,Industrials,Equity,"31,633,641.00",0.16,"31,633,641.00","108,550.00",291.42,United States,NYSE,USD,1.00,USD,-
MO,ALTRIA GROUP INC,Consumer Staples,Equity,"31,193,788.52",0.15,"31,193,788.52","455,783.00",68.44,United States,NYSE,USD,1.00,USD,-
NEM,NEWMONT,Materials,Equity,"30,353,291.63",0.15,"30,353,291.63","291,047.00",104.29,United States,NYSE,USD,1.00,USD,-
MDT,MEDTRONIC PLC,Health Care,Equity,"30,180,598.22",0.15,"30,180,598.22","350,978.00",85.99,United States,NYSE,USD,1.00,USD,-
BNY,BANK OF NEW YORK MELLON CORP,Financials,Equity,"29,693,586.92",0.15,"29,693,586.92","187,058.00",158.74,United States,NYSE,USD,1.00,USD,-
ADP,AUTOMATIC DATA PROCESSING INC,Industrials,Equity,"29,526,238.80",0.15,"29,526,238.80","109,320.00",270.09,United States,NASDAQ,USD,1.00,USD,-
MCK,MCKESSON CORP,Health Care,Equity,"29,338,957.35",0.14,"29,338,957.35","33,445.00",877.23,United States,NYSE,USD,1.00,USD,-
TT,TRANE TECHNOLOGIES PLC,Industrials,Equity,"29,132,309.94",0.14,"29,132,309.94","60,243.00",483.58,United States,NYSE,USD,1.00,USD,-
VRT,VERTIV HOLDINGS CLASS A,Industrials,Equity,"29,006,652.22",0.14,"29,006,652.22","104,363.00",277.94,United States,NYSE,USD,1.00,USD,-
SNOW,SNOWFLAKE,Information Technology,Equity,"28,987,691.60",0.14,"28,987,691.60","91,490.00",316.84,United States,NYSE,USD,1.00,USD,-
SO,SOUTHERN,Utilities,Equity,"28,650,594.00",0.14,"28,650,594.00","307,740.00",93.10,United States,NYSE,USD,1.00,USD,-
ADBE,ADOBE INC,Information Technology,Equity,"28,571,358.96",0.14,"28,571,358.96","110,178.00",259.32,United States,NASDAQ,USD,1.00,USD,-
ACN,ACCENTURE PLC CLASS A,Information Technology,Equity,"28,477,081.08",0.14,"28,477,081.08","166,796.00",170.73,United States,NYSE,USD,1.00,USD,-
EQIX,EQUINIX REIT,Real Estate,Equity,"28,358,970.00",0.14,"28,358,970.00","26,850.00","1,056.20",United States,NASDAQ,USD,1.00,USD,-
PNC,PNC FINANCIAL SERVICES GROUP,Financials,Equity,"27,963,781.11",0.14,"27,963,781.11","109,503.00",255.37,United States,NYSE,USD,1.00,USD,-
PWR,QUANTA SERVICES INC,Industrials,Equity,"27,848,234.26",0.14,"27,848,234.26","40,774.00",682.99,United States,NYSE,USD,1.00,USD,-
BX,BLACKSTONE,Financials,Equity,"27,782,631.17",0.14,"27,782,631.17","204,239.00",136.03,United States,NYSE,USD,1.00,USD,-
APP,APPLOVIN CLASS A,Communication,Equity,"27,272,730.60",0.13,"27,272,730.60","65,277.00",417.80,United States,NASDAQ,USD,1.00,USD,-
FCX,FREEPORT MCMORAN INC,Materials,Equity,"27,257,779.80",0.13,"27,257,779.80","392,820.00",69.39,United States,NYSE,USD,1.00,USD,-
USB,US BANCORP,Financials,Equity,"27,249,054.54",0.13,"27,249,054.54","424,374.00",64.21,United States,NYSE,USD,1.00,USD,-
FTNT,FORTINET,Information Technology,Equity,"27,126,585.75",0.13,"27,126,585.75","165,275.00",164.13,United States,NASDAQ,USD,1.00,USD,-
GD,GENERAL DYNAMICS CORP,Industrials,Equity,"26,823,379.04",0.13,"26,823,379.04","69,838.00",384.08,United States,NYSE,USD,1.00,USD,-
DUK,DUKE ENERGY CORP,Utilities,Equity,"26,347,767.46",0.13,"26,347,767.46","213,619.00",123.34,United States,NYSE,USD,1.00,USD,-
CME,CME GROUP CLASS A,Financials,Equity,"26,034,228.72",0.13,"26,034,228.72","98,324.00",264.78,United States,NASDAQ,USD,1.00,USD,-
MMM,3M,Industrials,Equity,"25,924,004.16",0.13,"25,924,004.16","142,377.00",182.08,United States,NYSE,USD,1.00,USD,-
CSX,CSX,Industrials,Equity,"25,886,810.16",0.13,"25,886,810.16","506,393.00",51.12,United States,NASDAQ,USD,1.00,USD,-
JCI,JOHNSON CONTROLS INTERNATIONAL PLC,Industrials,Equity,"25,735,606.75",0.13,"25,735,606.75","167,495.00",153.65,United States,NYSE,USD,1.00,USD,-
DDOG,DATADOG INC CLASS A,Information Technology,Equity,"25,364,669.58",0.12,"25,364,669.58","89,574.00",283.17,United States,NASDAQ,USD,1.00,USD,-
CDNS,CADENCE DESIGN SYSTEMS,Information Technology,Equity,"25,346,989.86",0.12,"25,346,989.86","75,198.00",337.07,United States,NASDAQ,USD,1.00,USD,-
NET,CLOUDFLARE CLASS A,Information Technology,Equity,"25,314,673.60",0.12,"25,314,673.60","86,410.00",292.96,United States,NYSE,USD,1.00,USD,-
MRSH,MARSH INC,Financials,Equity,"25,181,559.99",0.12,"25,181,559.99","131,517.00",191.47,United States,NYSE,USD,1.00,USD,-
EMR,EMERSON ELECTRIC,Industrials,Equity,"24,890,891.41",0.12,"24,890,891.41","153,203.00",162.47,United States,NYSE,USD,1.00,USD,-
CMI,CUMMINS INC,Industrials,Equity,"24,511,824.00",0.12,"24,511,824.00","37,696.00",650.25,United States,NYSE,USD,1.00,USD,-
VLO,VALERO ENERGY CORP,Energy,Equity,"24,395,010.86",0.12,"24,395,010.86","80,674.00",302.39,United States,NYSE,USD,1.00,USD,-
INTU,INTUIT,Information Technology,Equity,"24,203,283.76",0.12,"24,203,283.76","73,804.00",327.94,United States,NASDAQ,USD,1.00,USD,-
WMB,WILLIAMS,Energy,Equity,"24,034,735.19",0.12,"24,034,735.19","334,699.00",71.81,United States,NYSE,USD,1.00,USD,-
CMCSA,COMCAST CLASS A,Communication,Equity,"23,925,825.00",0.12,"23,925,825.00","966,700.00",24.75,United States,NASDAQ,USD,1.00,USD,-
MPC,MARATHON PETROLEUM,Energy,Equity,"23,884,016.25",0.12,"23,884,016.25","80,215.00",297.75,United States,NYSE,USD,1.00,USD,-
CEG,CONSTELLATION ENERGY CORP,Utilities,Equity,"23,325,257.60",0.11,"23,325,257.60","87,980.00",265.12,United States,NASDAQ,USD,1.00,USD,-
ITW,ILLINOIS TOOL INC,Industrials,Equity,"23,322,970.08",0.11,"23,322,970.08","78,444.00",297.32,United States,NYSE,USD,1.00,USD,-
SHW,SHERWIN WILLIAMS,Materials,Equity,"23,304,996.88",0.11,"23,304,996.88","63,041.00",369.68,United States,NYSE,USD,1.00,USD,-
ELV,ELEVANCE HEALTH INC,Health Care,Equity,"23,162,972.96",0.11,"23,162,972.96","59,204.00",391.24,United States,NYSE,USD,1.00,USD,-
TMUS,T MOBILE US INC,Communication,Equity,"23,049,191.34",0.11,"23,049,191.34","132,879.00",173.46,United States,NASDAQ,USD,1.00,USD,-
ICE,INTERCONTINENTAL EXCHANGE INC,Financials,Equity,"22,962,230.80",0.11,"22,962,230.80","153,245.00",149.84,United States,NYSE,USD,1.00,USD,-
WM,WASTE MANAGEMENT INC,Industrials,Equity,"22,789,896.00",0.11,"22,789,896.00","101,600.00",224.31,United States,NYSE,USD,1.00,USD,-
RCL,ROYAL CARIBBEAN GROUP,Consumer Discretionary,Equity,"22,449,552.30",0.11,"22,449,552.30","68,565.00",327.42,United States,NYSE,USD,1.00,USD,-
PSX,PHILLIPS 66,Energy,Equity,"22,289,817.30",0.11,"22,289,817.30","110,046.00",202.55,United States,NYSE,USD,1.00,USD,-
TRV,TRAVELERS COMPANIES,Financials,Equity,"22,109,052.05",0.11,"22,109,052.05","57,809.00",382.45,United States,NYSE,USD,1.00,USD,-
UPS,UNITED PARCEL SERVICE INC CLASS B,Industrials,Equity,"21,932,566.50",0.11,"21,932,566.50","203,645.00",107.70,United States,NYSE,USD,1.00,USD,-
MDLZ,MONDELEZ INTERNATIONAL INC CLASS A,Consumer Staples,Equity,"21,914,069.00",0.11,"21,914,069.00","350,065.00",62.60,United States,NASDAQ,USD,1.00,USD,-
GM,GENERAL MOTORS,Consumer Discretionary,Equity,"21,837,245.52",0.11,"21,837,245.52","244,922.00",89.16,United States,NYSE,USD,1.00,USD,-
ROST,ROSS STORES INC,Consumer Discretionary,Equity,"21,815,156.22",0.11,"21,815,156.22","86,151.00",253.22,United States,NASDAQ,USD,1.00,USD,-
MAR,MARRIOTT INTERNATIONAL CLASS A,Consumer Discretionary,Equity,"21,489,996.18",0.11,"21,489,996.18","59,478.00",361.31,United States,NASDAQ,USD,1.00,USD,-
HON,HONEYWELL INTERNATIONAL INC,Industrials,Equity,"21,470,071.72",0.11,"21,470,071.72","86,531.00",248.12,United States,NASDAQ,USD,1.00,USD,-
AMT,AMERICAN TOWER REIT,Real Estate,Equity,"21,360,184.37",0.11,"21,360,184.37","127,091.00",168.07,United States,NYSE,USD,1.00,USD,-
REGN,REGENERON PHARMACEUTICALS,Health Care,Equity,"21,186,676.28",0.10,"21,186,676.28","27,566.00",768.58,United States,NASDAQ,USD,1.00,USD,-
DASH,DOORDASH CLASS A,Consumer Discretionary,Equity,"21,181,128.57",0.10,"21,181,128.57","102,191.00",207.27,United States,NASDAQ,USD,1.00,USD,-
ORLY,OREILLY AUTOMOTIVE INC,Consumer Discretionary,Equity,"21,146,686.72",0.10,"21,146,686.72","226,313.00",93.44,United States,NASDAQ,USD,1.00,USD,"Jan 01, 1970"
NSC,NORFOLK SOUTHERN CORP,Industrials,Equity,"21,050,842.26",0.10,"21,050,842.26","61,599.00",341.74,United States,NYSE,USD,1.00,USD,-
SPOT,SPOTIFY TECHNOLOGY,Communication,Equity,"20,766,752.72",0.10,"20,766,752.72","43,064.00",482.23,Sweden,NYSE,USD,1.00,USD,-
AON,AON PLC CLASS A,Financials,Equity,"20,427,217.59",0.10,"20,427,217.59","56,747.00",359.97,United States,NYSE,USD,1.00,USD,-
NOC,NORTHROP GRUMMAN CORP,Industrials,Equity,"20,397,269.83",0.10,"20,397,269.83","36,589.00",557.47,United States,NYSE,USD,1.00,USD,-
SNPS,SYNOPSYS,Information Technology,Equity,"20,361,656.00",0.10,"20,361,656.00","50,800.00",400.82,United States,NASDAQ,USD,1.00,USD,-
SLB,SLB NV,Energy,Equity,"20,348,307.00",0.10,"20,348,307.00","407,700.00",49.91,United States,NYSE,USD,1.00,USD,-
CL,COLGATE-PALMOLIVE,Consumer Staples,Equity,"20,235,043.84",0.10,"20,235,043.84","216,928.00",93.28,United States,NYSE,USD,1.00,USD,-
MSI,MOTOROLA SOLUTIONS INC,Information Technology,Equity,"19,930,550.46",0.10,"19,930,550.46","45,489.00",438.14,United States,NYSE,USD,1.00,USD,-
MCO,MOODYS CORP,Financials,Equity,"19,810,753.34",0.10,"19,810,753.34","40,933.00",483.98,United States,NYSE,USD,1.00,USD,-
URI,UNITED RENTALS,Industrials,Equity,"19,772,110.60",0.10,"19,772,110.60","17,015.00","1,162.04",United States,NYSE,USD,1.00,USD,-
HLT,HILTON WORLDWIDE HOLDINGS INC,Consumer Discretionary,Equity,"19,752,397.04",0.10,"19,752,397.04","60,859.00",324.56,United States,NYSE,USD,1.00,USD,-
KKR,KKR AND CO INC,Financials,Equity,"19,709,852.70",0.10,"19,709,852.70","186,558.00",105.65,United States,NYSE,USD,1.00,USD,-
EOG,EOG RESOURCES,Energy,Equity,"19,598,922.30",0.10,"19,598,922.30","146,010.00",134.23,United States,NYSE,USD,1.00,USD,-
SPG,SIMON PROPERTY GROUP REIT INC,Real Estate,Equity,"19,593,090.74",0.10,"19,593,090.74","87,154.00",224.81,United States,NYSE,USD,1.00,USD,-
ECL,ECOLAB,Materials,Equity,"19,485,040.32",0.10,"19,485,040.32","68,256.00",285.47,United States,NYSE,USD,1.00,USD,-
HOOD,ROBINHOOD MARKETS CLASS A,Financials,Equity,"19,455,241.60",0.10,"19,455,241.60","209,647.00",92.80,United States,NASDAQ,USD,1.00,USD,-
BSX,BOSTON SCIENTIFIC CORP,Health Care,Equity,"19,323,433.36",0.10,"19,323,433.36","404,764.00",47.74,United States,NYSE,USD,1.00,USD,-
CI,CIGNA,Health Care,Equity,"19,260,952.50",0.09,"19,260,952.50","71,205.00",270.50,United States,NYSE,USD,1.00,USD,-
DLR,DIGITAL REALTY TRUST REIT,Real Estate,Equity,"19,254,795.54",0.09,"19,254,795.54","98,778.00",194.93,United States,NYSE,USD,1.00,USD,-
TDG,TRANSDIGM GROUP,Industrials,Equity,"19,229,685.46",0.09,"19,229,685.46","15,326.00","1,254.71",United States,NYSE,USD,1.00,USD,-
HPE,HEWLETT PACKARD ENTERPRISE,Information Technology,Equity,"19,218,220.98",0.09,"19,218,220.98","361,109.00",53.22,United States,NYSE,USD,1.00,USD,-
AEP,AMERICAN ELECTRIC POWER INC,Utilities,Equity,"18,786,359.68",0.09,"18,786,359.68","148,544.00",126.47,United States,NASDAQ,USD,1.00,USD,-
PCAR,PACCAR INC,Industrials,Equity,"18,742,937.10",0.09,"18,742,937.10","140,565.00",133.34,United States,NASDAQ,USD,1.00,USD,-
CTAS,CINTAS,Industrials,Equity,"18,726,172.00",0.09,"18,726,172.00","92,980.00",201.40,United States,NASDAQ,USD,1.00,USD,-
FDX,FEDEX CORP,Industrials,Equity,"18,548,430.40",0.09,"18,548,430.40","59,695.00",310.72,United States,NYSE,USD,1.00,USD,-
ALL,ALLSTATE CORP,Financials,Equity,"18,505,424.60",0.09,"18,505,424.60","69,940.00",264.59,United States,NYSE,USD,1.00,USD,-
USD,USD CASH,Cash and/or Derivatives,Cash,"18,420,799.46",0.09,"18,420,799.46","18,420,799.00",100.00,United States,-,USD,1.00,USD,-
CRH,CRH PUBLIC LIMITED PLC,Materials,Equity,"18,282,400.00",0.09,"18,282,400.00","182,824.00",100.00,United States,NYSE,USD,1.00,USD,-
TGT,TARGET CORP,Consumer Staples,Equity,"18,280,090.50",0.09,"18,280,090.50","123,765.00",147.70,United States,NYSE,USD,1.00,USD,-
MNST,MONSTER BEVERAGE CORP,Consumer Staples,Equity,"17,981,311.14",0.09,"17,981,311.14","190,359.00",94.46,United States,NASDAQ,USD,1.00,USD,-
TFC,TRUIST FINANCIAL,Financials,Equity,"17,963,556.45",0.09,"17,963,556.45","339,897.00",52.85,United States,NYSE,USD,1.00,USD,-
APD,AIR PRODUCTS AND CHEMICALS,Materials,Equity,"17,620,709.17",0.09,"17,620,709.17","59,713.00",295.09,United States,NYSE,USD,1.00,USD,-
HONA,HONEYWELL AEROSPACE INC,Industrials,Equity,"17,621,172.84",0.09,"17,621,172.84","86,531.00",203.64,United States,NASDAQ,USD,1.00,USD,-
MPWR,MONOLITHIC POWER SYSTEMS INC,Information Technology,Equity,"17,348,296.77",0.09,"17,348,296.77","12,894.00","1,345.45",United States,NASDAQ,USD,1.00,USD,-
AJG,ARTHUR J GALLAGHER,Financials,Equity,"17,342,407.55",0.09,"17,342,407.55","69,085.00",251.03,United States,NYSE,USD,1.00,USD,-
ABNB,AIRBNB CLASS A,Consumer Discretionary,Equity,"17,195,992.32",0.08,"17,195,992.32","112,768.00",152.49,United States,NASDAQ,USD,1.00,USD,-
BE,BLOOM ENERGY CLASS A,Industrials,Equity,"17,150,612.70",0.08,"17,150,612.70","73,190.00",234.33,United States,NYSE,USD,1.00,USD,-
WBD,WARNER BROS. DISCOVERY SERIES A,Communication,Equity,"17,037,202.98",0.08,"17,037,202.98","656,034.00",25.97,United States,NASDAQ,USD,1.00,USD,-
BKR,BAKER HUGHES CLASS A,Energy,Equity,"16,829,496.32",0.08,"16,829,496.32","272,896.00",61.67,United States,NASDAQ,USD,1.00,USD,-
DAL,DELTA AIR LINES,Industrials,Equity,"16,739,307.08",0.08,"16,739,307.08","179,722.00",93.14,United States,NYSE,USD,1.00,USD,-
HCA,HCA HEALTHCARE,Health Care,Equity,"16,682,998.64",0.08,"16,682,998.64","40,726.00",409.64,United States,NYSE,USD,1.00,USD,-
TER,TERADYNE,Information Technology,Equity,"16,660,051.15",0.08,"16,660,051.15","42,785.00",389.39,United States,NASDAQ,USD,1.00,USD,-
KMI,KINDER MORGAN,Energy,Equity,"16,620,756.32",0.08,"16,620,756.32","534,086.00",31.12,United States,NYSE,USD,1.00,USD,-
NUE,NUCOR CORP,Materials,Equity,"16,513,797.18",0.08,"16,513,797.18","60,107.00",274.74,United States,NYSE,USD,1.00,USD,-
FIX,COMFORT SYSTEMS USA,Industrials,Equity,"16,465,023.00",0.08,"16,465,023.00","9,479.00","1,737.00",United States,NYSE,USD,1.00,USD,-
D,DOMINION ENERGY INC,Utilities,Equity,"16,381,113.42",0.08,"16,381,113.42","239,946.00",68.27,United States,NYSE,USD,1.00,USD,-
LITE,LUMENTUM HOLDINGS,Information Technology,Equity,"16,007,134.98",0.08,"16,007,134.98","19,373.00",826.26,United States,NASDAQ,USD,1.00,USD,-
COR,CENCORA,Health Care,Equity,"15,995,501.28",0.08,"15,995,501.28","50,424.00",317.22,United States,NYSE,USD,1.00,USD,-
COHR,COHERENT,Information Technology,Equity,"15,927,531.94",0.08,"15,927,531.94","48,527.00",328.22,United States,NYSE,USD,1.00,USD,-
O,REALTY INCOME REIT,Real Estate,Equity,"15,894,261.90",0.08,"15,894,261.90","253,497.00",62.70,United States,NYSE,USD,1.00,USD,-
AME,AMETEK INC,Industrials,Equity,"15,887,852.64",0.08,"15,887,852.64","62,364.00",254.76,United States,NYSE,USD,1.00,USD,-
FAST,FASTENAL,Industrials,Equity,"15,712,356.90",0.08,"15,712,356.90","314,310.00",49.99,United States,NASDAQ,USD,1.00,USD,-
CIEN,CIENA,Information Technology,Equity,"15,681,083.48",0.08,"15,681,083.48","38,356.00",408.83,United States,NYSE,USD,1.00,USD,-
KEYS,KEYSIGHT TECHNOLOGIES,Information Technology,Equity,"15,645,763.24",0.08,"15,645,763.24","46,562.00",336.02,United States,NYSE,USD,1.00,USD,-
SPCX,SPACE EXPLORATION TECHNOLOGIES COR,Communication,Equity,"15,619,355.01",0.08,"15,619,355.01","144,263.00",108.27,United States,NASDAQ,USD,1.00,USD,-
AFL,AFLAC,Financials,Equity,"15,589,404.04",0.08,"15,589,404.04","124,159.00",125.56,United States,NYSE,USD,1.00,USD,-
CAH,CARDINAL HEALTH INC,Health Care,Equity,"15,273,639.35",0.08,"15,273,639.35","63,845.00",239.23,United States,NYSE,USD,1.00,USD,-
GWW,WW GRAINGER INC,Industrials,Equity,"15,230,649.64",0.07,"15,230,649.64","11,852.00","1,285.07",United States,NYSE,USD,1.00,USD,-
SRE,SEMPRA,Utilities,Equity,"15,218,820.24",0.07,"15,218,820.24","179,764.00",84.66,United States,NYSE,USD,1.00,USD,-
TRGP,TARGA RESOURCES,Energy,Equity,"15,100,165.83",0.07,"15,100,165.83","58,053.00",260.11,United States,NYSE,USD,1.00,USD,-
PSA,PUBLIC STORAGE REIT,Real Estate,Equity,"15,055,348.62",0.07,"15,055,348.62","45,993.00",327.34,United States,NYSE,USD,1.00,USD,-
F,FORD MOTOR CO,Consumer Discretionary,Equity,"14,986,221.48",0.07,"14,986,221.48","1,060,596.00",14.13,United States,NYSE,USD,1.00,USD,-
OKE,ONEOK,Energy,Equity,"14,961,747.24",0.07,"14,961,747.24","171,501.00",87.24,United States,NYSE,USD,1.00,USD,-
APO,APOLLO GLOBAL MANAGEMENT,Financials,Equity,"14,931,257.64",0.07,"14,931,257.64","115,086.00",129.74,United States,NYSE,USD,1.00,USD,-
LHX,L3HARRIS TECHNOLOGIES,Industrials,Equity,"14,688,542.44",0.07,"14,688,542.44","51,337.00",286.12,United States,NYSE,USD,1.00,USD,-
LNG,CHENIERE ENERGY INC,Energy,Equity,"14,541,700.80",0.07,"14,541,700.80","57,080.00",254.76,United States,NYSE,USD,1.00,USD,-
CTVA,CORTEVA,Materials,Equity,"14,380,010.63",0.07,"14,380,010.63","182,789.00",78.67,United States,NYSE,USD,1.00,USD,-
FITB,FIFTH THIRD BANCORP,Financials,Equity,"14,236,358.40",0.07,"14,236,358.40","247,159.00",57.60,United States,NYSE,USD,1.00,USD,-
MET,METLIFE,Financials,Equity,"14,184,488.56",0.07,"14,184,488.56","147,356.00",96.26,United States,NYSE,USD,1.00,USD,-
PYPL,PAYPAL HOLDINGS INC,Financials,Equity,"14,149,054.92",0.07,"14,149,054.92","244,244.00",57.93,United States,NASDAQ,USD,1.00,USD,-
AMP,AMERIPRISE FINANCE INC,Financials,Equity,"14,044,263.99",0.07,"14,044,263.99","25,033.00",561.03,United States,NYSE,USD,1.00,USD,-
CARR,CARRIER GLOBAL,Industrials,Equity,"13,931,617.32",0.07,"13,931,617.32","212,924.00",65.43,United States,NYSE,USD,1.00,USD,-
ROK,ROCKWELL AUTOMATION INC,Industrials,Equity,"13,880,442.10",0.07,"13,880,442.10","30,842.00",450.05,United States,NYSE,USD,1.00,USD,-
EW,EDWARDS LIFESCIENCES,Health Care,Equity,"13,827,806.37",0.07,"13,827,806.37","155,421.00",88.97,United States,NYSE,USD,1.00,USD,-
ADSK,AUTODESK,Information Technology,Equity,"13,818,527.10",0.07,"13,818,527.10","57,570.00",240.03,United States,NASDAQ,USD,1.00,USD,-
AZO,AUTOZONE INC,Consumer Discretionary,Equity,"13,757,411.22",0.07,"13,757,411.22","4,487.00","3,066.06",United States,NYSE,USD,1.00,USD,-
NU,NU HOLDINGS CLASS A,Financials,Equity,"13,691,216.48",0.07,"13,691,216.48","945,526.00",14.48,Brazil,NYSE,USD,1.00,USD,-
STT,STATE STREET,Financials,Equity,"13,645,484.55",0.07,"13,645,484.55","72,951.00",187.05,United States,NYSE,USD,1.00,USD,-
WAB,WESTINGHOUSE AIR BRAKE TECHNOLOGIE,Industrials,Equity,"13,600,332.69",0.07,"13,600,332.69","45,899.00",296.31,United States,NYSE,USD,1.00,USD,-
NKE,NIKE CLASS B,Consumer Discretionary,Equity,"13,593,721.05",0.07,"13,593,721.05","320,229.00",42.45,United States,NYSE,USD,1.00,USD,-
EBAY,EBAY,Consumer Discretionary,Equity,"13,470,046.20",0.07,"13,470,046.20","121,188.00",111.15,United States,NASDAQ,USD,1.00,USD,-
GRMN,GARMIN LTD,Consumer Discretionary,Equity,"13,425,958.80",0.07,"13,425,958.80","44,376.00",302.55,United States,NYSE,USD,1.00,USD,-
ETR,ENTERGY CORP,Utilities,Equity,"13,329,609.54",0.07,"13,329,609.54","124,739.00",106.86,United States,NYSE,USD,1.00,USD,-
ALAB,ASTERA LABS,Information Technology,Equity,"13,293,178.78",0.07,"13,293,178.78","41,746.00",318.43,United States,NASDAQ,USD,1.00,USD,-
BDX,BECTON DICKINSON,Health Care,Equity,"13,229,221.88",0.07,"13,229,221.88","77,518.00",170.66,United States,NYSE,USD,1.00,USD,-
FERG,FERGUSON ENTERPRISES INC,Industrials,Equity,"13,228,841.75",0.07,"13,228,841.75","51,827.00",255.25,United States,NYSE,USD,1.00,USD,-
XEL,XCEL ENERGY INC,Utilities,Equity,"13,142,759.60",0.06,"13,142,759.60","170,243.00",77.20,United States,NASDAQ,USD,1.00,USD,-
CVNA,CARVANA CLASS A,Consumer Discretionary,Equity,"13,133,873.88",0.06,"13,133,873.88","189,031.00",69.48,United States,NYSE,USD,1.00,USD,-
VST,VISTRA,Utilities,Equity,"13,032,468.90",0.06,"13,032,468.90","92,705.00",140.58,United States,NYSE,USD,1.00,USD,-
DVN,DEVON ENERGY,Energy,Equity,"12,936,445.68",0.06,"12,936,445.68","307,352.00",42.09,United States,NYSE,USD,1.00,USD,-
AXON,AXON ENTERPRISE,Industrials,Equity,"12,851,706.14",0.06,"12,851,706.14","21,086.00",609.49,United States,NASDAQ,USD,1.00,USD,-
EXC,EXELON CORP,Utilities,Equity,"12,753,037.44",0.06,"12,753,037.44","278,694.00",45.76,United States,NASDAQ,USD,1.00,USD,-
IDXX,IDEXX LABORATORIES INC,Health Care,Equity,"12,733,584.50",0.06,"12,733,584.50","21,775.00",584.78,United States,NASDAQ,USD,1.00,USD,-
VTR,VENTAS REIT,Real Estate,Equity,"12,220,714.69",0.06,"12,220,714.69","132,073.00",92.53,United States,NYSE,USD,1.00,USD,-
FLEX,FLEX LTD,Information Technology,Equity,"12,171,180.56",0.06,"12,171,180.56","99,862.00",121.88,United States,NASDAQ,USD,1.00,USD,-
AU,ANGLOGOLD ASHANTI PLC,Materials,Equity,"12,078,660.80",0.06,"12,078,660.80","136,328.00",88.60,South Africa,NYSE,USD,1.00,USD,-
CBRE,CBRE GROUP CLASS A,Real Estate,Equity,"12,024,475.68",0.06,"12,024,475.68","79,548.00",151.16,United States,NYSE,USD,1.00,USD,-
CMG,CHIPOTLE MEXICAN GRILL,Consumer Discretionary,Equity,"12,011,692.50",0.06,"12,011,692.50","348,165.00",34.50,United States,NYSE,USD,1.00,USD,-
HUM,HUMANA,Health Care,Equity,"11,953,669.92",0.06,"11,953,669.92","32,856.00",363.82,United States,NYSE,USD,1.00,USD,-
XYZ,BLOCK CLASS A,Financials,Equity,"11,954,800.20",0.06,"11,954,800.20","141,981.00",84.20,United States,NYSE,USD,1.00,USD,-
UAL,UNITED AIRLINES HOLDINGS,Industrials,Equity,"11,814,976.20",0.06,"11,814,976.20","88,995.00",132.76,United States,NASDAQ,USD,1.00,USD,-
TTWO,TAKE TWO INTERACTIVE SOFTWARE,Communication,Equity,"11,704,625.66",0.06,"11,704,625.66","49,826.00",234.91,United States,NASDAQ,USD,1.00,USD,-
AIG,AMERICAN INTERNATIONAL GROUP,Financials,Equity,"11,619,002.40",0.06,"11,619,002.40","145,020.00",80.12,United States,NYSE,USD,1.00,USD,-
YUM,YUM BRANDS,Consumer Discretionary,Equity,"11,482,450.83",0.06,"11,482,450.83","75,359.00",152.37,United States,NYSE,USD,1.00,USD,-
NDAQ,NASDAQ INC,Financials,Equity,"11,476,368.96",0.06,"11,476,368.96","121,366.00",94.56,United States,NASDAQ,USD,1.00,USD,-
PRU,PRUDENTIAL FINANCIAL INC,Financials,Equity,"11,399,218.72",0.06,"11,399,218.72","94,867.00",120.16,United States,NYSE,USD,1.00,USD,-
MCHP,MICROCHIP TECHNOLOGY INC,Information Technology,Equity,"11,310,666.00",0.06,"11,310,666.00","145,400.00",77.79,United States,NASDAQ,USD,1.00,USD,-
RSG,REPUBLIC SERVICES INC,Industrials,Equity,"11,230,835.00",0.06,"11,230,835.00","54,250.00",207.02,United States,NYSE,USD,1.00,USD,-
ROP,ROPER TECHNOLOGIES,Information Technology,Equity,"11,000,285.46",0.05,"11,000,285.46","27,882.00",394.53,United States,NASDAQ,USD,1.00,USD,-
ODFL,OLD DOMINION FREIGHT LINE,Industrials,Equity,"10,966,405.00",0.05,"10,966,405.00","50,900.00",215.45,United States,NASDAQ,USD,1.00,USD,-
MSCI,MSCI INC,Financials,Equity,"10,961,032.29",0.05,"10,961,032.29","19,167.00",571.87,United States,NYSE,USD,1.00,USD,-
RKLB,ROCKET LAB CORP,Industrials,Equity,"10,958,212.02",0.05,"10,958,212.02","146,461.00",74.82,United States,NASDAQ,USD,1.00,USD,-
SYY,SYSCO,Consumer Staples,Equity,"10,920,942.27",0.05,"10,920,942.27","129,687.00",84.21,United States,NYSE,USD,1.00,USD,-
ED,CONSOLIDATED EDISON,Utilities,Equity,"10,887,351.52",0.05,"10,887,351.52","100,511.00",108.32,United States,NYSE,USD,1.00,USD,-
IQV,IQVIA HOLDINGS INC,Health Care,Equity,"10,878,836.35",0.05,"10,878,836.35","46,087.00",236.05,United States,NYSE,USD,1.00,USD,-
A,AGILENT TECHNOLOGIES INC,Health Care,Equity,"10,867,586.65",0.05,"10,867,586.65","77,015.00",141.11,United States,NYSE,USD,1.00,USD,-
KDP,KEURIG DR PEPPER INC,Consumer Staples,Equity,"10,841,958.00",0.05,"10,841,958.00","352,584.00",30.75,United States,NASDAQ,USD,1.00,USD,-
HIG,HARTFORD INSURANCE GROUP,Financials,Equity,"10,716,437.20",0.05,"10,716,437.20","74,627.00",143.60,United States,NYSE,USD,1.00,USD,-
WAT,WATERS CORP,Health Care,Equity,"10,679,600.00",0.05,"10,679,600.00","26,699.00",400.00,United States,NYSE,USD,1.00,USD,-
OXY,OCCIDENTAL PETROLEUM CORP,Energy,Equity,"10,639,958.92",0.05,"10,639,958.92","197,732.00",53.81,United States,NYSE,USD,1.00,USD,-
IBKR,INTERACTIVE BROKERS GROUP INC CLAS,Financials,Equity,"10,562,455.98",0.05,"10,562,455.98","119,027.00",88.74,United States,NASDAQ,USD,1.00,USD,-
CCL,CARNIVAL CORP LTD,Consumer Discretionary,Equity,"10,388,386.77",0.05,"10,388,386.77","350,131.00",29.67,United States,NYSE,USD,1.00,USD,-
DHI,D R HORTON INC,Consumer Discretionary,Equity,"10,379,777.20",0.05,"10,379,777.20","68,536.00",151.45,United States,NYSE,USD,1.00,USD,-
PAYX,PAYCHEX,Industrials,Equity,"10,364,591.45",0.05,"10,364,591.45","87,635.00",118.27,United States,NASDAQ,USD,1.00,USD,-
RVMD,REVOLUTION MEDICINES,Health Care,Equity,"10,290,970.70",0.05,"10,290,970.70","52,159.00",197.30,United States,NASDAQ,USD,1.00,USD,-
KVUE,KENVUE,Consumer Staples,Equity,"10,266,186.07",0.05,"10,266,186.07","521,921.00",19.67,United States,NYSE,USD,1.00,USD,-
PEG,PUBLIC SERVICE ENTERPRISE GROUP IN,Utilities,Equity,"10,263,695.34",0.05,"10,263,695.34","135,871.00",75.54,United States,NYSE,USD,1.00,USD,-
PCG,PG&E CORP,Utilities,Equity,"10,247,691.20",0.05,"10,247,691.20","595,796.00",17.20,United States,NYSE,USD,1.00,USD,-
NTRA,NATERA,Health Care,Equity,"10,224,651.84",0.05,"10,224,651.84","37,232.00",274.62,United States,NASDAQ,USD,1.00,USD,-
IRM,IRON MOUNTAIN INC,Real Estate,Equity,"10,197,605.82",0.05,"10,197,605.82","80,214.00",127.13,United States,NYSE,USD,1.00,USD,-
KMB,KIMBERLY CLARK,Consumer Staples,Equity,"10,161,281.99",0.05,"10,161,281.99","90,427.00",112.37,United States,NASDAQ,USD,1.00,USD,-
VMC,VULCAN MATERIALS,Materials,Equity,"10,135,885.65",0.05,"10,135,885.65","35,345.00",286.77,United States,NYSE,USD,1.00,USD,-
ADM,ARCHER DANIELS MIDLAND,Consumer Staples,Equity,"10,125,664.02",0.05,"10,125,664.02","130,519.00",77.58,United States,NYSE,USD,1.00,USD,-
CRDO,CREDO TECHNOLOGY GROUP HOLDING LTD,Information Technology,Equity,"10,088,582.56",0.05,"10,088,582.56","44,912.00",224.63,United States,NASDAQ,USD,1.00,USD,-
MTB,M&T BANK,Financials,Equity,"10,081,631.04",0.05,"10,081,631.04","40,016.00",251.94,United States,NYSE,USD,1.00,USD,-
NTAP,NETAPP INC,Information Technology,Equity,"9,997,281.60",0.05,"9,997,281.60","53,576.00",186.60,United States,NASDAQ,USD,1.00,USD,-
EXPE,EXPEDIA GROUP,Consumer Discretionary,Equity,"9,948,138.86",0.05,"9,948,138.86","31,121.00",319.66,United States,NASDAQ,USD,1.00,USD,-
EME,EMCOR GROUP INC,Industrials,Equity,"9,900,450.72",0.05,"9,900,450.72","12,042.00",822.16,United States,NYSE,USD,1.00,USD,-
FANG,DIAMONDBACK ENERGY,Energy,Equity,"9,722,355.91",0.05,"9,722,355.91","52,223.00",186.17,United States,NASDAQ,USD,1.00,USD,-
STLD,STEEL DYNAMICS INC,Materials,Equity,"9,722,433.76",0.05,"9,722,433.76","36,556.00",265.96,United States,NASDAQ,USD,1.00,USD,-
HBAN,HUNTINGTON BANCSHARES INC,Financials,Equity,"9,661,115.20",0.05,"9,661,115.20","548,927.00",17.60,United States,NASDAQ,USD,1.00,USD,-
WEC,WEC ENERGY GROUP INC,Utilities,Equity,"9,631,026.12",0.05,"9,631,026.12","88,962.00",108.26,United States,NYSE,USD,1.00,USD,-
JBL,JABIL,Information Technology,Equity,"9,616,469.38",0.05,"9,616,469.38","28,399.00",338.62,United States,NYSE,USD,1.00,USD,-
IR,INGERSOLL RAND INC,Industrials,Equity,"9,585,990.00",0.05,"9,585,990.00","106,511.00",90.00,United States,NYSE,USD,1.00,USD,-
WDAY,WORKDAY CLASS A,Information Technology,Equity,"9,561,020.32",0.05,"9,561,020.32","56,032.00",170.63,United States,NASDAQ,USD,1.00,USD,-
ACGL,ARCH CAPITAL GROUP,Financials,Equity,"9,392,939.28",0.05,"9,392,939.28","94,792.00",99.09,United States,NASDAQ,USD,1.00,USD,-
NTRS,NORTHERN TRUST,Financials,Equity,"9,351,384.84",0.05,"9,351,384.84","50,718.00",184.38,United States,NASDAQ,USD,1.00,USD,-
MLM,MARTIN MARIETTA MATERIALS,Materials,Equity,"9,040,405.69",0.04,"9,040,405.69","16,337.00",553.37,United States,NYSE,USD,1.00,USD,-
RMD,RESMED,Health Care,Equity,"8,960,975.97",0.04,"8,960,975.97","39,999.00",224.03,United States,NYSE,USD,1.00,USD,-
CNC,CENTENE CORP,Health Care,Equity,"8,947,251.39",0.04,"8,947,251.39","133,561.00",66.99,United States,NYSE,USD,1.00,USD,-
SUNB,SUNBELT RENTALS HOLDINGS INC,Industrials,Equity,"8,937,693.90",0.04,"8,937,693.90","111,861.00",79.90,United Kingdom,NYSE,USD,1.00,USD,-
COIN,COINBASE GLOBAL INC CLASS A,Financials,Equity,"8,920,403.57",0.04,"8,920,403.57","59,513.00",149.89,United States,NASDAQ,USD,1.00,USD,-
WTW,WILLIS TOWERS WATSON,Financials,Equity,"8,841,206.64",0.04,"8,841,206.64","26,152.00",338.07,United States,NASDAQ,USD,1.00,USD,-
MSTR,STRATEGY INC CLASS A,Information Technology,Equity,"8,778,342.06",0.04,"8,778,342.06","89,238.00",98.37,United States,NASDAQ,USD,1.00,USD,-
RJF,RAYMOND JAMES,Financials,Equity,"8,772,202.30",0.04,"8,772,202.30","48,586.00",180.55,United States,NYSE,USD,1.00,USD,-
TPR,TAPESTRY,Consumer Discretionary,Equity,"8,749,343.52",0.04,"8,749,343.52","54,972.00",159.16,United States,NYSE,USD,1.00,USD,-
CCI,CROWN CASTLE INC,Real Estate,Equity,"8,746,348.00",0.04,"8,746,348.00","118,450.00",73.84,United States,NYSE,USD,1.00,USD,-
GEHC,GE HEALTHCARE TECHNOLOGIES,Health Care,Equity,"8,721,700.80",0.04,"8,721,700.80","124,170.00",70.24,United States,NASDAQ,USD,1.00,USD,-
VEEV,VEEVA SYSTEMS CLASS A,Health Care,Equity,"8,650,998.18",0.04,"8,650,998.18","40,518.00",213.51,United States,NYSE,USD,1.00,USD,-
TDY,TELEDYNE TECHNOLOGIES INC,Information Technology,Equity,"8,647,817.04",0.04,"8,647,817.04","12,648.00",683.73,United States,NYSE,USD,1.00,USD,-
EXR,EXTRA SPACE STORAGE REIT INC,Real Estate,Equity,"8,614,996.72",0.04,"8,614,996.72","57,418.00",150.04,United States,NYSE,USD,1.00,USD,-
KR,KROGER,Consumer Staples,Equity,"8,614,226.40",0.04,"8,614,226.40","151,980.00",56.68,United States,NYSE,USD,1.00,USD,-
DXCM,DEXCOM INC,Health Care,Equity,"8,584,654.30",0.04,"8,584,654.30","103,855.00",82.66,United States,NASDAQ,USD,1.00,USD,-
ZTS,ZOETIS INC CLASS A,Health Care,Equity,"8,537,889.08",0.04,"8,537,889.08","114,772.00",74.39,United States,NYSE,USD,1.00,USD,-
CRWV,COREWEAVE CLASS A,Information Technology,Equity,"8,525,167.60",0.04,"8,525,167.60","94,840.00",89.89,United States,NASDAQ,USD,1.00,USD,-
CASY,CASEYS GENERAL STORES INC,Consumer Staples,Equity,"8,480,839.84",0.04,"8,480,839.84","9,944.00",852.86,United States,NASDAQ,USD,1.00,USD,-
CFG,CITIZENS FINANCIAL GROUP INC,Financials,Equity,"8,478,867.20",0.04,"8,478,867.20","115,202.00",73.60,United States,NYSE,USD,1.00,USD,-
EQT,EQT,Energy,Equity,"8,447,058.55",0.04,"8,447,058.55","164,885.00",51.23,United States,NYSE,USD,1.00,USD,-
ILMN,ILLUMINA INC,Health Care,Equity,"8,341,574.45",0.04,"8,341,574.45","41,735.00",199.87,United States,NASDAQ,USD,1.00,USD,-
ALNY,ALNYLAM PHARMACEUTICALS,Health Care,Equity,"8,312,142.24",0.04,"8,312,142.24","36,342.00",228.72,United States,NASDAQ,USD,1.00,USD,-
BIIB,BIOGEN INC,Health Care,Equity,"8,274,291.72",0.04,"8,274,291.72","40,044.00",206.63,United States,NASDAQ,USD,1.00,USD,-
ON,ON SEMICONDUCTOR CORP,Information Technology,Equity,"8,240,368.13",0.04,"8,240,368.13","107,143.00",76.91,United States,NASDAQ,USD,1.00,USD,-
AEE,AMEREN,Utilities,Equity,"8,211,561.50",0.04,"8,211,561.50","75,370.00",108.95,United States,NYSE,USD,1.00,USD,-
MDB,MONGODB CLASS A,Information Technology,Equity,"8,079,320.12",0.04,"8,079,320.12","21,467.00",376.36,United States,NASDAQ,USD,1.00,USD,-
CBOE,CBOE GLOBAL MARKETS,Financials,Equity,"8,025,675.84",0.04,"8,025,675.84","28,184.00",284.76,United States,Cboe BZX,USD,1.00,USD,-
DTE,DTE ENERGY,Utilities,Equity,"7,956,290.54",0.04,"7,956,290.54","56,969.00",139.66,United States,NYSE,USD,1.00,USD,-
XYL,XYLEM INC,Industrials,Equity,"7,909,086.00",0.04,"7,909,086.00","64,696.00",122.25,United States,NYSE,USD,1.00,USD,-
VICI,VICI PPTYS INC,Real Estate,Equity,"7,891,699.20",0.04,"7,891,699.20","298,928.00",26.40,United States,NYSE,USD,1.00,USD,-
LYV,LIVE NATION ENTERTAINMENT,Communication,Equity,"7,865,483.68",0.04,"7,865,483.68","42,859.00",183.52,United States,NYSE,USD,1.00,USD,-
TWLO,TWILIO CLASS A,Information Technology,Equity,"7,789,277.86",0.04,"7,789,277.86","40,313.00",193.22,United States,NYSE,USD,1.00,USD,-
WSM,WILLIAMS SONOMA INC,Consumer Discretionary,Equity,"7,784,806.40",0.04,"7,784,806.40","31,360.00",248.24,United States,NYSE,USD,1.00,USD,-
LPLA,LPL FINANCIAL HOLDINGS,Financials,Equity,"7,780,750.56",0.04,"7,780,750.56","21,618.00",359.92,United States,NASDAQ,USD,1.00,USD,-
MTD,METTLER TOLEDO,Health Care,Equity,"7,770,028.32",0.04,"7,770,028.32","5,466.00","1,421.52",United States,NYSE,USD,1.00,USD,-
FISV,FISERV INC,Financials,Equity,"7,764,730.89",0.04,"7,764,730.89","143,499.00",54.11,United States,NASDAQ,USD,1.00,USD,-
ATO,ATMOS ENERGY,Utilities,Equity,"7,742,628.60",0.04,"7,742,628.60","44,963.00",172.20,United States,NYSE,USD,1.00,USD,-
Q,QNITY ELECTRONICS,Information Technology,Equity,"7,727,953.36",0.04,"7,727,953.36","56,974.00",135.64,United States,NYSE,USD,1.00,USD,-
CW,CURTISS WRIGHT,Industrials,Equity,"7,689,164.34",0.04,"7,689,164.34","10,274.00",748.41,United States,NYSE,USD,1.00,USD,-
DG,DOLLAR GENERAL CORP,Consumer Staples,Equity,"7,650,039.10",0.04,"7,650,039.10","60,265.00",126.94,United States,NYSE,USD,1.00,USD,-
DOV,DOVER CORP,Industrials,Equity,"7,645,515.20",0.04,"7,645,515.20","36,338.00",210.40,United States,NYSE,USD,1.00,USD,-
OTIS,OTIS WORLDWIDE,Industrials,Equity,"7,599,183.60",0.04,"7,599,183.60","103,956.00",73.10,United States,NYSE,USD,1.00,USD,-
FTI,TECHNIPFMC PLC,Energy,Equity,"7,597,187.25",0.04,"7,597,187.25","109,675.00",69.27,United States,NYSE,USD,1.00,USD,-
RF,REGIONS FINANCIAL,Financials,Equity,"7,567,228.08",0.04,"7,567,228.08","237,366.00",31.88,United States,NYSE,USD,1.00,USD,-
CRS,CARPENTER TECHNOLOGY,Industrials,Equity,"7,562,230.62",0.04,"7,562,230.62","13,258.00",570.39,United States,NYSE,USD,1.00,USD,-
ATI,ATI INC,Industrials,Equity,"7,553,791.08",0.04,"7,553,791.08","36,828.00",205.11,United States,NYSE,USD,1.00,USD,-
ES,EVERSOURCE ENERGY,Utilities,Equity,"7,523,110.70",0.04,"7,523,110.70","103,810.00",72.47,United States,NYSE,USD,1.00,USD,-
ARES,ARES MANAGEMENT CLASS A,Financials,Equity,"7,500,896.82",0.04,"7,500,896.82","53,666.00",139.77,United States,NYSE,USD,1.00,USD,-
CINF,CINCINNATI FINANCIAL,Financials,Equity,"7,413,131.84",0.04,"7,413,131.84","41,696.00",177.79,United States,NASDAQ,USD,1.00,USD,-
HUBB,HUBBELL INC,Industrials,Equity,"7,372,440.90",0.04,"7,372,440.90","14,355.00",513.58,United States,NYSE,USD,1.00,USD,-
CTSH,COGNIZANT TECHNOLOGY SOLUTIONS CLA,Information Technology,Equity,"7,367,478.18",0.04,"7,367,478.18","132,081.00",55.78,United States,NASDAQ,USD,1.00,USD,-
AVB,AVALONBAY COMMUNITIES REIT,Real Estate,Equity,"7,362,366.69",0.04,"7,362,366.69","38,829.00",189.61,United States,NYSE,USD,1.00,USD,-
P,EVERPURE INC CLASS A,Information Technology,Equity,"7,282,030.40",0.04,"7,282,030.40","86,960.00",83.74,United States,NYSE,USD,1.00,USD,-
ZM,ZOOM COMMUNICATIONS CLASS A,Information Technology,Equity,"7,271,743.20",0.04,"7,271,743.20","72,255.00",100.64,United States,NASDAQ,USD,1.00,USD,-
CNP,CENTERPOINT ENERGY,Utilities,Equity,"7,271,959.80",0.04,"7,271,959.80","178,892.00",40.65,United States,NYSE,USD,1.00,USD,-
SYF,SYNCHRONY FINANCIAL,Financials,Equity,"7,258,269.75",0.04,"7,258,269.75","91,587.00",79.25,United States,NYSE,USD,1.00,USD,-
PPG,PPG INDUSTRIES,Materials,Equity,"7,247,273.55",0.04,"7,247,273.55","60,835.00",119.13,United States,NYSE,USD,1.00,USD,-
HAL,HALLIBURTON,Energy,Equity,"7,219,194.32",0.04,"7,219,194.32","226,876.00",31.82,United States,NYSE,USD,1.00,USD,-
FE,FIRSTENERGY CORP,Utilities,Equity,"7,139,491.47",0.04,"7,139,491.47","149,393.00",47.79,United States,NYSE,USD,1.00,USD,-
AWK,AMERICAN WATER WORKS,Utilities,Equity,"7,137,714.48",0.04,"7,137,714.48","53,203.00",134.16,United States,NYSE,USD,1.00,USD,-
EIX,EDISON INTERNATIONAL,Utilities,Equity,"7,129,738.56",0.04,"7,129,738.56","104,358.00",68.32,United States,NYSE,USD,1.00,USD,-
PPL,PPL CORP,Utilities,Equity,"7,111,660.95",0.04,"7,111,660.95","203,481.00",34.95,United States,NYSE,USD,1.00,USD,-
DGX,QUEST DIAGNOSTICS INC,Health Care,Equity,"7,092,652.16",0.03,"7,092,652.16","30,074.00",235.84,United States,NYSE,USD,1.00,USD,-
HSY,HERSHEY FOODS,Consumer Staples,Equity,"7,071,680.82",0.03,"7,071,680.82","39,379.00",179.58,United States,NYSE,USD,1.00,USD,-
NVT,NVENT ELECTRIC PLC,Industrials,Equity,"7,060,730.96",0.03,"7,060,730.96","43,574.00",162.04,United States,NYSE,USD,1.00,USD,-
HPQ,HP INC,Information Technology,Equity,"7,052,910.44",0.03,"7,052,910.44","247,297.00",28.52,United States,NYSE,USD,1.00,USD,-
EQR,EQUITY RESIDENTIAL REIT,Real Estate,Equity,"7,030,734.60",0.03,"7,030,734.60","103,790.00",67.74,United States,NYSE,USD,1.00,USD,-
LH,LABCORP HOLDINGS,Health Care,Equity,"7,022,343.32",0.03,"7,022,343.32","22,367.00",313.96,United States,NYSE,USD,1.00,USD,-
CPRT,COPART INC,Industrials,Equity,"7,001,712.90",0.03,"7,001,712.90","242,190.00",28.91,United States,NASDAQ,USD,1.00,USD,-
CPAY,CORPAY,Financials,Equity,"6,861,271.23",0.03,"6,861,271.23","17,391.00",394.53,United States,NYSE,USD,1.00,USD,-
PHM,PULTEGROUP,Consumer Discretionary,Equity,"6,860,389.78",0.03,"6,860,389.78","51,578.00",133.01,United States,NYSE,USD,1.00,USD,-
SW,SMURFIT WESTROCK PLC,Materials,Equity,"6,857,099.37",0.03,"6,857,099.37","141,471.00",48.47,United States,NYSE,USD,1.00,USD,-
OKTA,OKTA CLASS A,Information Technology,Equity,"6,772,368.32",0.03,"6,772,368.32","46,058.00",147.04,United States,NASDAQ,USD,1.00,USD,-
CHD,CHURCH AND DWIGHT INC,Consumer Staples,Equity,"6,766,344.68",0.03,"6,766,344.68","65,287.00",103.64,United States,NYSE,USD,1.00,USD,-
QSR,RESTAURANTS BRANDS INTERNATIONAL,Consumer Discretionary,Equity,"6,754,827.69",0.03,"6,754,827.69","90,681.00",74.49,Canada,NYSE,USD,1.00,USD,-
VRSK,VERISK ANALYTICS,Industrials,Equity,"6,737,053.75",0.03,"6,737,053.75","35,693.00",188.75,United States,NASDAQ,USD,1.00,USD,-
FICO,FAIR ISAAC,Information Technology,Equity,"6,726,131.10",0.03,"6,726,131.10","6,162.00","1,091.55",United States,NYSE,USD,1.00,USD,-
PFG,PRINCIPAL FINANCIAL GROUP INC,Financials,Equity,"6,702,416.30",0.03,"6,702,416.30","58,358.00",114.85,United States,NASDAQ,USD,1.00,USD,-
WST,WEST PHARMACEUTICAL SERVICES,Health Care,Equity,"6,695,004.46",0.03,"6,695,004.46","19,073.00",351.02,United States,NYSE,USD,1.00,USD,-
NRG,NRG ENERGY INC,Utilities,Equity,"6,696,289.45",0.03,"6,696,289.45","55,465.00",120.73,United States,NYSE,USD,1.00,USD,-
TROW,T ROWE PRICE GROUP,Financials,Equity,"6,603,301.40",0.03,"6,603,301.40","57,430.00",114.98,United States,NASDAQ,USD,1.00,USD,-
VLTO,VERALTO CORP,Industrials,Equity,"6,587,448.00",0.03,"6,587,448.00","67,800.00",97.16,United States,NYSE,USD,1.00,USD,-
DLTR,DOLLAR TREE INC,Consumer Staples,Equity,"6,557,875.56",0.03,"6,557,875.56","50,931.00",128.76,United States,NASDAQ,USD,1.00,USD,-
FSLR,FIRST SOLAR,Information Technology,Equity,"6,545,152.00",0.03,"6,545,152.00","27,640.00",236.80,United States,NASDAQ,USD,1.00,USD,-
VRSN,VERISIGN,Information Technology,Equity,"6,516,636.10",0.03,"6,516,636.10","22,210.00",293.41,United States,NASDAQ,USD,1.00,USD,-
RPRX,ROYALTY PHARMA PLC CLASS A,Health Care,Equity,"6,515,181.75",0.03,"6,515,181.75","112,817.00",57.75,United States,NASDAQ,USD,1.00,USD,-
DRI,DARDEN RESTAURANTS INC,Consumer Discretionary,Equity,"6,464,325.20",0.03,"6,464,325.20","30,952.00",208.85,United States,NYSE,USD,1.00,USD,-
EXPD,EXPEDITORS INTERNATIONAL OF WASHIN,Industrials,Equity,"6,445,860.12",0.03,"6,445,860.12","35,532.00",181.41,United States,NYSE,USD,1.00,USD,-
FFIV,F5 INC,Information Technology,Equity,"6,384,097.72",0.03,"6,384,097.72","15,521.00",411.32,United States,NASDAQ,USD,1.00,USD,-
MKL,MARKEL GROUP,Financials,Equity,"6,364,643.67",0.03,"6,364,643.67","3,389.00","1,878.03",United States,NYSE,USD,1.00,USD,-
ULTA,ULTA BEAUTY INC,Consumer Discretionary,Equity,"6,357,114.48",0.03,"6,357,114.48","11,784.00",539.47,United States,NASDAQ,USD,1.00,USD,-
OMC,OMNICOM GROUP INC,Communication,Equity,"6,307,276.61",0.03,"6,307,276.61","77,191.00",81.71,United States,NYSE,USD,1.00,USD,-
TPL,TEXAS PACIFIC LAND,Energy,Equity,"6,302,929.40",0.03,"6,302,929.40","16,505.00",381.88,United States,NYSE,USD,1.00,USD,-
SOFI,SOFI TECHNOLOGIES,Financials,Equity,"6,281,540.50",0.03,"6,281,540.50","344,194.00",18.25,United States,NASDAQ,USD,1.00,USD,-
RBLX,ROBLOX CORP CLASS A,Communication,Equity,"6,272,161.28",0.03,"6,272,161.28","173,312.00",36.19,United States,NYSE,USD,1.00,USD,-
FTAI,FTAI AVIATION,Industrials,Equity,"6,239,158.51",0.03,"6,239,158.51","27,887.00",223.73,United States,NASDAQ,USD,1.00,USD,-
STE,STERIS,Health Care,Equity,"6,231,275.67",0.03,"6,231,275.67","26,777.00",232.71,United States,NYSE,USD,1.00,USD,-
THC,TENET HEALTHCARE CORP,Health Care,Equity,"6,221,559.80",0.03,"6,221,559.80","23,770.00",261.74,United States,NYSE,USD,1.00,USD,-
BURL,BURLINGTON STORES,Consumer Discretionary,Equity,"6,196,786.52",0.03,"6,196,786.52","16,778.00",369.34,United States,NYSE,USD,1.00,USD,-
XPO,XPO INC,Industrials,Equity,"6,167,545.80",0.03,"6,167,545.80","30,810.00",200.18,United States,NYSE,USD,1.00,USD,-
IFF,INTERNATIONAL FLAVORS & FRAGRANCES,Materials,Equity,"6,144,203.55",0.03,"6,144,203.55","69,765.00",88.07,United States,NYSE,USD,1.00,USD,-
WWD,WOODWARD,Industrials,Equity,"6,119,552.32",0.03,"6,119,552.32","16,394.00",373.28,United States,NASDAQ,USD,1.00,USD,-
USFD,US FOODS HOLDING,Consumer Staples,Equity,"6,096,426.83",0.03,"6,096,426.83","60,667.00",100.49,United States,NYSE,USD,1.00,USD,-
LUV,SOUTHWEST AIRLINES,Industrials,Equity,"6,083,722.68",0.03,"6,083,722.68","124,692.00",48.79,United States,NYSE,USD,1.00,USD,-
FIS,FIDELITY NATIONAL INFORMATION SERV,Financials,Equity,"6,079,638.60",0.03,"6,079,638.60","141,915.00",42.84,United States,NYSE,USD,1.00,USD,-
PKG,PACKAGING CORP OF AMERICA,Materials,Equity,"6,053,612.46",0.03,"6,053,612.46","23,646.00",256.01,United States,NYSE,USD,1.00,USD,-
IP,INTERNATIONAL PAPER,Materials,Equity,"6,049,397.25",0.03,"6,049,397.25","143,181.00",42.25,United States,NYSE,USD,1.00,USD,-
AFRM,AFFIRM HOLDINGS CLASS A,Financials,Equity,"6,030,968.79",0.03,"6,030,968.79","76,857.00",78.47,United States,NASDAQ,USD,1.00,USD,-
UTHR,UNITED THERAPEUTICS,Health Care,Equity,"6,025,187.09",0.03,"6,025,187.09","11,609.00",519.01,United States,NASDAQ,USD,1.00,USD,-
RS,RELIANCE STEEL & ALUMINUM,Materials,Equity,"5,989,441.92",0.03,"5,989,441.92","14,224.00",421.08,United States,NYSE,USD,1.00,USD,-
CMS,CMS ENERGY,Utilities,Equity,"5,986,141.03",0.03,"5,986,141.03","83,617.00",71.59,United States,NYSE,USD,1.00,USD,-
KHC,KRAFT HEINZ,Consumer Staples,Equity,"5,980,578.28",0.03,"5,980,578.28","232,436.00",25.73,United States,NASDAQ,USD,1.00,USD,-
AMCR,AMCOR PLC,Materials,Equity,"5,948,981.50",0.03,"5,948,981.50","124,586.00",47.75,United States,NYSE,USD,1.00,USD,-
ENTG,ENTEGRIS INC,Information Technology,Equity,"5,921,556.20",0.03,"5,921,556.20","40,684.00",145.55,United States,NASDAQ,USD,1.00,USD,-
SNA,SNAP ON INC,Industrials,Equity,"5,916,675.10",0.03,"5,916,675.10","14,126.00",418.85,United States,NYSE,USD,1.00,USD,-
INSM,INSMED INC,Health Care,Equity,"5,845,447.66",0.03,"5,845,447.66","59,033.00",99.02,United States,NASDAQ,USD,1.00,USD,-
EL,ESTEE LAUDER INC CLASS A,Consumer Staples,Equity,"5,803,014.72",0.03,"5,803,014.72","66,732.00",86.96,United States,NYSE,USD,1.00,USD,-
KEY,KEYCORP,Financials,Equity,"5,777,695.25",0.03,"5,777,695.25","250,225.00",23.09,United States,NYSE,USD,1.00,USD,-
EFX,EQUIFAX,Industrials,Equity,"5,730,292.59",0.03,"5,730,292.59","32,307.00",177.37,United States,NYSE,USD,1.00,USD,-
DOW,DOW,Materials,Equity,"5,711,475.00",0.03,"5,711,475.00","192,500.00",29.67,United States,NYSE,USD,1.00,USD,-
MKSI,MKS,Information Technology,Equity,"5,683,078.10",0.03,"5,683,078.10","18,151.00",313.10,United States,NASDAQ,USD,1.00,USD,-
GH,GUARDANT HEALTH,Health Care,Equity,"5,662,509.18",0.03,"5,662,509.18","34,701.00",163.18,United States,NASDAQ,USD,1.00,USD,-
RDDT,REDDIT CLASS A,Communication,Equity,"5,659,227.00",0.03,"5,659,227.00","36,450.00",155.26,United States,NYSE,USD,1.00,USD,-
MRNA,MODERNA INC,Health Care,Equity,"5,655,315.15",0.03,"5,655,315.15","100,530.00",56.26,United States,NASDAQ,USD,1.00,USD,-
EXE,EXPAND ENERGY,Energy,Equity,"5,642,737.42",0.03,"5,642,737.42","62,131.00",90.82,United States,NASDAQ,USD,1.00,USD,-
NI,NISOURCE,Utilities,Equity,"5,641,420.61",0.03,"5,641,420.61","131,471.00",42.91,United States,NYSE,USD,1.00,USD,-
BRO,BROWN & BROWN INC,Financials,Equity,"5,598,380.70",0.03,"5,598,380.70","78,906.00",70.95,United States,NYSE,USD,1.00,USD,-
DD,DUPONT DE NEMOURS,Industrials,Equity,"5,598,881.04",0.03,"5,598,881.04","37,992.00",147.37,United States,NYSE,USD,1.00,USD,-
JBHT,JB HUNT TRANSPORT SERVICES INC,Industrials,Equity,"5,588,984.68",0.03,"5,588,984.68","20,498.00",272.66,United States,NASDAQ,USD,1.00,USD,-
FWONK,LIBERTY MEDIA FORMULA ONE SERIES C,Communication,Equity,"5,556,684.60",0.03,"5,556,684.60","57,852.00",96.05,United States,NASDAQ,USD,1.00,USD,-
VTRS,VIATRIS,Health Care,Equity,"5,534,651.70",0.03,"5,534,651.70","313,578.00",17.65,United States,NASDAQ,USD,1.00,USD,-
SNX,TD SYNNEX,Information Technology,Equity,"5,506,318.17",0.03,"5,506,318.17","20,931.00",263.07,United States,NYSE,USD,1.00,USD,-
GPN,GLOBAL PAYMENTS INC,Financials,Equity,"5,487,795.36",0.03,"5,487,795.36","62,732.00",87.48,United States,NYSE,USD,1.00,USD,-
HEIA,HEICO CLASS A,Industrials,Equity,"5,440,047.36",0.03,"5,440,047.36","20,416.00",266.46,United States,NYSE,USD,1.00,USD,-
CPNG,COUPANG CLASS A,Consumer Discretionary,Equity,"5,435,696.00",0.03,"5,435,696.00","339,731.00",16.00,United States,NYSE,USD,1.00,USD,-
INCY,INCYTE CORP,Health Care,Equity,"5,421,908.40",0.03,"5,421,908.40","45,258.00",119.80,United States,NASDAQ,USD,1.00,USD,-
L,LOEWS,Financials,Equity,"5,383,414.62",0.03,"5,383,414.62","46,513.00",115.74,United States,NYSE,USD,1.00,USD,-
ZBH,ZIMMER BIOMET HOLDINGS,Health Care,Equity,"5,314,578.72",0.03,"5,314,578.72","54,142.00",98.16,United States,NYSE,USD,1.00,USD,-
ROKU,ROKU CLASS A,Communication,Equity,"5,252,497.36",0.03,"5,252,497.36","35,741.00",146.96,United States,NASDAQ,USD,1.00,USD,-
BAM,BROOKFIELD ASSET MANAGEMENT VOTING,Financials,Equity,"5,249,631.98",0.03,"5,249,631.98","99,746.00",52.63,Canada,NYSE,USD,1.00,USD,-
EVRG,EVERGY,Utilities,Equity,"5,245,571.24",0.03,"5,245,571.24","63,154.00",83.06,United States,NASDAQ,USD,1.00,USD,-
BR,BROADRIDGE FINANCIAL SOLUTIONS INC,Industrials,Equity,"5,239,251.42",0.03,"5,239,251.42","32,062.00",163.41,United States,NYSE,USD,1.00,USD,-
GIS,GENERAL MILLS INC,Consumer Staples,Equity,"5,236,330.41",0.03,"5,236,330.41","145,737.00",35.93,United States,NYSE,USD,1.00,USD,-
SBAC,SBA COMMUNICATIONS REIT CORP CLASS,Real Estate,Equity,"5,181,806.40",0.03,"5,181,806.40","29,046.00",178.40,United States,NASDAQ,USD,1.00,USD,-
FN,FABRINET,Information Technology,Equity,"5,177,289.08",0.03,"5,177,289.08","9,914.00",522.22,United States,NYSE,USD,1.00,USD,-
WY,WEYERHAEUSER REIT,Real Estate,Equity,"5,168,361.76",0.03,"5,168,361.76","200,014.00",25.84,United States,NYSE,USD,1.00,USD,-
VIK,VIKING HOLDINGS LTD,Consumer Discretionary,Equity,"5,146,355.62",0.03,"5,146,355.62","47,537.00",108.26,United States,NYSE,USD,1.00,USD,-
TEAM,ATLASSIAN CORP CLASS A,Information Technology,Equity,"5,134,755.84",0.03,"5,134,755.84","45,312.00",113.32,United States,NASDAQ,USD,1.00,USD,-
ZBRA,ZEBRA TECHNOLOGIES CORP CLASS A,Information Technology,Equity,"5,093,168.97",0.03,"5,093,168.97","13,803.00",368.99,United States,NASDAQ,USD,1.00,USD,-
FTV,FORTIVE,Industrials,Equity,"5,089,502.48",0.03,"5,089,502.48","82,972.00",61.34,United States,NYSE,USD,1.00,USD,-
INVH,INVITATION HOMES,Real Estate,Equity,"5,084,075.50",0.03,"5,084,075.50","166,691.00",30.50,United States,NYSE,USD,1.00,USD,-
EWBC,EAST WEST BANCORP,Financials,Equity,"5,068,563.50",0.02,"5,068,563.50","38,038.00",133.25,United States,NASDAQ,USD,1.00,USD,-
ESS,ESSEX PROPERTY TRUST REIT,Real Estate,Equity,"5,061,726.92",0.02,"5,061,726.92","17,573.00",288.04,United States,NYSE,USD,1.00,USD,-
LNT,ALLIANT ENERGY CORP,Utilities,Equity,"5,038,113.60",0.02,"5,038,113.60","71,768.00",70.20,United States,NASDAQ,USD,1.00,USD,-
CHRW,CH ROBINSON WORLDWIDE,Industrials,Equity,"4,993,075.20",0.02,"4,993,075.20","32,507.00",153.60,United States,NASDAQ,USD,1.00,USD,-
RGLD,ROYAL GOLD,Materials,Equity,"4,967,073.37",0.02,"4,967,073.37","23,093.00",215.09,United States,NASDAQ,USD,1.00,USD,-
GPC,GENUINE PARTS,Consumer Discretionary,Equity,"4,963,896.00",0.02,"4,963,896.00","37,800.00",131.32,United States,NYSE,USD,1.00,USD,-
ITT,ITT INC,Industrials,Equity,"4,960,572.56",0.02,"4,960,572.56","24,307.00",204.08,United States,NYSE,USD,1.00,USD,-
CDW,CDW,Information Technology,Equity,"4,954,636.50",0.02,"4,954,636.50","35,365.00",140.10,United States,NASDAQ,USD,1.00,USD,-
SCCO,SOUTHERN COPPER CORP,Materials,Equity,"4,945,291.00",0.02,"4,945,291.00","25,103.00",197.00,Peru,NYSE,USD,1.00,USD,-
LEN,LENNAR A CORP CLASS A,Consumer Discretionary,Equity,"4,926,025.52",0.02,"4,926,025.52","56,054.00",87.88,United States,NYSE,USD,1.00,USD,-
STZ,CONSTELLATION BRANDS CLASS A,Consumer Staples,Equity,"4,918,465.36",0.02,"4,918,465.36","37,649.00",130.64,United States,NYSE,USD,1.00,USD,-
CF,CF INDUSTRIES HOLDINGS INC,Materials,Equity,"4,894,117.14",0.02,"4,894,117.14","41,934.00",116.71,United States,NYSE,USD,1.00,USD,-
WCC,WESCO INTERNATIONAL,Industrials,Equity,"4,871,305.56",0.02,"4,871,305.56","13,057.00",373.08,United States,NYSE,USD,1.00,USD,-
RBA,RB GLOBAL,Industrials,Equity,"4,865,463.14",0.02,"4,865,463.14","50,878.00",95.63,Canada,NYSE,USD,1.00,USD,-
IEX,IDEX,Industrials,Equity,"4,862,592.62",0.02,"4,862,592.62","20,519.00",236.98,United States,NYSE,USD,1.00,USD,-
FCNCA,FIRST CITIZENS BANCSHARES INC CLAS,Financials,Equity,"4,850,362.44",0.02,"4,850,362.44","2,178.00","2,226.98",United States,NASDAQ,USD,1.00,USD,-
JLL,JONES LANG LASALLE,Real Estate,Equity,"4,844,281.96",0.02,"4,844,281.96","12,979.00",373.24,United States,NYSE,USD,1.00,USD,-
TSCO,TRACTOR SUPPLY,Consumer Discretionary,Equity,"4,839,271.45",0.02,"4,839,271.45","144,845.00",33.41,United States,NASDAQ,USD,1.00,USD,-
CDE,COEUR MINING,Materials,Equity,"4,828,859.49",0.02,"4,828,859.49","277,043.00",17.43,United States,NYSE,USD,1.00,USD,-
RBC,RBC BEARINGS,Industrials,Equity,"4,826,253.95",0.02,"4,826,253.95","8,435.00",572.17,United States,NYSE,USD,1.00,USD,-
HST,HOST HOTELS & RESORTS REIT,Real Estate,Equity,"4,799,025.84",0.02,"4,799,025.84","190,968.00",25.13,United States,NASDAQ,USD,1.00,USD,-
LSCC,LATTICE SEMICONDUCTOR,Information Technology,Equity,"4,786,091.31",0.02,"4,786,091.31","37,301.00",128.31,United States,NASDAQ,USD,1.00,USD,-
MTSI,MACOM TECHNOLOGY SOLUTIONS,Information Technology,Equity,"4,779,691.32",0.02,"4,779,691.32","18,142.00",263.46,United States,NASDAQ,USD,1.00,USD,-
ASTS,AST SPACEMOBILE CLASS A,Communication,Equity,"4,772,308.58",0.02,"4,772,308.58","69,791.00",68.38,United States,NASDAQ,USD,1.00,USD,-
J,JACOBS SOLUTIONS INC,Industrials,Equity,"4,761,089.70",0.02,"4,761,089.70","32,910.00",144.67,United States,NYSE,USD,1.00,USD,-
BALL,BALL CORP,Materials,Equity,"4,704,291.55",0.02,"4,704,291.55","74,095.00",63.49,United States,NYSE,USD,1.00,USD,-
AKAM,AKAMAI TECHNOLOGIES INC,Information Technology,Equity,"4,704,582.79",0.02,"4,704,582.79","38,477.00",122.27,United States,NASDAQ,USD,1.00,USD,-
ROIV,ROIVANT SCIENCES LTD,Health Care,Equity,"4,616,193.60",0.02,"4,616,193.60","133,416.00",34.60,United States,NASDAQ,USD,1.00,USD,-
SMCI,SUPER MICRO COMPUTER INC,Information Technology,Equity,"4,605,941.52",0.02,"4,605,941.52","151,911.00",30.32,United States,NASDAQ,USD,1.00,USD,-
SSNC,SS AND C TECHNOLOGIES HOLDINGS,Industrials,Equity,"4,604,764.71",0.02,"4,604,764.71","58,163.00",79.17,United States,NASDAQ,USD,1.00,USD,-
ZS,ZSCALER,Information Technology,Equity,"4,605,408.50",0.02,"4,605,408.50","28,490.00",161.65,United States,NASDAQ,USD,1.00,USD,-
KIM,KIMCO REALTY REIT CORP,Real Estate,Equity,"4,572,946.38",0.02,"4,572,946.38","183,874.00",24.87,United States,NYSE,USD,1.00,USD,-
PFGC,PERFORMANCE FOOD GROUP,Consumer Staples,Equity,"4,569,712.00",0.02,"4,569,712.00","40,801.00",112.00,United States,NYSE,USD,1.00,USD,-
MTZ,MASTEC INC,Industrials,Equity,"4,561,158.25",0.02,"4,561,158.25","17,099.00",266.75,United States,NYSE,USD,1.00,USD,-
NDSN,NORDSON,Industrials,Equity,"4,560,014.26",0.02,"4,560,014.26","14,678.00",310.67,United States,NASDAQ,USD,1.00,USD,-
OVV,OVINTIV,Energy,Equity,"4,552,352.28",0.02,"4,552,352.28","78,543.00",57.96,United States,NYSE,USD,1.00,USD,-
NVR,NVR,Consumer Discretionary,Equity,"4,545,166.92",0.02,"4,545,166.92",714.00,"6,365.78",United States,NYSE,USD,1.00,USD,-
PTC,PTC,Information Technology,Equity,"4,498,290.66",0.02,"4,498,290.66","32,262.00",139.43,United States,NASDAQ,USD,1.00,USD,-
MDLN,MEDLINE CLASS A,Health Care,Equity,"4,484,936.13",0.02,"4,484,936.13","122,322.00",36.66,United States,NASDAQ,USD,1.00,USD,-
TSN,TYSON FOODS INC CLASS A,Consumer Staples,Equity,"4,464,685.94",0.02,"4,464,685.94","76,726.00",58.19,United States,NYSE,USD,1.00,USD,-
BBY,BEST BUY,Consumer Discretionary,Equity,"4,447,066.00",0.02,"4,447,066.00","52,628.00",84.50,United States,NYSE,USD,1.00,USD,-
WRB,WR BERKLEY,Financials,Equity,"4,434,577.84",0.02,"4,434,577.84","61,523.00",72.08,United States,NYSE,USD,1.00,USD,-
NLY,ANNALY CAPITAL MANAGEMENT REIT INC,Financials,Equity,"4,417,612.22",0.02,"4,417,612.22","194,866.00",22.67,United States,NYSE,USD,1.00,USD,-
LDOS,LEIDOS HOLDINGS,Industrials,Equity,"4,402,329.25",0.02,"4,402,329.25","34,705.00",126.85,United States,NYSE,USD,1.00,USD,-
PNFP,PINNACLE FINANCIAL PARTNERS INC,Financials,Equity,"4,387,609.20",0.02,"4,387,609.20","40,872.00",107.35,United States,NYSE,USD,1.00,USD,-
TOST,TOAST CLASS A,Financials,Equity,"4,368,861.60",0.02,"4,368,861.60","125,542.00",34.80,United States,NYSE,USD,1.00,USD,-
STRL,STERLING INFRASTRUCTURE,Industrials,Equity,"4,340,234.91",0.02,"4,340,234.91","8,097.00",536.03,United States,NASDAQ,USD,1.00,USD,-
TXT,TEXTRON INC,Industrials,Equity,"4,334,186.16",0.02,"4,334,186.16","48,996.00",88.46,United States,NYSE,USD,1.00,USD,-
NBIX,NEUROCRINE BIOSCIENCES,Health Care,Equity,"4,329,653.50",0.02,"4,329,653.50","26,809.00",161.50,United States,NASDAQ,USD,1.00,USD,-
WPC,W. P. CAREY REIT INC,Real Estate,Equity,"4,293,338.58",0.02,"4,293,338.58","59,481.00",72.18,United States,NYSE,USD,1.00,USD,-
SWK,STANLEY BLACK & DECKER INC,Industrials,Equity,"4,294,379.68",0.02,"4,294,379.68","41,584.00",103.27,United States,NYSE,USD,1.00,USD,-
MAA,MID AMERICA APARTMENT COMMUNITIES,Real Estate,Equity,"4,265,148.32",0.02,"4,265,148.32","31,697.00",134.56,United States,NYSE,USD,1.00,USD,-
PR,PERMIAN RESOURCES CLASS A,Energy,Equity,"4,262,172.30",0.02,"4,262,172.30","215,370.00",19.79,United States,NYSE,USD,1.00,USD,-
CLH,CLEAN HARBORS INC,Industrials,Equity,"4,256,379.36",0.02,"4,256,379.36","13,764.00",309.24,United States,NYSE,USD,1.00,USD,-
MAS,MASCO,Industrials,Equity,"4,252,522.68",0.02,"4,252,522.68","54,999.00",77.32,United States,NYSE,USD,1.00,USD,-
LECO,LINCOLN ELECTRIC HOLDINGS INC,Industrials,Equity,"4,250,893.92",0.02,"4,250,893.92","15,216.00",279.37,United States,NASDAQ,USD,1.00,USD,-
RGA,REINSURANCE GROUP OF AMERICA,Financials,Equity,"4,239,948.06",0.02,"4,239,948.06","17,937.00",236.38,United States,NYSE,USD,1.00,USD,-
TRU,TRANSUNION,Industrials,Equity,"4,237,850.21",0.02,"4,237,850.21","52,993.00",79.97,United States,NYSE,USD,1.00,USD,-
HEI,HEICO,Industrials,Equity,"4,234,339.20",0.02,"4,234,339.20","11,544.00",366.80,United States,NYSE,USD,1.00,USD,-
FDXF,FEDEX FREIGHT HOLDING COMPANY INC,Industrials,Equity,"4,215,523.19",0.02,"4,215,523.19","29,473.00",143.03,United States,NYSE,USD,1.00,USD,-
CSL,CARLISLE COMPANIES,Industrials,Equity,"4,213,474.20",0.02,"4,213,474.20","10,935.00",385.32,United States,NYSE,USD,1.00,USD,-
NTNX,NUTANIX CLASS A,Information Technology,Equity,"4,198,620.00",0.02,"4,198,620.00","68,875.00",60.96,United States,NASDAQ,USD,1.00,USD,-
APG,API GROUP,Industrials,Equity,"4,190,617.56",0.02,"4,190,617.56","100,302.00",41.78,United States,NYSE,USD,1.00,USD,-
DOC,HEALTHPEAK PROPERTIES,Real Estate,Equity,"4,185,227.09",0.02,"4,185,227.09","192,071.00",21.79,United States,NYSE,USD,1.00,USD,-
IONQ,IONQ,Information Technology,Equity,"4,185,861.90",0.02,"4,185,861.90","104,830.00",39.93,United States,NYSE,USD,1.00,USD,-
LYB,LYONDELLBASELL INDUSTRIES CLASS A,Materials,Equity,"4,182,334.53",0.02,"4,182,334.53","70,851.00",59.03,United States,NYSE,USD,1.00,USD,-
JAZZ,JAZZ PHARMACEUTICALS PLC,Health Care,Equity,"4,173,610.92",0.02,"4,173,610.92","15,956.00",261.57,United States,NASDAQ,USD,1.00,USD,-
GEN,GEN DIGITAL,Information Technology,Equity,"4,174,164.80",0.02,"4,174,164.80","149,344.00",27.95,United States,NASDAQ,USD,1.00,USD,-
AIZ,ASSURANT INC,Financials,Equity,"4,171,919.38",0.02,"4,171,919.38","13,834.00",301.57,United States,NYSE,USD,1.00,USD,-
BWXT,BWX TECHNOLOGIES INC,Industrials,Equity,"4,152,477.28",0.02,"4,152,477.28","24,676.00",168.28,United States,NYSE,USD,1.00,USD,-
COO,COOPER,Health Care,Equity,"4,151,150.28",0.02,"4,151,150.28","55,467.00",74.84,United States,NASDAQ,USD,1.00,USD,-
RPM,RPM INTERNATIONAL INC,Materials,Equity,"4,122,900.56",0.02,"4,122,900.56","35,323.00",116.72,United States,NYSE,USD,1.00,USD,-
SN,SHARKNINJA,Consumer Discretionary,Equity,"4,112,225.91",0.02,"4,112,225.91","22,581.00",182.11,United States,NYSE,USD,1.00,USD,-
MLI,MUELLER INDUSTRIES INC,Industrials,Equity,"4,111,412.12",0.02,"4,111,412.12","59,362.00",69.26,United States,NYSE,USD,1.00,USD,-
DT,DYNATRACE INC,Information Technology,Equity,"4,104,249.42",0.02,"4,104,249.42","80,697.00",50.86,United States,NYSE,USD,1.00,USD,-
TLN,TALEN ENERGY CORP,Utilities,Equity,"4,070,555.44",0.02,"4,070,555.44","12,341.00",329.84,United States,NASDAQ,USD,1.00,USD,-
TOL,TOLL BROTHERS INC,Consumer Discretionary,Equity,"4,060,214.00",0.02,"4,060,214.00","26,200.00",154.97,United States,NYSE,USD,1.00,USD,-
ARMK,ARAMARK,Consumer Discretionary,Equity,"4,052,074.32",0.02,"4,052,074.32","71,239.00",56.88,United States,NYSE,USD,1.00,USD,-
QXO,QXO INC,Industrials,Equity,"4,045,659.60",0.02,"4,045,659.60","254,444.00",15.90,United States,NYSE,USD,1.00,USD,-
RL,RALPH LAUREN CLASS A,Consumer Discretionary,Equity,"4,042,741.26",0.02,"4,042,741.26","10,617.00",380.78,United States,NYSE,USD,1.00,USD,-
SUI,SUN COMMUNITIES REIT INC,Real Estate,Equity,"4,043,733.88",0.02,"4,043,733.88","33,458.00",120.86,United States,NYSE,USD,1.00,USD,-
EG,EVEREST GROUP LTD,Financials,Equity,"4,028,437.76",0.02,"4,028,437.76","10,792.00",373.28,United States,NYSE,USD,1.00,USD,-
EQH,EQUITABLE HOLDINGS INC,Financials,Equity,"3,986,369.10",0.02,"3,986,369.10","77,707.00",51.30,United States,NYSE,USD,1.00,USD,-
ALLE,ALLEGION PLC,Industrials,Equity,"3,969,721.84",0.02,"3,969,721.84","23,548.00",168.58,United States,NYSE,USD,1.00,USD,-
DECK,DECKERS OUTDOOR,Consumer Discretionary,Equity,"3,936,549.09",0.02,"3,936,549.09","39,639.00",99.31,United States,NYSE,USD,1.00,USD,-
GL,GLOBE LIFE,Financials,Equity,"3,913,276.24",0.02,"3,913,276.24","21,284.00",183.86,United States,NYSE,USD,1.00,USD,-
NXT,NEXTPOWER INC CLASS A,Industrials,Equity,"3,909,457.89",0.02,"3,909,457.89","39,169.00",99.81,United States,NASDAQ,USD,1.00,USD,-
BWA,BORGWARNER,Consumer Discretionary,Equity,"3,905,828.64",0.02,"3,905,828.64","58,488.00",66.78,United States,NYSE,USD,1.00,USD,-
CCK,CROWN HOLDINGS INC,Materials,Equity,"3,891,013.98",0.02,"3,891,013.98","31,857.00",122.14,United States,NYSE,USD,1.00,USD,-
REG,REGENCY CENTERS REIT CORP,Real Estate,Equity,"3,891,350.98",0.02,"3,891,350.98","49,214.00",79.07,United States,NASDAQ,USD,1.00,USD,-
TXRH,TEXAS ROADHOUSE INC,Consumer Discretionary,Equity,"3,877,683.00",0.02,"3,877,683.00","18,598.00",208.50,United States,NASDAQ,USD,1.00,USD,-
TRMB,TRIMBLE INC,Information Technology,Equity,"3,865,987.10",0.02,"3,865,987.10","65,995.00",58.58,United States,NASDAQ,USD,1.00,USD,-
ALB,ALBEMARLE CORP,Materials,Equity,"3,866,221.72",0.02,"3,866,221.72","32,533.00",118.84,United States,NYSE,USD,1.00,USD,-
BG,BUNGE GLOBAL SA,Consumer Staples,Equity,"3,861,989.64",0.02,"3,861,989.64","36,222.00",106.62,United States,NYSE,USD,1.00,USD,-
EXEL,EXELIXIS INC,Health Care,Equity,"3,853,502.10",0.02,"3,853,502.10","67,963.00",56.70,United States,NASDAQ,USD,1.00,USD,-
UNM,UNUM,Financials,Equity,"3,847,810.60",0.02,"3,847,810.60","43,195.00",89.08,United States,NYSE,USD,1.00,USD,-
LII,LENNOX INTERNATIONAL INC,Industrials,Equity,"3,831,910.25",0.02,"3,831,910.25","8,575.00",446.87,United States,NYSE,USD,1.00,USD,-
SGI,SOMNIGROUP INTERNATIONAL,Consumer Discretionary,Equity,"3,828,987.40",0.02,"3,828,987.40","55,030.00",69.58,United States,NYSE,USD,1.00,USD,-
OHI,OMEGA HEALTHCARE INVESTORS REIT,Real Estate,Equity,"3,806,243.37",0.02,"3,806,243.37","78,173.00",48.69,United States,NYSE,USD,1.00,USD,-
BAX,BAXTER INTERNATIONAL,Health Care,Equity,"3,797,038.89",0.02,"3,797,038.89","138,933.00",27.33,United States,NYSE,USD,1.00,USD,-
RIVN,RIVIAN AUTOMOTIVE INC CLASS A,Consumer Discretionary,Equity,"3,780,722.12",0.02,"3,780,722.12","242,977.00",15.56,United States,NASDAQ,USD,1.00,USD,-
BBIO,BRIDGEBIO PHARMA,Health Care,Equity,"3,779,739.00",0.02,"3,779,739.00","46,100.00",81.99,United States,NASDAQ,USD,1.00,USD,-
ONTO,ONTO INNOVATION,Information Technology,Equity,"3,774,024.00",0.02,"3,774,024.00","13,674.00",276.00,United States,NYSE,USD,1.00,USD,-
LAMR,LAMAR ADVERTISING COMPANY CLAS,Real Estate,Equity,"3,761,520.40",0.02,"3,761,520.40","23,780.00",158.18,United States,NASDAQ,USD,1.00,USD,-
GGG,GRACO,Industrials,Equity,"3,726,442.50",0.02,"3,726,442.50","45,169.00",82.50,United States,NYSE,USD,1.00,USD,-
AVY,AVERY DENNISON CORP,Materials,Equity,"3,688,233.48",0.02,"3,688,233.48","21,006.00",175.58,United States,NYSE,USD,1.00,USD,-
GWRE,GUIDEWIRE SOFTWARE,Information Technology,Equity,"3,675,244.59",0.02,"3,675,244.59","22,923.00",160.33,United States,NYSE,USD,1.00,USD,-
CRL,CHARLES RIVER LABORATORIES INTERNA,Health Care,Equity,"3,665,723.20",0.02,"3,665,723.20","14,060.00",260.72,United States,NYSE,USD,1.00,USD,-
MEDP,MEDPACE HOLDINGS,Health Care,Equity,"3,658,743.75",0.02,"3,658,743.75","6,225.00",587.75,United States,NASDAQ,USD,1.00,USD,-
TYL,TYLER TECHNOLOGIES,Information Technology,Equity,"3,660,258.62",0.02,"3,660,258.62","11,939.00",306.58,United States,NYSE,USD,1.00,USD,-
TTMI,TTM TECHNOLOGIES INC,Information Technology,Equity,"3,644,550.00",0.02,"3,644,550.00","27,768.00",131.25,United States,NASDAQ,USD,1.00,USD,-
MKC,MCCORMICK & CO NON-VOTING,Consumer Staples,Equity,"3,639,235.64",0.02,"3,639,235.64","69,266.00",52.54,United States,NYSE,USD,1.00,USD,-
AIT,APPLIED INDUSTRIAL TECHNOLOGIES IN,Industrials,Equity,"3,635,121.00",0.02,"3,635,121.00","10,150.00",358.14,United States,NYSE,USD,1.00,USD,-
DINO,HF SINCLAIR,Energy,Equity,"3,632,698.44",0.02,"3,632,698.44","43,778.00",82.98,United States,NYSE,USD,1.00,USD,-
RNR,RENAISSANCERE HOLDING,Financials,Equity,"3,631,214.76",0.02,"3,631,214.76","11,222.00",323.58,United States,NYSE,USD,1.00,USD,-
IOT,SAMSARA CLASS A,Information Technology,Equity,"3,629,427.03",0.02,"3,629,427.03","93,711.00",38.73,United States,NYSE,USD,1.00,USD,-
RKT,ROCKET COMPANIES INC CLASS A,Financials,Equity,"3,605,152.32",0.02,"3,605,152.32","260,112.00",13.86,United States,NYSE,USD,1.00,USD,-
DTM,DT MIDSTREAM INC,Energy,Equity,"3,600,754.30",0.02,"3,600,754.30","27,053.00",133.10,United States,NYSE,USD,1.00,USD,-
FNF,FIDELITY NATIONAL FINANCIAL INC,Financials,Equity,"3,592,023.40",0.02,"3,592,023.40","70,294.00",51.10,United States,NYSE,USD,1.00,USD,-
FLUT,FLUTTER ENTERTAINMENT PLC,Consumer Discretionary,Equity,"3,588,370.02",0.02,"3,588,370.02","38,622.00",92.91,United States,NYSE,USD,1.00,USD,-
DKS,DICKS SPORTING,Consumer Discretionary,Equity,"3,584,726.40",0.02,"3,584,726.40","17,895.00",200.32,United States,NYSE,USD,1.00,USD,-
FHN,FIRST HORIZON CORP,Financials,Equity,"3,575,554.76",0.02,"3,575,554.76","136,628.00",26.17,United States,NYSE,USD,1.00,USD,-
IT,GARTNER,Information Technology,Equity,"3,575,157.39",0.02,"3,575,157.39","19,179.00",186.41,United States,NYSE,USD,1.00,USD,-
CLX,CLOROX,Consumer Staples,Equity,"3,565,643.76",0.02,"3,565,643.76","33,689.00",105.84,United States,NYSE,USD,1.00,USD,-
CG,CARLYLE GROUP INC,Financials,Equity,"3,548,956.88",0.02,"3,548,956.88","71,207.00",49.84,United States,NASDAQ,USD,1.00,USD,-
WBS,WEBSTER FINANCIAL,Financials,Equity,"3,542,044.16",0.02,"3,542,044.16","44,768.00",79.12,United States,NYSE,USD,1.00,USD,-
SF,STIFEL FINANCIAL,Financials,Equity,"3,538,743.63",0.02,"3,538,743.63","41,973.00",84.31,United States,NYSE,USD,1.00,USD,-
LULU,LULULEMON ATHLETICA,Consumer Discretionary,Equity,"3,539,549.58",0.02,"3,539,549.58","28,658.00",123.51,United States,NASDAQ,USD,1.00,USD,-
SOLV,SOLVENTUM,Health Care,Equity,"3,522,941.72",0.02,"3,522,941.72","40,276.00",87.47,United States,NYSE,USD,1.00,USD,-
RVTY,REVVITY,Health Care,Equity,"3,501,553.86",0.02,"3,501,553.86","30,443.00",115.02,United States,NYSE,USD,1.00,USD,-
CHTR,CHARTER COMMUNICATIONS CLASS A,Communication,Equity,"3,497,636.95",0.02,"3,497,636.95","22,835.00",153.17,United States,NASDAQ,USD,1.00,USD,-
U,UNITY SOFTWARE,Information Technology,Equity,"3,486,488.18",0.02,"3,486,488.18","98,294.00",35.47,United States,NYSE,USD,1.00,USD,-
CSGP,COSTAR GROUP,Real Estate,Equity,"3,484,421.40",0.02,"3,484,421.40","115,340.00",30.21,United States,NASDAQ,USD,1.00,USD,-
HAS,HASBRO,Consumer Discretionary,Equity,"3,477,845.16",0.02,"3,477,845.16","38,151.00",91.16,United States,NASDAQ,USD,1.00,USD,-
ELAN,ELANCO ANIMAL HEALTH,Health Care,Equity,"3,476,116.50",0.02,"3,476,116.50","132,575.00",26.22,United States,NYSE,USD,1.00,USD,-
HUBS,HUBSPOT,Information Technology,Equity,"3,473,165.01",0.02,"3,473,165.01","13,881.00",250.21,United States,NYSE,USD,1.00,USD,-
UDR,UDR REIT,Real Estate,Equity,"3,468,032.64",0.02,"3,468,032.64","90,032.00",38.52,United States,NYSE,USD,1.00,USD,-
BJ,BJS WHOLESALE CLUB HOLDINGS,Consumer Staples,Equity,"3,457,827.78",0.02,"3,457,827.78","35,762.00",96.69,United States,NYSE,USD,1.00,USD,-
LVS,LAS VEGAS SANDS,Consumer Discretionary,Equity,"3,448,607.75",0.02,"3,448,607.75","75,215.00",45.85,United States,NYSE,USD,1.00,USD,-
GNRC,GENERAC HOLDINGS,Industrials,Equity,"3,446,383.32",0.02,"3,446,383.32","15,852.00",217.41,United States,NYSE,USD,1.00,USD,-
GDDY,GODADDY CLASS A,Information Technology,Equity,"3,433,391.01",0.02,"3,433,391.01","37,413.00",91.77,United States,NYSE,USD,1.00,USD,-
IREN,IREN,Information Technology,Equity,"3,425,042.30",0.02,"3,425,042.30","88,070.00",38.89,United States,NASDAQ,USD,1.00,USD,-
ELS,EQUITY LIFESTYLE PROPERTIES REIT I,Real Estate,Equity,"3,417,960.00",0.02,"3,417,960.00","52,584.00",65.00,United States,NYSE,USD,1.00,USD,-
PEN,PENUMBRA,Health Care,Equity,"3,399,199.57",0.02,"3,399,199.57","10,517.00",323.21,United States,NYSE,USD,1.00,USD,-
AA,ALCOA CORP,Materials,Equity,"3,395,528.00",0.02,"3,395,528.00","71,200.00",47.69,United States,NYSE,USD,1.00,USD,-
RBRK,RUBRIK CLASS A,Information Technology,Equity,"3,382,392.42",0.02,"3,382,392.42","39,882.00",84.81,United States,NYSE,USD,1.00,USD,-
AEIS,ADVANCED ENERGY INDUSTRIES,Information Technology,Equity,"3,377,241.34",0.02,"3,377,241.34","10,258.00",329.23,United States,NASDAQ,USD,1.00,USD,-
HII,HUNTINGTON INGALLS INDUSTRIES,Industrials,Equity,"3,368,573.10",0.02,"3,368,573.10","10,603.00",317.70,United States,NYSE,USD,1.00,USD,-
SITM,SITIME,Information Technology,Equity,"3,363,542.16",0.02,"3,363,542.16","6,193.00",543.12,United States,NASDAQ,USD,1.00,USD,-
PNW,PINNACLE WEST,Utilities,Equity,"3,361,680.00",0.02,"3,361,680.00","33,120.00",101.50,United States,NYSE,USD,1.00,USD,-
FIVE,FIVE BELOW,Consumer Discretionary,Equity,"3,344,691.36",0.02,"3,344,691.36","14,921.00",224.16,United States,NASDAQ,USD,1.00,USD,-
SCI,SERVICE,Consumer Discretionary,Equity,"3,333,124.38",0.02,"3,333,124.38","39,057.00",85.34,United States,NYSE,USD,1.00,USD,-
SJM,JM SMUCKER,Consumer Staples,Equity,"3,326,316.63",0.02,"3,326,316.63","27,903.00",119.21,United States,NYSE,USD,1.00,USD,-
APA,APA,Energy,Equity,"3,323,894.00",0.02,"3,323,894.00","95,900.00",34.66,United States,NASDAQ,USD,1.00,USD,-
ARW,ARROW ELECTRONICS,Information Technology,Equity,"3,321,310.85",0.02,"3,321,310.85","14,641.00",226.85,United States,NYSE,USD,1.00,USD,-
ASND,ASCENDIS PHARMA,Health Care,Equity,"3,316,724.40",0.02,"3,316,724.40","13,582.00",244.20,Denmark,NASDAQ,USD,1.00,USD,-
OC,OWENS CORNING,Industrials,Equity,"3,311,343.46",0.02,"3,311,343.46","21,718.00",152.47,United States,NYSE,USD,1.00,USD,-
TW,TRADEWEB MARKETS INC CLASS A,Financials,Equity,"3,292,759.92",0.02,"3,292,759.92","32,181.00",102.32,United States,NASDAQ,USD,1.00,USD,-
ALLY,ALLY FINANCIAL INC,Financials,Equity,"3,290,358.56",0.02,"3,290,358.56","73,544.00",44.74,United States,NYSE,USD,1.00,USD,-
ECHO,ECHOSTAR CLASS A,Communication,Equity,"3,279,961.51",0.02,"3,279,961.51","37,387.00",87.73,United States,NASDAQ,USD,1.00,USD,-
CGNX,COGNEX,Information Technology,Equity,"3,272,670.93",0.02,"3,272,670.93","46,283.00",70.71,United States,NASDAQ,USD,1.00,USD,-
IVZ,INVESCO LTD,Financials,Equity,"3,269,693.46",0.02,"3,269,693.46","102,146.00",32.01,United States,NYSE,USD,1.00,USD,-
DY,DYCOM INDUSTRIES INC,Industrials,Equity,"3,269,945.77",0.02,"3,269,945.77","8,003.00",408.59,United States,NYSE,USD,1.00,USD,-
ALGN,ALIGN TECHNOLOGY,Health Care,Equity,"3,261,978.14",0.02,"3,261,978.14","18,658.00",174.83,United States,NASDAQ,USD,1.00,USD,-
RRX,REGAL REXNORD,Industrials,Equity,"3,245,730.12",0.02,"3,245,730.12","17,713.00",183.24,United States,NYSE,USD,1.00,USD,-
DCI,DONALDSON,Industrials,Equity,"3,239,592.00",0.02,"3,239,592.00","33,312.00",97.25,United States,NYSE,USD,1.00,USD,-
MANH,MANHATTAN ASSOCIATES,Information Technology,Equity,"3,234,243.04",0.02,"3,234,243.04","16,838.00",192.08,United States,NASDAQ,USD,1.00,USD,-
AGNC,AGNC INVESTMENT REIT,Financials,Equity,"3,228,806.02",0.02,"3,228,806.02","302,606.00",10.67,United States,NASDAQ,USD,1.00,USD,-
BPOP,POPULAR INC,Financials,Equity,"3,227,136.08",0.02,"3,227,136.08","18,179.00",177.52,United States,NASDAQ,USD,1.00,USD,-
CACI,CACI INTERNATIONAL INC CLASS A,Industrials,Equity,"3,208,677.82",0.02,"3,208,677.82","6,194.00",518.03,United States,NYSE,USD,1.00,USD,-
GLPI,GAMING AND LEISURE PROPERTIES REIT,Real Estate,Equity,"3,206,848.19",0.02,"3,206,848.19","73,199.00",43.81,United States,NASDAQ,USD,1.00,USD,-
MOGA,MOOG INC CLASS A,Industrials,Equity,"3,198,285.96",0.02,"3,198,285.96","7,828.00",408.57,United States,NYSE,USD,1.00,USD,-
EVR,EVERCORE CLASS A,Financials,Equity,"3,192,900.48",0.02,"3,192,900.48","10,016.00",318.78,United States,NYSE,USD,1.00,USD,-
DPZ,DOMINOS PIZZA,Consumer Discretionary,Equity,"3,169,710.06",0.02,"3,169,710.06","8,646.00",366.61,United States,NASDAQ,USD,1.00,USD,-
DOCU,DOCUSIGN,Information Technology,Equity,"3,150,681.96",0.02,"3,150,681.96","54,804.00",57.49,United States,NASDAQ,USD,1.00,USD,-
SMTC,SEMTECH,Information Technology,Equity,"3,151,772.50",0.02,"3,151,772.50","25,994.00",121.25,United States,NASDAQ,USD,1.00,USD,-
JKHY,JACK HENRY AND ASSOCIATES INC,Financials,Equity,"3,140,868.15",0.02,"3,140,868.15","20,349.00",154.35,United States,NASDAQ,USD,1.00,USD,-
FOXA,FOX CLASS A,Communication,Equity,"3,142,079.28",0.02,"3,142,079.28","53,546.00",58.68,United States,NASDAQ,USD,1.00,USD,-
WSO,WATSCO,Industrials,Equity,"3,138,656.64",0.02,"3,138,656.64","9,422.00",333.12,United States,NYSE,USD,1.00,USD,-
AYI,ACUITY,Industrials,Equity,"3,131,177.60",0.02,"3,131,177.60","8,720.00",359.08,United States,NYSE,USD,1.00,USD,-
PINS,PINTEREST CLASS A,Communication,Equity,"3,119,003.84",0.02,"3,119,003.84","133,519.00",23.36,United States,NYSE,USD,1.00,USD,-
ARWR,ARROWHEAD PHARMACEUTICALS,Health Care,Equity,"3,117,114.06",0.02,"3,117,114.06","35,866.00",86.91,United States,NASDAQ,USD,1.00,USD,-
AMH,AMERICAN HOMES RENT REIT CLASS A,Real Estate,Equity,"3,115,519.68",0.02,"3,115,519.68","90,096.00",34.58,United States,NYSE,USD,1.00,USD,-
PNR,PENTAIR,Industrials,Equity,"3,109,558.06",0.02,"3,109,558.06","45,053.00",69.02,United States,NYSE,USD,1.00,USD,-
TKO,TKO GROUP HOLDINGS INC CLASS A,Communication,Equity,"3,088,024.76",0.02,"3,088,024.76","16,868.00",183.07,United States,NYSE,USD,1.00,USD,-
CR,CRANE,Industrials,Equity,"3,089,073.36",0.02,"3,089,073.36","13,848.00",223.07,United States,NYSE,USD,1.00,USD,-
CRCL,CIRCLE INTERNET GROUP CLASS A,Information Technology,Equity,"3,086,228.88",0.02,"3,086,228.88","48,771.00",63.28,United States,NYSE,USD,1.00,USD,-
EHC,ENCOMPASS HEALTH CORP,Health Care,Equity,"3,079,582.10",0.02,"3,079,582.10","27,769.00",110.90,United States,NYSE,USD,1.00,USD,-
ROL,ROLLINS INC,Industrials,Equity,"3,081,228.41",0.02,"3,081,228.41","82,013.00",37.57,United States,NYSE,USD,1.00,USD,-
TECH,BIO TECHNE,Health Care,Equity,"3,079,008.00",0.02,"3,079,008.00","42,764.00",72.00,United States,NASDAQ,USD,1.00,USD,-
NWSA,NEWS CLASS A,Communication,Equity,"3,074,257.40",0.02,"3,074,257.40","105,790.00",29.06,United States,NASDAQ,USD,1.00,USD,-
BMRN,BIOMARIN PHARMACEUTICAL,Health Care,Equity,"3,046,723.05",0.01,"3,046,723.05","50,855.00",59.91,United States,NASDAQ,USD,1.00,USD,-
KNX,KNIGHT-SWIFT TRANSPORTATION HOLDIN,Industrials,Equity,"3,038,386.29",0.01,"3,038,386.29","42,909.00",70.81,United States,NYSE,USD,1.00,USD,-
CPT,CAMDEN PROPERTY TRUST REIT,Real Estate,Equity,"3,006,126.42",0.01,"3,006,126.42","26,862.00",111.91,United States,NYSE,USD,1.00,USD,-
BXP,BXP,Real Estate,Equity,"2,978,575.45",0.01,"2,978,575.45","42,545.00",70.01,United States,NYSE,USD,1.00,USD,-
WTRG,ESSENTIAL UTILITIES INC,Utilities,Equity,"2,970,912.78",0.01,"2,970,912.78","75,042.00",39.59,United States,NYSE,USD,1.00,USD,-
LFUS,LITTELFUSE,Information Technology,Equity,"2,962,491.84",0.01,"2,962,491.84","6,424.00",461.16,United States,NASDAQ,USD,1.00,USD,-
SSB,SOUTHSTATE BANK CORP,Financials,Equity,"2,960,686.85",0.01,"2,960,686.85","27,115.00",109.19,United States,NYSE,USD,1.00,USD,-
AAL,AMERICAN AIRLINES GROUP,Industrials,Equity,"2,952,019.26",0.01,"2,952,019.26","178,047.00",16.58,United States,NASDAQ,USD,1.00,USD,-
AHR,AMERICAN HEALTHCARE REIT,Real Estate,Equity,"2,927,236.50",0.01,"2,927,236.50","52,743.00",55.50,United States,NYSE,USD,1.00,USD,-
UMBF,UMB FINANCIAL CORP,Financials,Equity,"2,926,510.54",0.01,"2,926,510.54","19,934.00",146.81,United States,NASDAQ,USD,1.00,USD,-
WMS,ADVANCED DRAINAGE SYSTEMS INC,Industrials,Equity,"2,922,091.06",0.01,"2,922,091.06","19,534.00",149.59,United States,NYSE,USD,1.00,USD,-
GFL,GFL ENVIRONMENTAL SUBORDINATE VOTI,Industrials,Equity,"2,920,412.19",0.01,"2,920,412.19","70,901.00",41.19,Canada,NYSE,USD,1.00,USD,-
FDS,FACTSET RESEARCH SYSTEMS,Financials,Equity,"2,920,705.15",0.01,"2,920,705.15","10,505.00",278.03,United States,NYSE,USD,1.00,USD,-
NYT,NEW YORK TIMES CLASS A,Communication,Equity,"2,918,574.56",0.01,"2,918,574.56","44,572.00",65.48,United States,NYSE,USD,1.00,USD,-
PRI,PRIMERICA,Financials,Equity,"2,907,751.30",0.01,"2,907,751.30","9,070.00",320.59,United States,NYSE,USD,1.00,USD,-
RMBS,RAMBUS,Information Technology,Equity,"2,903,237.40",0.01,"2,903,237.40","29,838.00",97.30,United States,NASDAQ,USD,1.00,USD,-
EGP,EASTGROUP PROPERTIES REIT,Real Estate,Equity,"2,893,279.83",0.01,"2,893,279.83","14,273.00",202.71,United States,NYSE,USD,1.00,USD,-
W,WAYFAIR CLASS A,Consumer Discretionary,Equity,"2,880,079.18",0.01,"2,880,079.18","26,774.00",107.57,United States,NYSE,USD,1.00,USD,-
SEIC,SEI INVESTMENTS,Financials,Equity,"2,874,509.64",0.01,"2,874,509.64","27,439.00",104.76,United States,NASDAQ,USD,1.00,USD,-
ZION,ZIONS BANCORPORATION,Financials,Equity,"2,862,192.30",0.01,"2,862,192.30","39,919.00",71.70,United States,NASDAQ,USD,1.00,USD,-
COKE,COCA COLA CONSOLIDATED INC,Consumer Staples,Equity,"2,859,036.24",0.01,"2,859,036.24","15,476.00",184.74,United States,NASDAQ,USD,1.00,USD,-
FLS,FLOWSERVE,Industrials,Equity,"2,852,180.85",0.01,"2,852,180.85","36,255.00",78.67,United States,NYSE,USD,1.00,USD,-
MOH,MOLINA HEALTHCARE INC,Health Care,Equity,"2,850,214.84",0.01,"2,850,214.84","14,606.00",195.14,United States,NYSE,USD,1.00,USD,-
SANM,SANMINA CORP,Information Technology,Equity,"2,848,728.51",0.01,"2,848,728.51","14,303.00",199.17,United States,NASDAQ,USD,1.00,USD,-
DKNG,DRAFTKINGS CLASS A,Consumer Discretionary,Equity,"2,847,100.16",0.01,"2,847,100.16","130,841.00",21.76,United States,NASDAQ,USD,1.00,USD,-
MOD,MODINE MANUFACTURING,Industrials,Equity,"2,831,770.11",0.01,"2,831,770.11","14,551.00",194.61,United States,NYSE,USD,1.00,USD,-
BMNR,BITMINE IMMERSION TECHNOLOGIES,Information Technology,Equity,"2,832,451.41",0.01,"2,832,451.41","153,687.00",18.43,United States,NYSE,USD,1.00,USD,-
CORT,CORCEPT THERAPEUTICS,Health Care,Equity,"2,833,331.93",0.01,"2,833,331.93","25,597.00",110.69,United States,NASDAQ,USD,1.00,USD,-
CYTK,CYTOKINETICS,Health Care,Equity,"2,823,618.50",0.01,"2,823,618.50","35,810.00",78.85,United States,NASDAQ,USD,1.00,USD,-
HL,HECLA MINING,Materials,Equity,"2,824,072.68",0.01,"2,824,072.68","170,742.00",16.54,United States,NYSE,USD,1.00,USD,-
HALO,HALOZYME THERAPEUTICS,Health Care,Equity,"2,819,908.65",0.01,"2,819,908.65","33,735.00",83.59,United States,NASDAQ,USD,1.00,USD,-
WTFC,WINTRUST FINANCIAL CORP,Financials,Equity,"2,820,356.80",0.01,"2,820,356.80","17,470.00",161.44,United States,NASDAQ,USD,1.00,USD,-
SPXC,SPX TECHNOLOGIES INC,Industrials,Equity,"2,797,313.95",0.01,"2,797,313.95","13,015.00",214.93,United States,NYSE,USD,1.00,USD,-
ALSN,ALLISON TRANSMISSION HOLDINGS,Industrials,Equity,"2,797,909.05",0.01,"2,797,909.05","23,685.00",118.13,United States,NYSE,USD,1.00,USD,-
AES,AES,Utilities,Equity,"2,797,924.50",0.01,"2,797,924.50","190,335.00",14.70,United States,NYSE,USD,1.00,USD,-
SWKS,SKYWORKS SOLUTIONS,Information Technology,Equity,"2,795,358.72",0.01,"2,795,358.72","41,728.00",66.99,United States,NASDAQ,USD,1.00,USD,-
FRT,FEDERAL REALTY INVESTMENT TRUST RE,Real Estate,Equity,"2,786,861.25",0.01,"2,786,861.25","22,875.00",121.83,United States,NYSE,USD,1.00,USD,-
ORI,OLD REPUBLIC INTERNATIONAL,Financials,Equity,"2,788,108.80",0.01,"2,788,108.80","64,065.00",43.52,United States,NYSE,USD,1.00,USD,-
EAT,BRINKER INTERNATIONAL INC,Consumer Discretionary,Equity,"2,776,267.42",0.01,"2,776,267.42","12,286.00",225.97,United States,NYSE,USD,1.00,USD,-
APTV,APTIV PLC,Consumer Discretionary,Equity,"2,776,504.62",0.01,"2,776,504.62","59,062.00",47.01,United States,NYSE,USD,1.00,USD,-
DOCN,DIGITALOCEAN HOLDINGS,Information Technology,Equity,"2,751,561.68",0.01,"2,751,561.68","22,108.00",124.46,United States,NYSE,USD,1.00,USD,-
CFR,CULLEN FROST BANKERS INC,Financials,Equity,"2,743,803.08",0.01,"2,743,803.08","16,516.00",166.13,United States,NYSE,USD,1.00,USD,-
BTSG,BRIGHTSPRING HEALTH SERVICES INC,Health Care,Equity,"2,735,887.26",0.01,"2,735,887.26","43,413.00",63.02,United States,NASDAQ,USD,1.00,USD,-
ACM,AECOM,Industrials,Equity,"2,724,412.60",0.01,"2,724,412.60","36,374.00",74.90,United States,NYSE,USD,1.00,USD,-
ENSG,ENSIGN GROUP INC,Health Care,Equity,"2,722,447.35",0.01,"2,722,447.35","15,239.00",178.65,United States,NASDAQ,USD,1.00,USD,-
R,RYDER SYSTEM,Industrials,Equity,"2,716,474.20",0.01,"2,716,474.20","10,230.00",265.54,United States,NYSE,USD,1.00,USD,-
KTOS,KRATOS DEFENSE AND SECURITY SOLUTI,Industrials,Equity,"2,713,043.50",0.01,"2,713,043.50","49,025.00",55.34,United States,NASDAQ,USD,1.00,USD,-
SOLS,SOLSTICE ADVANCED MATERIALS INC,Materials,Equity,"2,711,062.50",0.01,"2,711,062.50","43,377.00",62.50,United States,NASDAQ,USD,1.00,USD,-
AAOI,APPLIED OPTOELECTRONICS,Information Technology,Equity,"2,705,288.08",0.01,"2,705,288.08","21,043.00",128.56,United States,NASDAQ,USD,1.00,USD,-
AR,ANTERO RESOURCES,Energy,Equity,"2,700,912.75",0.01,"2,700,912.75","78,675.00",34.33,United States,NYSE,USD,1.00,USD,-
MUSA,MURPHY USA,Consumer Discretionary,Equity,"2,694,399.72",0.01,"2,694,399.72","4,638.00",580.94,United States,NYSE,USD,1.00,USD,-
VOYA,VOYA FINANCIAL,Financials,Equity,"2,659,822.59",0.01,"2,659,822.59","26,569.00",100.11,United States,NYSE,USD,1.00,USD,-
OGE,OGE ENERGY,Utilities,Equity,"2,645,204.14",0.01,"2,645,204.14","56,257.00",47.02,United States,NYSE,USD,1.00,USD,-
AFG,AMERICAN FINANCIAL GROUP,Financials,Equity,"2,639,672.70",0.01,"2,639,672.70","17,990.00",146.73,United States,NYSE,USD,1.00,USD,-
TTC,TORO,Industrials,Equity,"2,640,372.64",0.01,"2,640,372.64","26,692.00",98.92,United States,NYSE,USD,1.00,USD,-
COLB,COLUMBIA BANKING SYSTEM INC,Financials,Equity,"2,616,220.20",0.01,"2,616,220.20","83,452.00",31.35,United States,NASDAQ,USD,1.00,USD,-
AMG,AFFILIATED MANAGERS GROUP,Financials,Equity,"2,610,559.00",0.01,"2,610,559.00","6,950.00",375.62,United States,NYSE,USD,1.00,USD,-
OSK,OSHKOSH CORP,Industrials,Equity,"2,607,397.03",0.01,"2,607,397.03","17,063.00",152.81,United States,NYSE,USD,1.00,USD,-
WTS,WATTS WATER TECHNOLOGIES CLASS A,Industrials,Equity,"2,605,822.08",0.01,"2,605,822.08","7,162.00",363.84,United States,NYSE,USD,1.00,USD,-
GKOS,GLAUKOS,Health Care,Equity,"2,586,854.62",0.01,"2,586,854.62","15,134.00",170.93,United States,NYSE,USD,1.00,USD,-
SAIA,SAIA INC,Industrials,Equity,"2,582,233.97",0.01,"2,582,233.97","7,237.00",356.81,United States,NASDAQ,USD,1.00,USD,-
PODD,INSULET,Health Care,Equity,"2,582,978.58",0.01,"2,582,978.58","19,383.00",133.26,United States,NASDAQ,USD,1.00,USD,-
VSAT,VIASAT INC,Information Technology,Equity,"2,574,809.28",0.01,"2,574,809.28","31,776.00",81.03,United States,NASDAQ,USD,1.00,USD,-
MDGL,MADRIGAL PHARMACEUTICALS,Health Care,Equity,"2,572,142.36",0.01,"2,572,142.36","5,003.00",514.12,United States,NASDAQ,USD,1.00,USD,-
CNH,CNH INDUSTRIAL N.V. NV,Industrials,Equity,"2,566,682.04",0.01,"2,566,682.04","237,876.00",10.79,United States,NYSE,USD,1.00,USD,-
VMI,VALMONT INDS,Industrials,Equity,"2,566,884.40",0.01,"2,566,884.40","5,171.00",496.40,United States,NYSE,USD,1.00,USD,-
BEN,FRANKLIN RESOURCES INC,Financials,Equity,"2,563,931.16",0.01,"2,563,931.16","73,423.00",34.92,United States,NYSE,USD,1.00,USD,-
ONB,OLD NATIONAL BANCORP,Financials,Equity,"2,553,390.00",0.01,"2,553,390.00","94,570.00",27.00,United States,NASDAQ,USD,1.00,USD,-
QGEN,QIAGEN,Health Care,Equity,"2,551,692.65",0.01,"2,551,692.65","60,827.00",41.95,Germany,NYSE,USD,1.00,USD,-
BRX,BRIXMOR PROPERTY GROUP REIT INC,Real Estate,Equity,"2,530,802.00",0.01,"2,530,802.00","81,850.00",30.92,United States,NYSE,USD,1.00,USD,-
CTRE,CARETRUST REIT,Real Estate,Equity,"2,521,594.02",0.01,"2,521,594.02","61,293.00",41.14,United States,NYSE,USD,1.00,USD,-
CUBE,CUBESMART REIT,Real Estate,Equity,"2,513,182.55",0.01,"2,513,182.55","59,909.00",41.95,United States,NYSE,USD,1.00,USD,-
UHS,UNIVERSAL HEALTH SERVICES INC CLAS,Health Care,Equity,"2,511,729.12",0.01,"2,511,729.12","14,632.00",171.66,United States,NYSE,USD,1.00,USD,-
DAR,DARLING INGREDIENTS,Consumer Staples,Equity,"2,501,468.40",0.01,"2,501,468.40","43,278.00",57.80,United States,NYSE,USD,1.00,USD,-
TTEK,TETRA TECH INC,Industrials,Equity,"2,489,591.16",0.01,"2,489,591.16","72,604.00",34.29,United States,NASDAQ,USD,1.00,USD,-
ADC,AGREE REALTY REIT,Real Estate,Equity,"2,483,251.20",0.01,"2,483,251.20","32,640.00",76.08,United States,NYSE,USD,1.00,USD,-
VIAV,VIAVI SOLUTIONS,Information Technology,Equity,"2,477,152.00",0.01,"2,477,152.00","63,680.00",38.90,United States,NASDAQ,USD,1.00,USD,-
MTCH,MATCH GROUP INC,Communication,Equity,"2,456,402.20",0.01,"2,456,402.20","64,388.00",38.15,United States,NASDAQ,USD,1.00,USD,-
GMED,GLOBUS MEDICAL CLASS A,Health Care,Equity,"2,457,033.78",0.01,"2,457,033.78","30,507.00",80.54,United States,NYSE,USD,1.00,USD,-
FROG,JFROG LTD,Information Technology,Equity,"2,454,291.76",0.01,"2,454,291.76","29,038.00",84.52,United States,NASDAQ,USD,1.00,USD,-
IONS,IONIS PHARMACEUTICALS,Health Care,Equity,"2,449,658.95",0.01,"2,449,658.95","45,205.00",54.19,United States,NASDAQ,USD,1.00,USD,-
HQY,HEALTHEQUITY,Health Care,Equity,"2,450,189.47",0.01,"2,450,189.47","23,467.00",104.41,United States,NASDAQ,USD,1.00,USD,-
CMC,COMMERCIAL METALS,Materials,Equity,"2,447,773.16",0.01,"2,447,773.16","32,348.00",75.67,United States,NYSE,USD,1.00,USD,-
CNM,CORE & MAIN INC CLASS A,Industrials,Equity,"2,443,197.24",0.01,"2,443,197.24","52,508.00",46.53,United States,NYSE,USD,1.00,USD,-
AVTR,AVANTOR,Health Care,Equity,"2,439,389.04",0.01,"2,439,389.04","182,589.00",13.36,United States,NYSE,USD,1.00,USD,-
HUT,HUT CORP,Information Technology,Equity,"2,437,640.04",0.01,"2,437,640.04","26,279.00",92.76,United States,NASDAQ,USD,1.00,USD,-
RRC,RANGE RESOURCES,Energy,Equity,"2,427,496.58",0.01,"2,427,496.58","63,647.00",38.14,United States,NYSE,USD,1.00,USD,-
ATR,APTARGROUP,Materials,Equity,"2,422,389.50",0.01,"2,422,389.50","17,714.00",136.75,United States,NYSE,USD,1.00,USD,-
AXSM,AXSOME THERAPEUTICS,Health Care,Equity,"2,420,317.35",0.01,"2,420,317.35","11,371.00",212.85,United States,NASDAQ,USD,1.00,USD,-
HSIC,HENRY SCHEIN,Health Care,Equity,"2,408,179.20",0.01,"2,408,179.20","26,880.00",89.59,United States,NASDAQ,USD,1.00,USD,-
JXN,JACKSON FINANCIAL CLASS A,Financials,Equity,"2,408,354.88",0.01,"2,408,354.88","17,898.00",134.56,United States,NYSE,USD,1.00,USD,-
LAD,LITHIA MOTORS INC CLASS A,Consumer Discretionary,Equity,"2,399,759.27",0.01,"2,399,759.27","6,511.00",368.57,United States,NYSE,USD,1.00,USD,-
WAL,WESTERN ALLIANCE,Financials,Equity,"2,392,479.36",0.01,"2,392,479.36","28,832.00",82.98,United States,NYSE,USD,1.00,USD,-
NCLH,NORWEGIAN CRUISE LINE HOLDINGS,Consumer Discretionary,Equity,"2,389,533.30",0.01,"2,389,533.30","117,711.00",20.30,United States,NYSE,USD,1.00,USD,-
REXR,REXFORD INDUSTRIAL REALTY REIT,Real Estate,Equity,"2,390,228.24",0.01,"2,390,228.24","64,531.00",37.04,United States,NYSE,USD,1.00,USD,-
BAH,BOOZ ALLEN HAMILTON HOLDING CLASS,Industrials,Equity,"2,384,751.33",0.01,"2,384,751.33","33,163.00",71.91,United States,NYSE,USD,1.00,USD,-
FORM,FORMFACTOR INC,Information Technology,Equity,"2,381,839.72",0.01,"2,381,839.72","20,813.00",114.44,United States,NASDAQ,USD,1.00,USD,-
EMN,EASTMAN CHEMICAL,Materials,Equity,"2,379,914.10",0.01,"2,379,914.10","32,446.00",73.35,United States,NYSE,USD,1.00,USD,-
KMX,CARMAX INC,Consumer Discretionary,Equity,"2,371,866.18",0.01,"2,371,866.18","41,854.00",56.67,United States,NYSE,USD,1.00,USD,-
RGEN,REPLIGEN,Health Care,Equity,"2,368,858.83",0.01,"2,368,858.83","14,937.00",158.59,United States,NASDAQ,USD,1.00,USD,-
IDCC,INTERDIGITAL INC,Information Technology,Equity,"2,366,666.40",0.01,"2,366,666.40","7,160.00",330.54,United States,NASDAQ,USD,1.00,USD,-
NNN,NNN REIT,Real Estate,Equity,"2,356,254.72",0.01,"2,356,254.72","49,752.00",47.36,United States,NYSE,USD,1.00,USD,-
AXTA,AXALTA COATING SYSTEMS,Materials,Equity,"2,357,827.38",0.01,"2,357,827.38","61,934.00",38.07,United States,NYSE,USD,1.00,USD,-
JEF,JEFFERIES FINANCIAL GROUP INC,Financials,Equity,"2,342,336.34",0.01,"2,342,336.34","41,686.00",56.19,United States,NYSE,USD,1.00,USD,-
SSD,SIMPSON MANUFACTURING,Industrials,Equity,"2,338,794.85",0.01,"2,338,794.85","11,851.00",197.35,United States,NYSE,USD,1.00,USD,-
SNEX,STONEX GROUP INC,Financials,Equity,"2,322,334.98",0.01,"2,322,334.98","30,549.00",76.02,United States,NASDAQ,USD,1.00,USD,-
ARE,ALEXANDRIA REAL ESTATE EQUITIES RE,Real Estate,Equity,"2,320,632.00",0.01,"2,320,632.00","46,320.00",50.10,United States,NYSE,USD,1.00,USD,-
TTD,TRADE DESK INC CLASS A,Communication,Equity,"2,314,124.88",0.01,"2,314,124.88","122,053.00",18.96,United States,NASDAQ,USD,1.00,USD,-
ESI,ELEMENT SOLUTIONS INC,Materials,Equity,"2,304,885.78",0.01,"2,304,885.78","60,117.00",38.34,United States,NYSE,USD,1.00,USD,-
AWI,ARMSTRONG WORLD INDUSTRIES,Industrials,Equity,"2,300,507.04",0.01,"2,300,507.04","12,363.00",186.08,United States,NYSE,USD,1.00,USD,-
FCFS,FIRSTCASH HOLDINGS INC,Other,Equity,"2,292,979.50",0.01,"2,292,979.50","11,025.00",207.98,United States,NASDAQ,USD,1.00,USD,-
ONON,ON HOLDING AG CLASS A,Consumer Discretionary,Equity,"2,290,636.20",0.01,"2,290,636.20","59,980.00",38.19,United States,NYSE,USD,1.00,USD,-
SFM,SPROUTS FARMERS MARKET INC,Consumer Staples,Equity,"2,290,749.44",0.01,"2,290,749.44","26,912.00",85.12,United States,NASDAQ,USD,1.00,USD,-
BLDR,BUILDERS FIRSTSOURCE INC,Industrials,Equity,"2,282,020.52",0.01,"2,282,020.52","30,082.00",75.86,United States,NYSE,USD,1.00,USD,-
CRNX,CRINETICS PHARMACEUTICALS,Health Care,Equity,"2,278,920.00",0.01,"2,278,920.00","27,130.00",84.00,United States,NASDAQ,USD,1.00,USD,-
PB,PROSPERITY BANCSHARES,Financials,Equity,"2,276,059.24",0.01,"2,276,059.24","30,502.00",74.62,United States,NYSE,USD,1.00,USD,-
TIGO,MILLICOM INTERNATIONAL CELLULAR,Communication,Equity,"2,263,082.45",0.01,"2,263,082.45","24,655.00",91.79,Sweden,NASDAQ,USD,1.00,USD,-
COMP,COMPASS INC CLASS A,Real Estate,Equity,"2,261,415.80",0.01,"2,261,415.80","176,260.00",12.83,United States,NYSE,USD,1.00,USD,-
MGM,MGM RESORTS INTERNATIONAL,Consumer Discretionary,Equity,"2,257,636.22",0.01,"2,257,636.22","50,722.00",44.51,United States,NYSE,USD,1.00,USD,-
FR,FIRST INDUSTRIAL REALTY TRUST,Real Estate,Equity,"2,254,548.78",0.01,"2,254,548.78","35,134.00",64.17,United States,NYSE,USD,1.00,USD,-
CRBG,COREBRIDGE FINANCIAL INC,Financials,Equity,"2,254,292.08",0.01,"2,254,292.08","67,112.00",33.59,United States,NYSE,USD,1.00,USD,-
HXL,HEXCEL,Industrials,Equity,"2,240,799.74",0.01,"2,240,799.74","21,478.00",104.33,United States,NYSE,USD,1.00,USD,-
TKR,TIMKEN,Industrials,Equity,"2,233,359.24",0.01,"2,233,359.24","17,007.00",131.32,United States,NYSE,USD,1.00,USD,-
FSS,FEDERAL SIGNAL CORP,Industrials,Equity,"2,232,066.28",0.01,"2,232,066.28","17,146.00",130.18,United States,NYSE,USD,1.00,USD,-
PTGX,PROTAGONIST THERAPEUTICS,Health Care,Equity,"2,215,795.52",0.01,"2,215,795.52","16,136.00",137.32,United States,NASDAQ,USD,1.00,USD,-
ESE,ESCO TECHNOLOGIES,Industrials,Equity,"2,211,502.50",0.01,"2,211,502.50","6,750.00",327.63,United States,NYSE,USD,1.00,USD,-
QRVO,QORVO,Information Technology,Equity,"2,203,989.75",0.01,"2,203,989.75","23,139.00",95.25,United States,NASDAQ,USD,1.00,USD,-
PRAX,PRAXIS PRECISION MEDICINES,Health Care,Equity,"2,203,006.23",0.01,"2,203,006.23","6,901.00",319.23,United States,NASDAQ,USD,1.00,USD,-
KRYS,KRYSTAL BIOTECH,Health Care,Equity,"2,203,250.14",0.01,"2,203,250.14","6,763.00",325.78,United States,NASDAQ,USD,1.00,USD,-
THG,HANOVER INSURANCE GROUP,Financials,Equity,"2,201,384.96",0.01,"2,201,384.96","9,608.00",229.12,United States,NYSE,USD,1.00,USD,-
AXS,AXIS CAPITAL HOLDINGS,Financials,Equity,"2,189,771.25",0.01,"2,189,771.25","21,005.00",104.25,United States,NYSE,USD,1.00,USD,-
KNSL,KINSALE CAPITAL GROUP INC,Financials,Equity,"2,187,610.09",0.01,"2,187,610.09","5,897.00",370.97,United States,NYSE,USD,1.00,USD,-
AUR,AURORA INNOVATION CLASS A,Information Technology,Equity,"2,171,239.50",0.01,"2,171,239.50","324,550.00",6.69,United States,NASDAQ,USD,1.00,USD,-
ETSY,ETSY,Consumer Discretionary,Equity,"2,171,914.56",0.01,"2,171,914.56","25,296.00",85.86,United States,NYSE,USD,1.00,USD,-
AGX,ARGAN,Industrials,Equity,"2,173,172.02",0.01,"2,173,172.02","3,611.00",601.82,United States,NYSE,USD,1.00,USD,-
QBTS,D WAVE QUANTUM,Information Technology,Equity,"2,161,930.08",0.01,"2,161,930.08","101,072.00",21.39,United States,NASDAQ,USD,1.00,USD,-
BROS,DUTCH BROS CLASS A,Consumer Discretionary,Equity,"2,158,375.89",0.01,"2,158,375.89","32,867.00",65.67,United States,NYSE,USD,1.00,USD,-
OMF,ONEMAIN HOLDINGS,Financials,Equity,"2,153,973.00",0.01,"2,153,973.00","32,860.00",65.55,United States,NYSE,USD,1.00,USD,-
ALKS,ALKERMES,Health Care,Equity,"2,150,047.79",0.01,"2,150,047.79","43,339.00",49.61,United States,NASDAQ,USD,1.00,USD,-
CBSH,COMMERCE BANCSHARES,Financials,Equity,"2,136,842.22",0.01,"2,136,842.22","35,817.00",59.66,United States,NASDAQ,USD,1.00,USD,-
AVT,AVNET INC,Information Technology,Equity,"2,134,756.76",0.01,"2,134,756.76","21,958.00",97.22,United States,NASDAQ,USD,1.00,USD,-
LNC,LINCOLN NATIONAL CORP,Financials,Equity,"2,113,014.04",0.01,"2,113,014.04","45,044.00",46.91,United States,NYSE,USD,1.00,USD,-
VNOM,VIPER ENERGY INC CLASS A,Energy,Equity,"2,112,018.54",0.01,"2,112,018.54","50,978.00",41.43,United States,NASDAQ,USD,1.00,USD,-
WYNN,WYNN RESORTS,Consumer Discretionary,Equity,"2,108,674.05",0.01,"2,108,674.05","20,847.00",101.15,United States,NASDAQ,USD,1.00,USD,-
GME,GAMESTOP CLASS A,Consumer Discretionary,Equity,"2,109,159.50",0.01,"2,109,159.50","110,950.00",19.01,United States,NYSE,USD,1.00,USD,-
LW,LAMB WESTON HOLDINGS,Consumer Staples,Equity,"2,109,187.60",0.01,"2,109,187.60","39,572.00",53.30,United States,NYSE,USD,1.00,USD,-
FAF,FIRST AMERICAN FINANCIAL CORP,Financials,Equity,"2,107,144.01",0.01,"2,107,144.01","28,099.00",74.99,United States,NYSE,USD,1.00,USD,-
ZWS,ZURN ELKAY WATER SOLUTIONS CORP,Industrials,Equity,"2,095,363.40",0.01,"2,095,363.40","39,715.00",52.76,United States,NYSE,USD,1.00,USD,-
NOV,NOV INC,Energy,Equity,"2,092,974.00",0.01,"2,092,974.00","107,332.00",19.50,United States,NYSE,USD,1.00,USD,-
IDA,IDACORP INC,Utilities,Equity,"2,093,452.60",0.01,"2,093,452.60","14,615.00",143.24,United States,NYSE,USD,1.00,USD,-
PLXS,PLEXUS CORP,Information Technology,Equity,"2,091,016.40",0.01,"2,091,016.40","7,612.00",274.70,United States,NASDAQ,USD,1.00,USD,-
SYRE,SPYRE THERAPEUTICS INC,Health Care,Equity,"2,079,486.80",0.01,"2,079,486.80","19,928.00",104.35,United States,NASDAQ,USD,1.00,USD,-
SM,SM ENERGY,Energy,Equity,"2,074,494.70",0.01,"2,074,494.70","71,485.00",29.02,United States,NYSE,USD,1.00,USD,-
APLD,APPLIED DIGITAL CORP,Information Technology,Equity,"2,074,561.11",0.01,"2,074,561.11","69,453.00",29.87,United States,NASDAQ,USD,1.00,USD,-
AOS,A O SMITH,Industrials,Equity,"2,051,075.52",0.01,"2,051,075.52","32,464.00",63.18,United States,NYSE,USD,1.00,USD,-
UGI,UGI,Utilities,Equity,"2,044,474.04",0.01,"2,044,474.04","57,526.00",35.54,United States,NYSE,USD,1.00,USD,-
TGTX,TG THERAPEUTICS,Health Care,Equity,"2,041,139.48",0.01,"2,041,139.48","40,921.00",49.88,United States,NASDAQ,USD,1.00,USD,-
CHRD,CHORD ENERGY,Energy,Equity,"2,037,226.15",0.01,"2,037,226.15","15,677.00",129.95,United States,NASDAQ,USD,1.00,USD,-
RAL,RALLIANT,Information Technology,Equity,"2,030,815.08",0.01,"2,030,815.08","30,603.00",66.36,United States,NYSE,USD,1.00,USD,-
NPO,ENPRO INC,Industrials,Equity,"2,025,387.45",0.01,"2,025,387.45","6,165.00",328.53,United States,NYSE,USD,1.00,USD,-
IESC,IES INC,Industrials,Equity,"2,018,093.22",0.01,"2,018,093.22","2,574.00",784.03,United States,NASDAQ,USD,1.00,USD,-
HRL,HORMEL FOODS CORP,Consumer Staples,Equity,"2,015,094.87",0.01,"2,015,094.87","79,869.00",25.23,United States,NYSE,USD,1.00,USD,-
RHP,RYMAN HOSPITALITY PROPERTIES REIT,Real Estate,Equity,"2,015,757.90",0.01,"2,015,757.90","15,795.00",127.62,United States,NYSE,USD,1.00,USD,-
EXP,EAGLE MATERIALS INC,Materials,Equity,"2,006,992.65",0.01,"2,006,992.65","9,195.00",218.27,United States,NYSE,USD,1.00,USD,-
TEX,TEREX,Industrials,Equity,"2,003,098.35",0.01,"2,003,098.35","30,327.00",66.05,United States,NYSE,USD,1.00,USD,-
RIOT,RIOT PLATFORMS,Information Technology,Equity,"1,998,704.50",0.01,"1,998,704.50","92,963.00",21.50,United States,NASDAQ,USD,1.00,USD,-
MOS,MOSAIC,Materials,Equity,"1,988,983.83",0.01,"1,988,983.83","84,963.00",23.41,United States,NYSE,USD,1.00,USD,-
TRNO,TERRENO REALTY REIT,Real Estate,Equity,"1,987,450.65",0.01,"1,987,450.65","28,617.00",69.45,United States,NYSE,USD,1.00,USD,-
NFG,NATIONAL FUEL GAS,Utilities,Equity,"1,975,577.10",0.01,"1,975,577.10","25,039.00",78.90,United States,NYSE,USD,1.00,USD,-
ENS,ENERSYS,Industrials,Equity,"1,972,749.30",0.01,"1,972,749.30","10,390.00",189.87,United States,NYSE,USD,1.00,USD,-
ST,SENSATA TECHNOLOGIES HOLDING PLC,Industrials,Equity,"1,961,517.03",0.01,"1,961,517.03","41,217.00",47.59,United States,NYSE,USD,1.00,USD,-
PAYC,PAYCOM SOFTWARE,Industrials,Equity,"1,951,642.00",0.01,"1,951,642.00","11,165.00",174.80,United States,NYSE,USD,1.00,USD,-
CHE,CHEMED CORP,Health Care,Equity,"1,941,750.03",0.01,"1,941,750.03","3,553.00",546.51,United States,NYSE,USD,1.00,USD,-
MTG,MGIC INVESTMENT,Financials,Equity,"1,942,465.00",0.01,"1,942,465.00","63,500.00",30.59,United States,NYSE,USD,1.00,USD,-
SARO,STANDARDAERO,Industrials,Equity,"1,939,551.46",0.01,"1,939,551.46","62,546.00",31.01,United States,NYSE,USD,1.00,USD,-
H,HYATT HOTELS CORP CLASS A,Consumer Discretionary,Equity,"1,935,806.20",0.01,"1,935,806.20","10,820.00",178.91,United States,NYSE,USD,1.00,USD,-
CAG,CONAGRA BRANDS,Consumer Staples,Equity,"1,934,984.13",0.01,"1,934,984.13","128,913.00",15.01,United States,NYSE,USD,1.00,USD,-
OSCR,OSCAR HEALTH CLASS A,Financials,Equity,"1,930,261.77",0.01,"1,930,261.77","64,107.00",30.11,United States,NYSE,USD,1.00,USD,-
VNO,VORNADO REALTY TRUST REIT,Real Estate,Equity,"1,928,531.02",0.01,"1,928,531.02","48,322.00",39.91,United States,NYSE,USD,1.00,USD,-
CLF,CLEVELAND CLIFFS INC,Materials,Equity,"1,925,608.30",0.01,"1,925,608.30","152,222.00",12.65,United States,NYSE,USD,1.00,USD,-
FLR,FLUOR CORP,Industrials,Equity,"1,927,052.40",0.01,"1,927,052.40","38,220.00",50.42,United States,NYSE,USD,1.00,USD,-
AM,ANTERO MIDSTREAM,Energy,Equity,"1,922,576.44",0.01,"1,922,576.44","90,859.00",21.16,United States,NYSE,USD,1.00,USD,-
HLI,HOULIHAN LOKEY INC CLASS A,Financials,Equity,"1,922,978.19",0.01,"1,922,978.19","15,001.00",128.19,United States,NYSE,USD,1.00,USD,-
MHK,MOHAWK INDUSTRIES,Consumer Discretionary,Equity,"1,919,335.05",0.01,"1,919,335.05","14,145.00",135.69,United States,NYSE,USD,1.00,USD,-
M,MACYS INC,Consumer Discretionary,Equity,"1,920,112.19",0.01,"1,920,112.19","75,269.00",25.51,United States,NYSE,USD,1.00,USD,-
OWL,BLUE OWL CAPITAL CLASS A,Financials,Equity,"1,918,235.55",0.01,"1,918,235.55","166,081.00",11.55,United States,NYSE,USD,1.00,USD,-
PCVX,VAXCYTE,Health Care,Equity,"1,910,618.64",0.01,"1,910,618.64","34,167.00",55.92,United States,NASDAQ,USD,1.00,USD,-
PCOR,PROCORE TECHNOLOGIES INC,Information Technology,Equity,"1,908,830.44",0.01,"1,908,830.44","34,276.00",55.69,United States,NYSE,USD,1.00,USD,-
KEX,KIRBY CORP,Industrials,Equity,"1,905,276.30",0.01,"1,905,276.30","14,533.00",131.10,United States,NYSE,USD,1.00,USD,-
TPG,TPG INC CLASS A,Financials,Equity,"1,903,991.31",0.01,"1,903,991.31","39,741.00",47.91,United States,NASDAQ,USD,1.00,USD,-
STAG,STAG INDUSTRIAL REIT,Real Estate,Equity,"1,899,912.79",0.01,"1,899,912.79","50,977.00",37.27,United States,NYSE,USD,1.00,USD,-
ACA,ARCOSA,Industrials,Equity,"1,896,861.96",0.01,"1,896,861.96","13,053.00",145.32,United States,NYSE,USD,1.00,USD,-
FOX,FOX CLASS B,Communication,Equity,"1,895,434.20",0.01,"1,895,434.20","36,311.00",52.20,United States,NASDAQ,USD,1.00,USD,-
MSA,MSA SAFETY,Industrials,Equity,"1,896,479.16",0.01,"1,896,479.16","9,836.00",192.81,United States,NYSE,USD,1.00,USD,-
CRUS,CIRRUS LOGIC,Information Technology,Equity,"1,893,285.18",0.01,"1,893,285.18","14,629.00",129.42,United States,NASDAQ,USD,1.00,USD,-
CART,MAPLEBEAR,Consumer Staples,Equity,"1,893,679.95",0.01,"1,893,679.95","41,757.00",45.35,United States,NASDAQ,USD,1.00,USD,-
GTES,GATES INDUSTRIAL PLC,Industrials,Equity,"1,894,420.80",0.01,"1,894,420.80","64,656.00",29.30,United States,NYSE,USD,1.00,USD,-
HWC,HANCOCK WHITNEY,Financials,Equity,"1,886,885.44",0.01,"1,886,885.44","24,092.00",78.32,United States,NASDAQ,USD,1.00,USD,-
XP,XP CLASS A INC,Financials,Equity,"1,887,734.52",0.01,"1,887,734.52","111,174.00",16.98,Brazil,NASDAQ,USD,1.00,USD,-
INGR,INGREDION INC,Consumer Staples,Equity,"1,887,934.62",0.01,"1,887,934.62","18,278.00",103.29,United States,NYSE,USD,1.00,USD,-
COGT,COGENT BIOSCIENCES,Health Care,Equity,"1,878,309.72",0.01,"1,878,309.72","44,436.00",42.27,United States,NASDAQ,USD,1.00,USD,-
VLY,VALLEY NATIONAL,Financials,Equity,"1,872,570.14",0.01,"1,872,570.14","126,782.00",14.77,United States,NASDAQ,USD,1.00,USD,-
ECG,EVERUS CONSTRUCTION GROUP,Industrials,Equity,"1,871,834.25",0.01,"1,871,834.25","13,299.00",140.75,United States,NYSE,USD,1.00,USD,-
QLYS,QUALYS,Information Technology,Equity,"1,868,233.75",0.01,"1,868,233.75","10,195.00",183.25,United States,NASDAQ,USD,1.00,USD,-
MP,MP MATERIALS CORP CLASS A,Materials,Equity,"1,864,705.11",0.01,"1,864,705.11","38,921.00",47.91,United States,NYSE,USD,1.00,USD,-
POOL,POOL,Consumer Discretionary,Equity,"1,861,116.41",0.01,"1,861,116.41","9,007.00",206.63,United States,NASDAQ,USD,1.00,USD,-
SLAB,SILICON LABORATORIES,Information Technology,Equity,"1,861,938.36",0.01,"1,861,938.36","8,532.00",218.23,United States,NASDAQ,USD,1.00,USD,-
MAC,MACERICH REIT,Real Estate,Equity,"1,844,024.92",0.01,"1,844,024.92","72,628.00",25.39,United States,NYSE,USD,1.00,USD,-
LEA,LEAR,Consumer Discretionary,Equity,"1,840,592.11",0.01,"1,840,592.11","14,693.00",125.27,United States,NYSE,USD,1.00,USD,-
FNB,FNB CORP,Financials,Equity,"1,841,028.77",0.01,"1,841,028.77","95,837.00",19.21,United States,NYSE,USD,1.00,USD,-
AS,AMER SPORTS INC,Consumer Discretionary,Equity,"1,838,483.42",0.01,"1,838,483.42","50,054.00",36.73,United States,NYSE,USD,1.00,USD,-
CHYM,CHIME FINANCIAL CLASS A,Financials,Equity,"1,835,758.08",0.01,"1,835,758.08","70,824.00",25.92,United States,NASDAQ,USD,1.00,USD,-
AMKR,AMKOR TECHNOLOGY,Information Technology,Equity,"1,832,317.20",0.01,"1,832,317.20","34,020.00",53.86,United States,NASDAQ,USD,1.00,USD,-
S,SENTINELONE INC CLASS A,Information Technology,Equity,"1,833,153.00",0.01,"1,833,153.00","87,293.00",21.00,United States,NYSE,USD,1.00,USD,-
BIO,BIO RAD LABORATORIES CLASS A,Health Care,Equity,"1,830,439.32",0.01,"1,830,439.32","5,262.00",347.86,United States,NYSE,USD,1.00,USD,-
ESTC,ELASTIC,Information Technology,Equity,"1,824,363.24",0.01,"1,824,363.24","26,167.00",69.72,United States,NYSE,USD,1.00,USD,-
HR,HEALTHCARE REALTY TRUST INC CLASS,Real Estate,Equity,"1,821,357.14",0.01,"1,821,357.14","89,326.00",20.39,United States,NYSE,USD,1.00,USD,-
CORZ,CORE SCIENTIFIC INC,Information Technology,Equity,"1,818,535.18",0.01,"1,818,535.18","83,534.00",21.77,United States,NASDAQ,USD,1.00,USD,-
PCTY,PAYLOCITY HOLDING CORP,Industrials,Equity,"1,814,958.99",0.01,"1,814,958.99","12,279.00",147.81,United States,NASDAQ,USD,1.00,USD,-
CROX,CROCS,Consumer Discretionary,Equity,"1,809,877.60",0.01,"1,809,877.60","13,180.00",137.32,United States,NASDAQ,USD,1.00,USD,-
RYN,RAYONIER REIT,Real Estate,Equity,"1,803,702.24",0.01,"1,803,702.24","81,912.00",22.02,United States,NYSE,USD,1.00,USD,-
CAVA,CAVA GROUP,Consumer Discretionary,Equity,"1,797,111.03",0.01,"1,797,111.03","27,159.00",66.17,United States,NYSE,USD,1.00,USD,-
KYMR,KYMERA THERAPEUTICS,Health Care,Equity,"1,790,733.96",0.01,"1,790,733.96","16,977.00",105.48,United States,NASDAQ,USD,1.00,USD,-
TFX,TELEFLEX,Health Care,Equity,"1,787,851.38",0.01,"1,787,851.38","13,071.00",136.78,United States,NYSE,USD,1.00,USD,-
AUB,ATLANTIC UNION BANKSHARES,Financials,Equity,"1,787,997.24",0.01,"1,787,997.24","41,562.00",43.02,United States,NYSE,USD,1.00,USD,-
SWX,SOUTHWEST GAS HOLDINGS,Utilities,Equity,"1,786,380.34",0.01,"1,786,380.34","19,702.00",90.67,United States,NYSE,USD,1.00,USD,-
HIMS,HIMS HERS HEALTH CLASS A,Health Care,Equity,"1,783,699.05",0.01,"1,783,699.05","56,357.00",31.65,United States,NYSE,USD,1.00,USD,-
FND,FLOOR DECOR HOLDINGS CLASS A,Consumer Discretionary,Equity,"1,781,461.73",0.01,"1,781,461.73","28,417.00",62.69,United States,NYSE,USD,1.00,USD,-
ESNT,ESSENT GROUP,Financials,Equity,"1,781,603.37",0.01,"1,781,603.37","26,787.00",66.51,United States,NYSE,USD,1.00,USD,-
CZR,CAESARS ENTERTAINMENT INC,Consumer Discretionary,Equity,"1,780,445.10",0.01,"1,780,445.10","59,151.00",30.10,United States,NASDAQ,USD,1.00,USD,-
TWST,TWIST BIOSCIENCE,Health Care,Equity,"1,771,384.02",0.01,"1,771,384.02","15,402.00",115.01,United States,NASDAQ,USD,1.00,USD,-
GBCI,GLACIER BANCORP INC,Financials,Equity,"1,772,800.00",0.01,"1,772,800.00","35,456.00",50.00,United States,NYSE,USD,1.00,USD,-
SSRM,SSR MINING,Materials,Equity,"1,769,435.00",0.01,"1,769,435.00","61,015.00",29.00,Canada,NASDAQ,USD,1.00,USD,-
UHALB,U HAUL NON VOTING SERIES N,Industrials,Equity,"1,770,095.70",0.01,"1,770,095.70","27,270.00",64.91,United States,NYSE,USD,1.00,USD,-
LNTH,LANTHEUS HOLDINGS,Health Care,Equity,"1,764,171.50",0.01,"1,764,171.50","17,381.00",101.50,United States,NASDAQ,USD,1.00,USD,-
UBSI,UNITED BANKSHARES,Financials,Equity,"1,762,511.88",0.01,"1,762,511.88","35,911.00",49.08,United States,NASDAQ,USD,1.00,USD,-
TAP,MOLSON COORS BREWING CLASS B,Consumer Staples,Equity,"1,748,030.63",0.01,"1,748,030.63","41,749.00",41.87,United States,NYSE,USD,1.00,USD,-
FPS,FORGENT POWER SOLUTIONS CLASS A,Industrials,Equity,"1,742,865.69",0.01,"1,742,865.69","45,281.00",38.49,United States,NYSE,USD,1.00,USD,-
FBIN,FORTUNE BRANDS INNOVATIONS INC,Industrials,Equity,"1,742,930.28",0.01,"1,742,930.28","33,332.00",52.29,United States,NYSE,USD,1.00,USD,-
WEX,WEX,Financials,Equity,"1,741,004.40",0.01,"1,741,004.40","9,241.00",188.40,United States,NYSE,USD,1.00,USD,-
LKQ,LKQ CORP,Consumer Discretionary,Equity,"1,738,186.34",0.01,"1,738,186.34","72,094.00",24.11,United States,NASDAQ,USD,1.00,USD,-
WFRD,WEATHERFORD INTERNATIONAL PLC,Energy,Equity,"1,735,544.84",0.01,"1,735,544.84","19,828.00",87.53,United States,NASDAQ,USD,1.00,USD,-
AGCO,AGCO,Industrials,Equity,"1,732,299.72",0.01,"1,732,299.72","16,684.00",103.83,United States,NYSE,USD,1.00,USD,-
ALK,ALASKA AIR GROUP INC,Industrials,Equity,"1,732,536.30",0.01,"1,732,536.30","33,286.00",52.05,United States,NYSE,USD,1.00,USD,-
MATX,MATSON INC,Industrials,Equity,"1,730,599.71",0.01,"1,730,599.71","8,421.00",205.51,United States,NYSE,USD,1.00,USD,-
DOX,AMDOCS,Information Technology,Equity,"1,731,848.67",0.01,"1,731,848.67","31,323.00",55.29,United States,NASDAQ,USD,1.00,USD,-
XENE,XENON PHARMACEUTICALS,Health Care,Equity,"1,728,898.40",0.01,"1,728,898.40","26,888.00",64.30,United States,NASDAQ,USD,1.00,USD,-
JBTM,JBT MAREL,Industrials,Equity,"1,718,144.82",0.01,"1,718,144.82","14,082.00",122.01,United States,NYSE,USD,1.00,USD,-
MSGS,MADISON SQUARE GARDEN SPORTS CLASS,Communication,Equity,"1,718,417.85",0.01,"1,718,417.85","4,391.00",391.35,United States,NYSE,USD,1.00,USD,-
AVAV,AEROVIRONMENT,Industrials,Equity,"1,719,253.80",0.01,"1,719,253.80","10,230.00",168.06,United States,NASDAQ,USD,1.00,USD,-
LYFT,LYFT CLASS A,Industrials,Equity,"1,712,931.20",0.01,"1,712,931.20","103,940.00",16.48,United States,NASDAQ,USD,1.00,USD,-
HRB,H&R BLOCK INC,Consumer Discretionary,Equity,"1,713,205.08",0.01,"1,713,205.08","37,341.00",45.88,United States,NYSE,USD,1.00,USD,-
MBGL,MOBILITY GLOBAL INC,Industrials,Equity,"1,707,050.44",0.01,"1,707,050.44","80,294.00",21.26,United States,NYSE,USD,1.00,USD,-
ENVA,ENOVA INTERNATIONAL,Financials,Equity,"1,704,632.62",0.01,"1,704,632.62","6,481.00",263.02,United States,NYSE,USD,1.00,USD,-
WULF,TERAWULF,Information Technology,Equity,"1,690,574.99",0.01,"1,690,574.99","93,557.00",18.07,United States,NASDAQ,USD,1.00,USD,-
VSXY,VICTORIA S SECRET,Consumer Discretionary,Equity,"1,687,930.24",0.01,"1,687,930.24","18,784.00",89.86,United States,NYSE,USD,1.00,USD,-
LSTR,LANDSTAR SYSTEM,Industrials,Equity,"1,688,042.20",0.01,"1,688,042.20","9,412.00",179.35,United States,NASDAQ,USD,1.00,USD,-
PRMB,PRIMO BRANDS CLASS A CORP,Consumer Staples,Equity,"1,685,375.16",0.01,"1,685,375.16","66,563.00",25.32,United States,NYSE,USD,1.00,USD,-
EPAM,EPAM SYSTEMS,Information Technology,Equity,"1,675,847.11",0.01,"1,675,847.11","15,253.00",109.87,United States,NYSE,USD,1.00,USD,-
HOMB,HOME BANCSHARES INC,Financials,Equity,"1,670,484.04",0.01,"1,670,484.04","53,524.00",31.21,United States,NYSE,USD,1.00,USD,-
AAON,AAON INC,Industrials,Equity,"1,667,943.90",0.01,"1,667,943.90","17,906.00",93.15,United States,NASDAQ,USD,1.00,USD,-
LUMN,LUMEN TECHNOLOGIES,Communication,Equity,"1,665,688.96",0.01,"1,665,688.96","273,962.00",6.08,United States,NYSE,USD,1.00,USD,-
GFS,GLOBALFOUNDRIES,Information Technology,Equity,"1,661,608.70",0.01,"1,661,608.70","33,595.00",49.46,United States,NASDAQ,USD,1.00,USD,-
DVA,DAVITA INC,Health Care,Equity,"1,656,320.82",0.01,"1,656,320.82","8,778.00",188.69,United States,NYSE,USD,1.00,USD,-
LTH,LIFE TIME GROUP HOLDINGS,Consumer Discretionary,Equity,"1,656,805.46",0.01,"1,656,805.46","36,566.00",45.31,United States,NYSE,USD,1.00,USD,-
GATX,GATX,Industrials,Equity,"1,653,917.76",0.01,"1,653,917.76","9,213.00",179.52,United States,NYSE,USD,1.00,USD,-
ULS,UL SOLUTIONS INC CLASS A,Industrials,Equity,"1,654,911.75",0.01,"1,654,911.75","20,935.00",79.05,United States,NYSE,USD,1.00,USD,-
OKLO,OKLO CLASS A,Utilities,Equity,"1,647,161.85",0.01,"1,647,161.85","38,315.00",42.99,United States,NYSE,USD,1.00,USD,-
SIGI,SELECTIVE INSURANCE GROUP,Financials,Equity,"1,647,790.98",0.01,"1,647,790.98","17,042.00",96.69,United States,NASDAQ,USD,1.00,USD,-
EPRT,ESSENTIAL PROPERTIES REALTY TRUST,Real Estate,Equity,"1,646,157.74",0.01,"1,646,157.74","53,551.00",30.74,United States,NYSE,USD,1.00,USD,-
CIFR,CIPHER DIGITAL INC,Information Technology,Equity,"1,641,783.79",0.01,"1,641,783.79","87,749.00",18.71,United States,NASDAQ,USD,1.00,USD,-
Z,ZILLOW GROUP CLASS C,Real Estate,Equity,"1,641,936.30",0.01,"1,641,936.30","45,483.00",36.10,United States,NASDAQ,USD,1.00,USD,-
PL,PLANET LABS CLASS A,Industrials,Equity,"1,639,953.60",0.01,"1,639,953.60","73,376.00",22.35,United States,NYSE,USD,1.00,USD,-
FIG,FIGMA CLASS A,Information Technology,Equity,"1,636,134.30",0.01,"1,636,134.30","58,122.00",28.15,United States,NYSE,USD,1.00,USD,-
LGND,LIGAND PHARMACEUTICALS,Health Care,Equity,"1,632,667.72",0.01,"1,632,667.72","5,396.00",302.57,United States,NASDAQ,USD,1.00,USD,-
MRCY,MERCURY SYSTEMS INC,Industrials,Equity,"1,628,253.20",0.01,"1,628,253.20","15,155.00",107.44,United States,NASDAQ,USD,1.00,USD,-
ACIW,ACI WORLDWIDE,Information Technology,Equity,"1,624,765.85",0.01,"1,624,765.85","28,115.00",57.79,United States,NASDAQ,USD,1.00,USD,-
AROC,ARCHROCK INC,Energy,Equity,"1,626,129.18",0.01,"1,626,129.18","47,926.00",33.93,United States,NYSE,USD,1.00,USD,-
ORA,ORMAT TECH INC,Utilities,Equity,"1,614,585.44",0.01,"1,614,585.44","16,472.00",98.02,United States,NYSE,USD,1.00,USD,-
BC,BRUNSWICK CORP,Consumer Discretionary,Equity,"1,611,255.24",0.01,"1,611,255.24","19,278.00",83.58,United States,NYSE,USD,1.00,USD,-
PBF,PBF ENERGY CLASS A,Energy,Equity,"1,611,340.14",0.01,"1,611,340.14","26,342.00",61.17,United States,NYSE,USD,1.00,USD,-
MKTX,MARKETAXESS HOLDINGS,Financials,Equity,"1,611,756.84",0.01,"1,611,756.84","9,924.00",162.41,United States,NASDAQ,USD,1.00,USD,-
POWL,POWELL INDUSTRIES INC,Industrials,Equity,"1,595,391.14",0.01,"1,595,391.14","7,658.00",208.33,United States,NASDAQ,USD,1.00,USD,-
MIDD,MIDDLEBY,Industrials,Equity,"1,592,410.44",0.01,"1,592,410.44","11,766.00",135.34,United States,NASDAQ,USD,1.00,USD,-
NXST,NEXSTAR MEDIA GROUP INC,Communication,Equity,"1,586,560.47",0.01,"1,586,560.47","8,349.00",190.03,United States,NASDAQ,USD,1.00,USD,-
SIRI,SIRIUSXM HOLDINGS,Communication,Equity,"1,586,668.10",0.01,"1,586,668.10","51,683.00",30.70,United States,NASDAQ,USD,1.00,USD,-
CWST,CASELLA WASTE SYSTEMS CLASS A,Industrials,Equity,"1,587,765.36",0.01,"1,587,765.36","17,634.00",90.04,United States,NASDAQ,USD,1.00,USD,-
LQDA,LIQUIDIA,Health Care,Equity,"1,582,147.36",0.01,"1,582,147.36","17,753.00",89.12,United States,NASDAQ,USD,1.00,USD,-
MSM,MSC INDUSTRIAL CLASS A,Industrials,Equity,"1,582,935.42",0.01,"1,582,935.42","12,606.00",125.57,United States,NYSE,USD,1.00,USD,-
ZETA,ZETA GLOBAL HOLDINGS CLASS A,Information Technology,Equity,"1,581,158.70",0.01,"1,581,158.70","58,410.00",27.07,United States,NYSE,USD,1.00,USD,-
RDN,RADIAN GROUP,Financials,Equity,"1,578,472.66",0.01,"1,578,472.66","40,298.00",39.17,United States,NYSE,USD,1.00,USD,-
MTDR,MATADOR RESOURCES,Energy,Equity,"1,575,975.30",0.01,"1,575,975.30","33,510.00",47.03,United States,NYSE,USD,1.00,USD,-
FTDR,FRONTDOOR INC,Consumer Discretionary,Equity,"1,572,129.54",0.01,"1,572,129.54","20,583.00",76.38,United States,NASDAQ,USD,1.00,USD,-
VSEC,VSE CORP,Industrials,Equity,"1,571,307.25",0.01,"1,571,307.25","7,283.00",215.75,United States,NASDAQ,USD,1.00,USD,-
MTN,VAIL RESORTS,Consumer Discretionary,Equity,"1,566,297.30",0.01,"1,566,297.30","10,355.00",151.26,United States,NYSE,USD,1.00,USD,-
BRKR,BRUKER,Health Care,Equity,"1,567,488.78",0.01,"1,567,488.78","29,874.00",52.47,United States,NASDAQ,USD,1.00,USD,-
RYTM,RHYTHM PHARMACEUTICALS,Health Care,Equity,"1,560,125.32",0.01,"1,560,125.32","14,092.00",110.71,United States,NASDAQ,USD,1.00,USD,-
PTCT,PTC THERAPEUTICS,Health Care,Equity,"1,558,470.78",0.01,"1,558,470.78","22,518.00",69.21,United States,NASDAQ,USD,1.00,USD,-
RITM,RITHM CAPITAL CORP,Financials,Equity,"1,558,541.10",0.01,"1,558,541.10","154,311.00",10.10,United States,NYSE,USD,1.00,USD,-
CSW,CSW INDUSTRIALS,Industrials,Equity,"1,554,366.76",0.01,"1,554,366.76","4,492.00",346.03,United States,NYSE,USD,1.00,USD,-
SON,SONOCO PRODUCTS,Materials,Equity,"1,554,919.08",0.01,"1,554,919.08","26,598.00",58.46,United States,NYSE,USD,1.00,USD,-
CVLT,COMMVAULT SYSTEMS,Information Technology,Equity,"1,552,495.86",0.01,"1,552,495.86","11,658.00",133.17,United States,NASDAQ,USD,1.00,USD,-
WH,WYNDHAM HOTELS RESORTS,Consumer Discretionary,Equity,"1,550,564.40",0.01,"1,550,564.40","20,370.00",76.12,United States,NYSE,USD,1.00,USD,-
KRG,KITE REALTY GROUP TRUST REIT,Real Estate,Equity,"1,545,894.72",0.01,"1,545,894.72","56,502.00",27.36,United States,NYSE,USD,1.00,USD,-
GNTX,GENTEX,Consumer Discretionary,Equity,"1,543,583.52",0.01,"1,543,583.52","63,996.00",24.12,United States,NASDAQ,USD,1.00,USD,-
BSY,BENTLEY SYSTEMS INC CLASS B,Information Technology,Equity,"1,544,277.96",0.01,"1,544,277.96","42,849.00",36.04,United States,NASDAQ,USD,1.00,USD,-
UFPI,UFP INDUSTRIES,Industrials,Equity,"1,544,474.70",0.01,"1,544,474.70","16,661.00",92.70,United States,NASDAQ,USD,1.00,USD,-
G,GENPACT,Industrials,Equity,"1,545,213.97",0.01,"1,545,213.97","43,811.00",35.27,United States,NYSE,USD,1.00,USD,-
POR,PORTLAND GENERAL ELECTRIC,Utilities,Equity,"1,545,317.25",0.01,"1,545,317.25","31,377.00",49.25,United States,NYSE,USD,1.00,USD,-
CHWY,CHEWY INC CLASS A,Consumer Discretionary,Equity,"1,539,746.28",0.01,"1,539,746.28","64,076.00",24.03,United States,NYSE,USD,1.00,USD,-
CNO,CNO FINANCIAL GROUP,Financials,Equity,"1,540,609.92",0.01,"1,540,609.92","27,669.00",55.68,United States,NYSE,USD,1.00,USD,-
SLM,SLM CORP,Financials,Equity,"1,538,045.30",0.01,"1,538,045.30","55,990.00",27.47,United States,NASDAQ,USD,1.00,USD,-
DFTX,DEFINIUM THERAPEUTICS INC,Health Care,Equity,"1,536,204.73",0.01,"1,536,204.73","34,607.00",44.39,United States,NASDAQ,USD,1.00,USD,-
OZK,BANK OZK,Financials,Equity,"1,536,441.60",0.01,"1,536,441.60","29,776.00",51.60,United States,NASDAQ,USD,1.00,USD,-
NOVT,NOVANTA,Information Technology,Equity,"1,533,190.56",0.01,"1,533,190.56","10,013.00",153.12,United States,NASDAQ,USD,1.00,USD,-
RNG,RINGCENTRAL INC CLASS A,Information Technology,Equity,"1,531,466.80",0.01,"1,531,466.80","24,910.00",61.48,United States,NYSE,USD,1.00,USD,-
CHDN,CHURCHILL DOWNS,Consumer Discretionary,Equity,"1,529,457.00",0.01,"1,529,457.00","17,700.00",86.41,United States,NASDAQ,USD,1.00,USD,-
ANF,ABERCROMBIE AND FITCH CLASS A,Consumer Discretionary,Equity,"1,530,220.45",0.01,"1,530,220.45","13,981.00",109.45,United States,NYSE,USD,1.00,USD,-
MTRN,MATERION,Materials,Equity,"1,522,237.92",0.01,"1,522,237.92","5,124.00",297.08,United States,NYSE,USD,1.00,USD,-
STWD,STARWOOD PROPERTY TRUST REIT INC,Financials,Equity,"1,519,995.49",0.01,"1,519,995.49","93,769.00",16.21,United States,NYSE,USD,1.00,USD,-
PATH,UIPATH INC CLASS A,Information Technology,Equity,"1,517,090.50",0.01,"1,517,090.50","109,775.00",13.82,United States,NYSE,USD,1.00,USD,-
SXT,SENSIENT TECHNOLOGIES,Materials,Equity,"1,517,830.65",0.01,"1,517,830.65","11,655.00",130.23,United States,NYSE,USD,1.00,USD,-
AN,AUTONATION,Consumer Discretionary,Equity,"1,515,854.50",0.01,"1,515,854.50","7,025.00",215.78,United States,NYSE,USD,1.00,USD,-
GTX,GARRETT MOTION,Consumer Discretionary,Equity,"1,511,229.33",0.01,"1,511,229.33","48,113.00",31.41,United States,NASDAQ,USD,1.00,USD,-
GXO,GXO LOGISTICS,Industrials,Equity,"1,507,315.86",0.01,"1,507,315.86","31,653.00",47.62,United States,NYSE,USD,1.00,USD,-
MTH,MERITAGE CORP,Consumer Discretionary,Equity,"1,498,800.00",0.01,"1,498,800.00","20,000.00",74.94,United States,NYSE,USD,1.00,USD,-
ABCB,AMERIS BANCORP,Financials,Equity,"1,498,844.78",0.01,"1,498,844.78","16,858.00",88.91,United States,NYSE,USD,1.00,USD,-
APGE,APOGEE THERAPEUTICS,Health Care,Equity,"1,500,557.17",0.01,"1,500,557.17","11,179.00",134.23,United States,NASDAQ,USD,1.00,USD,-
MXL,MAXLINEAR,Information Technology,Equity,"1,495,318.36",0.01,"1,495,318.36","22,166.00",67.46,United States,NASDAQ,USD,1.00,USD,-
BIPC,BROOKFIELD INFRASTRUCTURE CORP CLA,Utilities,Equity,"1,496,459.34",0.01,"1,496,459.34","37,281.00",40.14,Canada,NYSE,USD,1.00,USD,-
NJR,NEW JERSEY RESOURCES CORP,Utilities,Equity,"1,491,866.60",0.01,"1,491,866.60","26,929.00",55.40,United States,NYSE,USD,1.00,USD,-
BCPC,BALCHEM,Materials,Equity,"1,487,711.59",0.01,"1,487,711.59","8,321.00",178.79,United States,NASDAQ,USD,1.00,USD,-
IBP,INSTALLED BUILDING PRODUCTS INC,Consumer Discretionary,Equity,"1,485,044.99",0.01,"1,485,044.99","6,149.00",241.51,United States,NYSE,USD,1.00,USD,-
AX,AXOS FINANCIAL,Financials,Equity,"1,478,462.02",0.01,"1,478,462.02","14,242.00",103.81,United States,NYSE,USD,1.00,USD,-
RLI,RLI CORP,Financials,Equity,"1,478,091.78",0.01,"1,478,091.78","23,529.00",62.82,United States,NYSE,USD,1.00,USD,-
TXNM,TXNM ENERGY INC,Utilities,Equity,"1,471,972.32",0.01,"1,471,972.32","25,662.00",57.36,United States,NYSE,USD,1.00,USD,-
BKH,BLACK HILLS CORP,Utilities,Equity,"1,468,682.16",0.01,"1,468,682.16","20,478.00",71.72,United States,NYSE,USD,1.00,USD,-
VNT,VONTIER,Information Technology,Equity,"1,467,176.80",0.01,"1,467,176.80","43,640.00",33.62,United States,NYSE,USD,1.00,USD,-
BDC,BELDEN,Information Technology,Equity,"1,465,225.58",0.01,"1,465,225.58","11,431.00",128.18,United States,NYSE,USD,1.00,USD,-
TXG,10X GENOMICS CLASS A,Health Care,Equity,"1,461,768.00",0.01,"1,461,768.00","30,800.00",47.46,United States,NASDAQ,USD,1.00,USD,-
HRI,HERC HOLDINGS,Industrials,Equity,"1,459,704.18",0.01,"1,459,704.18","8,646.00",168.83,United States,NYSE,USD,1.00,USD,-
DBX,DROPBOX INC CLASS A,Information Technology,Equity,"1,451,065.00",0.01,"1,451,065.00","41,459.00",35.00,United States,NASDAQ,USD,1.00,USD,-
GTLB,GITLAB CLASS A,Information Technology,Equity,"1,447,159.36",0.01,"1,447,159.36","40,021.00",36.16,United States,NASDAQ,USD,1.00,USD,-
RGTI,RIGETTI COMPUTING,Information Technology,Equity,"1,447,358.90",0.01,"1,447,358.90","86,255.00",16.78,United States,NASDAQ,USD,1.00,USD,-
KGS,KODIAK GAS SERVICES INC,Energy,Equity,"1,440,696.40",0.01,"1,440,696.40","24,904.00",57.85,United States,NYSE,USD,1.00,USD,-
TREX,TREX,Industrials,Equity,"1,441,495.60",0.01,"1,441,495.60","29,080.00",49.57,United States,NYSE,USD,1.00,USD,-
JOBY,JOBY AVIATION CLASS A,Industrials,Equity,"1,438,226.40",0.01,"1,438,226.40","184,388.00",7.80,United States,NYSE,USD,1.00,USD,-
VFC,VF CORP,Consumer Discretionary,Equity,"1,436,326.62",0.01,"1,436,326.62","94,371.00",15.22,United States,NYSE,USD,1.00,USD,-
ENPH,ENPHASE ENERGY,Information Technology,Equity,"1,428,569.15",0.01,"1,428,569.15","36,677.00",38.95,United States,NASDAQ,USD,1.00,USD,-
PECO,PHILLIPS EDISON AND COMPANY,Real Estate,Equity,"1,425,736.62",0.01,"1,425,736.62","34,289.00",41.58,United States,NASDAQ,USD,1.00,USD,-
ESAB,ESAB CORP,Industrials,Equity,"1,426,442.22",0.01,"1,426,442.22","15,426.00",92.47,United States,NYSE,USD,1.00,USD,-
SRRK,SCHOLAR ROCK HOLDING,Health Care,Equity,"1,423,558.06",0.01,"1,423,558.06","29,738.00",47.87,United States,NASDAQ,USD,1.00,USD,-
CGON,CG ONCOLOGY,Health Care,Equity,"1,421,170.08",0.01,"1,421,170.08","19,624.00",72.42,United States,NASDAQ,USD,1.00,USD,-
DNTH,DIANTHUS THERAPEUTICS INC,Health Care,Equity,"1,416,600.00",0.01,"1,416,600.00","12,592.00",112.50,United States,NASDAQ,USD,1.00,USD,-
TTAN,SERVICETITAN INC CLASS A,Information Technology,Equity,"1,413,323.50",0.01,"1,413,323.50","16,339.00",86.50,United States,NASDAQ,USD,1.00,USD,-
VSNT,VERSANT MEDIA GROUP INC CLASS A,Communication,Equity,"1,413,597.63",0.01,"1,413,597.63","39,497.00",35.79,United States,NASDAQ,USD,1.00,USD,-
NEU,NEWMARKET,Materials,Equity,"1,414,214.72",0.01,"1,414,214.72","1,604.00",881.68,United States,NYSE,USD,1.00,USD,-
WTM,WHITE MOUNTAINS INSURANCE GROUP,Financials,Equity,"1,410,755.88",0.01,"1,410,755.88",668.00,"2,111.91",United States,NYSE,USD,1.00,USD,-
EBC,EASTERN BANKSHARES INC,Financials,Equity,"1,408,959.20",0.01,"1,408,959.20","60,731.00",23.20,United States,NASDAQ,USD,1.00,USD,-
SAIC,SCIENCE APPLICATIONS INTERNATIONAL,Industrials,Equity,"1,406,788.20",0.01,"1,406,788.20","11,694.00",120.30,United States,NASDAQ,USD,1.00,USD,-
TVTX,TRAVERE THERAPEUTICS,Health Care,Equity,"1,403,439.12",0.01,"1,403,439.12","22,362.00",62.76,United States,NASDAQ,USD,1.00,USD,-
AIR,AAR,Industrials,Equity,"1,403,988.46",0.01,"1,403,988.46","9,562.00",146.83,United States,NYSE,USD,1.00,USD,-
SKY,CHAMPION HOMES INC,Consumer Discretionary,Equity,"1,404,228.64",0.01,"1,404,228.64","15,404.00",91.16,United States,NYSE,USD,1.00,USD,-
ALGM,ALLEGRO MICROSYSTEMS INC,Information Technology,Equity,"1,404,814.40",0.01,"1,404,814.40","33,608.00",41.80,United States,NASDAQ,USD,1.00,USD,-
VICR,VICOR,Industrials,Equity,"1,399,921.20",0.01,"1,399,921.20","6,390.00",219.08,United States,NASDAQ,USD,1.00,USD,-
PSMT,PRICESMART,Consumer Staples,Equity,"1,400,319.36",0.01,"1,400,319.36","7,506.00",186.56,United States,NASDAQ,USD,1.00,USD,-
MUR,MURPHY OIL CORP,Energy,Equity,"1,398,315.96",0.01,"1,398,315.96","38,799.00",36.04,United States,NYSE,USD,1.00,USD,-
GVA,GRANITE CONSTRUCTION INC,Industrials,Equity,"1,390,915.74",0.01,"1,390,915.74","11,278.00",123.33,United States,NYSE,USD,1.00,USD,-
TEM,TEMPUS AI INC CLASS A,Health Care,Equity,"1,391,566.60",0.01,"1,391,566.60","29,798.00",46.70,United States,NASDAQ,USD,1.00,USD,-
EXLS,EXLSERVICE HOLDINGS,Industrials,Equity,"1,391,657.60",0.01,"1,391,657.60","41,320.00",33.68,United States,NASDAQ,USD,1.00,USD,-
MYRG,MYR GROUP INC,Industrials,Equity,"1,385,145.50",0.01,"1,385,145.50","4,150.00",333.77,United States,NASDAQ,USD,1.00,USD,-
UEC,URANIUM ENERGY,Energy,Equity,"1,383,866.24",0.01,"1,383,866.24","129,092.00",10.72,United States,Nyse Mkt Llc,USD,1.00,USD,-
PIPR,PIPER SANDLER COMPANIES,Financials,Equity,"1,384,342.96",0.01,"1,384,342.96","18,172.00",76.18,United States,NYSE,USD,1.00,USD,-
ASB,ASSOCIATED BANCORP,Financials,Equity,"1,381,266.24",0.01,"1,381,266.24","43,808.00",31.53,United States,NYSE,USD,1.00,USD,-
MMSI,MERIT MEDICAL SYSTEMS INC,Health Care,Equity,"1,381,803.00",0.01,"1,381,803.00","15,850.00",87.18,United States,NASDAQ,USD,1.00,USD,-
BCO,BRINKS,Industrials,Equity,"1,377,553.63",0.01,"1,377,553.63","11,897.00",115.79,United States,NYSE,USD,1.00,USD,-
PRM,PERIMETER SOLUTIONS,Materials,Equity,"1,373,341.84",0.01,"1,373,341.84","39,272.00",34.97,United States,NYSE,USD,1.00,USD,-
LAUR,LAUREATE EDUCATION,Consumer Discretionary,Equity,"1,371,588.35",0.01,"1,371,588.35","36,047.00",38.05,United States,NASDAQ,USD,1.00,USD,-
DUOL,DUOLINGO CLASS A,Consumer Discretionary,Equity,"1,366,055.40",0.01,"1,366,055.40","10,095.00",135.32,United States,NASDAQ,USD,1.00,USD,-
NE,NOBLE CORPORATION PLC,Energy,Equity,"1,363,422.90",0.01,"1,363,422.90","34,171.00",39.90,United States,NYSE,USD,1.00,USD,-
OLLI,OLLIES BARGAIN OUTLET HOLDINGS INC,Consumer Discretionary,Equity,"1,359,691.20",0.01,"1,359,691.20","17,343.00",78.40,United States,NASDAQ,USD,1.00,USD,-
SBRA,SABRA HEALTH CARE REIT,Real Estate,Equity,"1,358,036.84",0.01,"1,358,036.84","64,423.00",21.08,United States,NASDAQ,USD,1.00,USD,-
CUZ,COUSINS PROPERTIES REIT INC,Real Estate,Equity,"1,352,763.28",0.01,"1,352,763.28","43,978.00",30.76,United States,NYSE,USD,1.00,USD,-
KBR,KBR INC,Industrials,Equity,"1,350,458.76",0.01,"1,350,458.76","37,172.00",36.33,United States,NYSE,USD,1.00,USD,-
BOOT,BOOT BARN HOLDINGS,Consumer Discretionary,Equity,"1,344,301.84",0.01,"1,344,301.84","8,344.00",161.11,United States,NYSE,USD,1.00,USD,-
BEPC,BROOKFIELD RENEWABLE SUBORDINATE V,Utilities,Equity,"1,345,153.50",0.01,"1,345,153.50","40,395.00",33.30,Canada,NYSE,USD,1.00,USD,-
OGS,ONE GAS,Utilities,Equity,"1,344,080.00",0.01,"1,344,080.00","16,960.00",79.25,United States,NYSE,USD,1.00,USD,-
SKYW,SKYWEST,Industrials,Equity,"1,341,773.62",0.01,"1,341,773.62","11,573.00",115.94,United States,NASDAQ,USD,1.00,USD,-
CRSP,CRISPR THERAPEUTICS AG,Health Care,Equity,"1,339,625.45",0.01,"1,339,625.45","25,541.00",52.45,United States,NASDAQ,USD,1.00,USD,-
MIRM,MIRUM PHARMACEUTICALS,Health Care,Equity,"1,336,656.65",0.01,"1,336,656.65","12,635.00",105.79,United States,NASDAQ,USD,1.00,USD,-
VRNS,VARONIS SYSTEMS,Information Technology,Equity,"1,337,631.40",0.01,"1,337,631.40","30,821.00",43.40,United States,NASDAQ,USD,1.00,USD,-
WSC,WILLSCOT HOLDINGS CLASS A,Industrials,Equity,"1,335,011.84",0.01,"1,335,011.84","50,264.00",26.56,United States,NASDAQ,USD,1.00,USD,-
WSFS,WSFS FINANCIAL,Financials,Equity,"1,331,699.07",0.01,"1,331,699.07","16,183.00",82.29,United States,NASDAQ,USD,1.00,USD,-
TCBI,TEXAS CAPITAL BANCSHARES,Financials,Equity,"1,329,634.02",0.01,"1,329,634.02","13,299.00",99.98,United States,NASDAQ,USD,1.00,USD,-
LPX,LOUISIANA PACIFIC,Industrials,Equity,"1,329,741.04",0.01,"1,329,741.04","17,189.00",77.36,United States,NYSE,USD,1.00,USD,-
URBN,URBAN OUTFITTERS,Consumer Discretionary,Equity,"1,316,964.12",0.01,"1,316,964.12","16,908.00",77.89,United States,NASDAQ,USD,1.00,USD,-
CE,CELANESE CORP,Materials,Equity,"1,309,428.42",0.01,"1,309,428.42","30,353.00",43.14,United States,NYSE,USD,1.00,USD,-
CELH,CELSIUS HOLDINGS,Consumer Staples,Equity,"1,305,657.65",0.01,"1,305,657.65","44,791.00",29.15,United States,NASDAQ,USD,1.00,USD,-
MAT,MATTEL INC,Consumer Discretionary,Equity,"1,306,909.26",0.01,"1,306,909.26","90,381.00",14.46,United States,NASDAQ,USD,1.00,USD,-
ORKA,ORUKA THERAPEUTICS INC,Health Care,Equity,"1,306,913.93",0.01,"1,306,913.93","13,447.00",97.19,United States,NASDAQ,USD,1.00,USD,-
TNL,TRAVEL LEISURE,Consumer Discretionary,Equity,"1,305,526.10",0.01,"1,305,526.10","16,759.00",77.90,United States,NYSE,USD,1.00,USD,-
PLNT,PLANET FITNESS INC CLASS A,Consumer Discretionary,Equity,"1,303,380.88",0.01,"1,303,380.88","23,032.00",56.59,United States,NYSE,USD,1.00,USD,-
AZZ,AZZ INC,Industrials,Equity,"1,300,625.64",0.01,"1,300,625.64","8,559.00",151.96,United States,NYSE,USD,1.00,USD,-
BBWI,BATH AND BODY WORKS,Consumer Discretionary,Equity,"1,298,917.62",0.01,"1,298,917.62","62,478.00",20.79,United States,NYSE,USD,1.00,USD,-
VIRT,VIRTU FINANCIAL INC CLASS A,Financials,Equity,"1,297,040.01",0.01,"1,297,040.01","22,183.00",58.47,United States,NYSE,USD,1.00,USD,-
LLYVK,LIBERTY LIVE HOLDINGS INC SERIES C,Communication,Equity,"1,297,308.39",0.01,"1,297,308.39","12,509.00",103.71,United States,NASDAQ,USD,1.00,USD,-
SR,SPIRE INC,Utilities,Equity,"1,293,449.36",0.01,"1,293,449.36","16,012.00",80.78,United States,NYSE,USD,1.00,USD,-
GLNG,GOLAR LNG,Energy,Equity,"1,294,413.80",0.01,"1,294,413.80","25,780.00",50.21,Norway,NASDAQ,USD,1.00,USD,-
RUSHA,RUSH ENTERPRISES CLASS A,Industrials,Equity,"1,292,112.80",0.01,"1,292,112.80","15,796.00",81.80,United States,NASDAQ,USD,1.00,USD,-
EPR,EPR PROPERTIES REIT,Real Estate,Equity,"1,289,353.96",0.01,"1,289,353.96","21,092.00",61.13,United States,NYSE,USD,1.00,USD,-
GAP,GAP,Consumer Discretionary,Equity,"1,287,990.55",0.01,"1,287,990.55","62,615.00",20.57,United States,NYSE,USD,1.00,USD,-
VVV,VALVOLINE INC,Consumer Discretionary,Equity,"1,286,127.42",0.01,"1,286,127.42","34,779.00",36.98,United States,NYSE,USD,1.00,USD,-
DAVE,DAVE CLASS A,Financials,Equity,"1,284,887.92",0.01,"1,284,887.92","2,987.00",430.16,United States,NASDAQ,USD,1.00,USD,-
KLIC,KULICKE AND SOFFA INDUSTRIES INC,Information Technology,Equity,"1,280,540.64",0.01,"1,280,540.64","13,646.00",93.84,United States,NASDAQ,USD,1.00,USD,-
MORN,MORNINGSTAR,Financials,Equity,"1,276,277.97",0.01,"1,276,277.97","6,403.00",199.32,United States,NASDAQ,USD,1.00,USD,-
ITRI,ITRON,Information Technology,Equity,"1,271,168.37",0.01,"1,271,168.37","12,041.00",105.57,United States,NASDAQ,USD,1.00,USD,-
SITE,SITEONE LANDSCAPE SUPPLY INC,Industrials,Equity,"1,272,483.63",0.01,"1,272,483.63","12,479.00",101.97,United States,NYSE,USD,1.00,USD,-
BYD,BOYD GAMING,Consumer Discretionary,Equity,"1,267,160.96",0.01,"1,267,160.96","15,028.00",84.32,United States,NYSE,USD,1.00,USD,-
OUT,OUTFRONT MEDIA,Real Estate,Equity,"1,267,371.93",0.01,"1,267,371.93","39,593.00",32.01,United States,NYSE,USD,1.00,USD,-
INDV,INDIVIOR PHARMACEUTICALS INC,Health Care,Equity,"1,267,865.28",0.01,"1,267,865.28","32,736.00",38.73,United States,NASDAQ,USD,1.00,USD,-
SFBS,SERVISFIRST BANCSHARES INC,Financials,Equity,"1,262,501.10",0.01,"1,262,501.10","13,958.00",90.45,United States,NYSE,USD,1.00,USD,-
ELF,ELF BEAUTY,Consumer Staples,Equity,"1,262,556.66",0.01,"1,262,556.66","14,618.00",86.37,United States,NYSE,USD,1.00,USD,-
YOU,CLEAR SECURE CLASS A,Information Technology,Equity,"1,262,558.52",0.01,"1,262,558.52","22,362.00",56.46,United States,NYSE,USD,1.00,USD,-
FCN,FTI CONSULTING INC,Industrials,Equity,"1,259,363.74",0.01,"1,259,363.74","8,222.00",153.17,United States,NYSE,USD,1.00,USD,-
NVST,ENVISTA HOLDINGS CORP,Health Care,Equity,"1,260,664.79",0.01,"1,260,664.79","44,033.00",28.63,United States,NYSE,USD,1.00,USD,-
CNR,CORE NATURAL RESOURCES,Energy,Equity,"1,256,789.92",0.01,"1,256,789.92","15,019.00",83.68,United States,NYSE,USD,1.00,USD,-
CVCO,CAVCO INDUSTRIES,Consumer Discretionary,Equity,"1,257,154.47",0.01,"1,257,154.47","2,139.00",587.73,United States,NASDAQ,USD,1.00,USD,-
ROAD,CONSTRUCTION PARTNERS CLASS A,Industrials,Equity,"1,256,532.13",0.01,"1,256,532.13","11,959.00",105.07,United States,NASDAQ,USD,1.00,USD,-
SHC,SOTERA HEALTH COMPANY,Health Care,Equity,"1,254,410.66",0.01,"1,254,410.66","69,767.00",17.98,United States,NASDAQ,USD,1.00,USD,-
FBP,FIRST BANCORP,Financials,Equity,"1,251,415.90",0.01,"1,251,415.90","43,078.00",29.05,United States,NYSE,USD,1.00,USD,-
HCC,WARRIOR MET COAL INC,Materials,Equity,"1,252,023.60",0.01,"1,252,023.60","14,852.00",84.30,United States,NYSE,USD,1.00,USD,-
RIG,TRANSOCEAN LTD,Energy,Equity,"1,248,732.16",0.01,"1,248,732.16","242,944.00",5.14,United States,NYSE,USD,1.00,USD,-
CAKE,CHEESECAKE FACTORY INC,Consumer Discretionary,Equity,"1,249,713.77",0.01,"1,249,713.77","11,867.00",105.31,United States,NASDAQ,USD,1.00,USD,-
FFIN,FIRST FINANCIAL BANKSHARES INC,Financials,Equity,"1,241,570.22",0.01,"1,241,570.22","35,162.00",35.31,United States,NASDAQ,USD,1.00,USD,-
INDB,INDEPENDENT BANK CORP,Financials,Equity,"1,237,196.76",0.01,"1,237,196.76","14,433.00",85.72,United States,NASDAQ,USD,1.00,USD,-
ATMU,ATMUS FILTRATION TECHNOLOGIES,Industrials,Equity,"1,237,706.55",0.01,"1,237,706.55","22,857.00",54.15,United States,NYSE,USD,1.00,USD,-
LOPE,GRAND CANYON EDUCATION INC,Consumer Discretionary,Equity,"1,237,904.32",0.01,"1,237,904.32","8,222.00",150.56,United States,NASDAQ,USD,1.00,USD,-
VAL,VALARIS LTD,Energy,Equity,"1,233,521.22",0.01,"1,233,521.22","16,026.00",76.97,United States,NYSE,USD,1.00,USD,-
RDNT,RADNET,Health Care,Equity,"1,234,373.42",0.01,"1,234,373.42","18,407.00",67.06,United States,NASDAQ,USD,1.00,USD,-
HASI,HA SUSTAINABLE INFRASTRUCTURE CAPI,Financials,Equity,"1,232,013.09",0.01,"1,232,013.09","32,277.00",38.17,United States,NYSE,USD,1.00,USD,-
ACLS,AXCELIS TECHNOLOGIES,Information Technology,Equity,"1,232,216.72",0.01,"1,232,216.72","9,016.00",136.67,United States,NASDAQ,USD,1.00,USD,-
RYAN,RYAN SPECIALTY HOLDINGS INC CLASS,Financials,Equity,"1,230,213.32",0.01,"1,230,213.32","27,332.00",45.01,United States,NYSE,USD,1.00,USD,-
MRP,MILLROSE PROPERTIES INC CLASS A,Real Estate,Equity,"1,227,937.68",0.01,"1,227,937.68","41,852.00",29.34,United States,NYSE,USD,1.00,USD,-
KRC,KILROY REALTY REIT,Real Estate,Equity,"1,224,741.20",0.01,"1,224,741.20","31,688.00",38.65,United States,NYSE,USD,1.00,USD,-
FULT,FULTON FINANCIAL CORP,Financials,Equity,"1,221,365.76",0.01,"1,221,365.76","49,408.00",24.72,United States,NASDAQ,USD,1.00,USD,-
BOX,BOX INC CLASS A,Information Technology,Equity,"1,221,792.00",0.01,"1,221,792.00","38,181.00",32.00,United States,NYSE,USD,1.00,USD,-
CNX,CNX RESOURCES,Energy,Equity,"1,218,363.96",0.01,"1,218,363.96","35,274.00",34.54,United States,NYSE,USD,1.00,USD,-
JBS,JBS N V NV CLASS A,Consumer Staples,Equity,"1,218,395.80",0.01,"1,218,395.80","88,934.00",13.70,Brazil,NYSE,USD,1.00,USD,-
UNF,UNIFIRST,Industrials,Equity,"1,219,319.40",0.01,"1,219,319.40","4,206.00",289.90,United States,NYSE,USD,1.00,USD,-
CBT,CABOT CORP,Materials,Equity,"1,218,052.32",0.01,"1,218,052.32","14,408.00",84.54,United States,NYSE,USD,1.00,USD,-
OII,OCEANEERING INTERNATIONAL INC,Energy,Equity,"1,215,305.74",0.01,"1,215,305.74","25,282.00",48.07,United States,NYSE,USD,1.00,USD,-
ABG,ASBURY AUTOMOTIVE GROUP INC,Consumer Discretionary,Equity,"1,213,230.16",0.01,"1,213,230.16","5,528.00",219.47,United States,NYSE,USD,1.00,USD,-
IRDM,IRIDIUM COMMUNICATIONS,Communication,Equity,"1,213,506.56",0.01,"1,213,506.56","25,088.00",48.37,United States,NASDAQ,USD,1.00,USD,-
YETI,YETI HOLDINGS,Consumer Discretionary,Equity,"1,213,558.61",0.01,"1,213,558.61","23,111.00",52.51,United States,NYSE,USD,1.00,USD,-
KFY,KORN FERRY,Industrials,Equity,"1,206,286.00",0.01,"1,206,286.00","14,450.00",83.48,United States,NYSE,USD,1.00,USD,-
KTB,KONTOOR BRANDS,Consumer Discretionary,Equity,"1,207,989.65",0.01,"1,207,989.65","14,441.00",83.65,United States,NYSE,USD,1.00,USD,-
CPB,CAMPBELL SOUP,Consumer Staples,Equity,"1,194,105.25",0.01,"1,194,105.25","51,805.00",23.05,United States,NASDAQ,USD,1.00,USD,-
CVSA,COVISTA,Consumer Discretionary,Equity,"1,192,030.77",0.01,"1,192,030.77","9,247.00",128.91,United States,NYSE,USD,1.00,USD,-
GSAT,GLOBALSTAR VOTING,Communication,Equity,"1,193,418.45",0.01,"1,193,418.45","14,301.00",83.45,United States,NASDAQ,USD,1.00,USD,-
APPF,APPFOLIO CLASS A,Information Technology,Equity,"1,190,038.00",0.01,"1,190,038.00","6,166.00",193.00,United States,NASDAQ,USD,1.00,USD,-
PI,IMPINJ,Information Technology,Equity,"1,184,904.28",0.01,"1,184,904.28","7,252.00",163.39,United States,NASDAQ,USD,1.00,USD,-
JHX,JAMES HARDIE INDUSTRIES PLC,Materials,Equity,"1,183,547.88",0.01,"1,183,547.88","41,733.00",28.36,Australia,NYSE,USD,1.00,USD,-
SKT,TANGER,Real Estate,Equity,"1,172,057.20",0.01,"1,172,057.20","28,904.00",40.55,United States,NYSE,USD,1.00,USD,-
RHI,ROBERT HALF,Industrials,Equity,"1,172,381.60",0.01,"1,172,381.60","28,912.00",40.55,United States,NYSE,USD,1.00,USD,-
PAG,PENSKE AUTOMOTIVE GROUP VOTING INC,Consumer Discretionary,Equity,"1,172,871.36",0.01,"1,172,871.36","5,436.00",215.76,United States,NYSE,USD,1.00,USD,-
DK,DELEK US HOLDINGS INC,Energy,Equity,"1,169,427.00",0.01,"1,169,427.00","19,572.00",59.75,United States,NYSE,USD,1.00,USD,-
MGY,MAGNOLIA OIL GAS CORP CLASS A,Energy,Equity,"1,170,083.88",0.01,"1,170,083.88","49,329.00",23.72,United States,NYSE,USD,1.00,USD,-
FLG,FLAGSTAR BANK NATIONAL ASSOCIATION,Financials,Equity,"1,170,598.00",0.01,"1,170,598.00","81,860.00",14.30,United States,NYSE,USD,1.00,USD,-
WHD,CACTUS CLASS A,Energy,Equity,"1,170,627.51",0.01,"1,170,627.51","17,761.00",65.91,United States,NYSE,USD,1.00,USD,-
HAE,HAEMONETICS CORP,Health Care,Equity,"1,168,393.60",0.01,"1,168,393.60","13,976.00",83.60,United States,NYSE,USD,1.00,USD,-
CHEF,CHEFS WAREHOUSE INC,Consumer Staples,Equity,"1,163,331.72",0.01,"1,163,331.72","10,718.00",108.54,United States,NASDAQ,USD,1.00,USD,-
XMTR,XOMETRY CLASS A,Industrials,Equity,"1,163,668.68",0.01,"1,163,668.68","12,602.00",92.34,United States,NASDAQ,USD,1.00,USD,-
GFF,GRIFFON,Industrials,Equity,"1,164,528.87",0.01,"1,164,528.87","11,327.00",102.81,United States,NYSE,USD,1.00,USD,-
PRIM,PRIMORIS SERVICES,Industrials,Equity,"1,160,427.60",0.01,"1,160,427.60","13,914.00",83.40,United States,NYSE,USD,1.00,USD,-
ITGR,INTEGER HOLDINGS CORP,Health Care,Equity,"1,160,500.00",0.01,"1,160,500.00","9,284.00",125.00,United States,NYSE,USD,1.00,USD,-
RNST,RENASANT CORP,Financials,Equity,"1,160,972.04",0.01,"1,160,972.04","26,308.00",44.13,United States,NYSE,USD,1.00,USD,-
SIG,SIGNET JEWELERS,Consumer Discretionary,Equity,"1,157,584.59",0.01,"1,157,584.59","11,987.00",96.57,United States,NYSE,USD,1.00,USD,-
BFH,BREAD FINANCIAL HOLDINGS,Financials,Equity,"1,158,674.76",0.01,"1,158,674.76","10,314.00",112.34,United States,NYSE,USD,1.00,USD,-
BFAM,BRIGHT HORIZONS FAMILY SOLUTIONS I,Consumer Discretionary,Equity,"1,153,416.96",0.01,"1,153,416.96","15,273.00",75.52,United States,NYSE,USD,1.00,USD,-
ONDS,ONDAS INC,Information Technology,Equity,"1,151,742.89",0.01,"1,151,742.89","129,847.00",8.87,United States,NASDAQ,USD,1.00,USD,-
BMI,BADGER METER,Information Technology,Equity,"1,149,125.04",0.01,"1,149,125.04","8,241.00",139.44,United States,NYSE,USD,1.00,USD,-
MARA,MARA HOLDINGS INC,Information Technology,Equity,"1,150,481.44",0.01,"1,150,481.44","102,356.00",11.24,United States,NASDAQ,USD,1.00,USD,-
TENB,TENABLE HOLDINGS,Information Technology,Equity,"1,150,848.00",0.01,"1,150,848.00","31,968.00",36.00,United States,NASDAQ,USD,1.00,USD,-
TNGX,TANGO THERAPEUTICS,Health Care,Equity,"1,148,433.10",0.01,"1,148,433.10","39,890.00",28.79,United States,NASDAQ,USD,1.00,USD,-
ACI,ALBERTSONS COMPANY CLASS A,Consumer Staples,Equity,"1,144,093.80",0.01,"1,144,093.80","96,548.00",11.85,United States,NYSE,USD,1.00,USD,-
TPC,TUTOR PERINI,Industrials,Equity,"1,144,384.25",0.01,"1,144,384.25","13,535.00",84.55,United States,NYSE,USD,1.00,USD,-
KAI,KADANT INC,Industrials,Equity,"1,144,522.40",0.01,"1,144,522.40","3,395.00",337.12,United States,NYSE,USD,1.00,USD,-
AXTI,AXT,Information Technology,Equity,"1,139,955.15",0.01,"1,139,955.15","16,615.00",68.61,United States,NASDAQ,USD,1.00,USD,-
BFB,BROWN FORMAN CLASS B,Consumer Staples,Equity,"1,140,847.62",0.01,"1,140,847.62","40,199.00",28.38,United States,NYSE,USD,1.00,USD,-
CDP,COPT DEFENSE PROPERTIES,Real Estate,Equity,"1,136,015.58",0.01,"1,136,015.58","30,391.00",37.38,United States,NYSE,USD,1.00,USD,-
MC,MOELIS CLASS A,Financials,Equity,"1,134,187.95",0.01,"1,134,187.95","16,331.00",69.45,United States,NYSE,USD,1.00,USD,-
IBOC,INTERNATIONAL BANCSHARES CORP,Financials,Equity,"1,134,401.40",0.01,"1,134,401.40","14,946.00",75.90,United States,NASDAQ,USD,1.00,USD,-
UCB,UNITED COMMUNITY BANKS INC,Financials,Equity,"1,132,309.44",0.01,"1,132,309.44","31,392.00",36.07,United States,NYSE,USD,1.00,USD,-
SPHR,SPHERE ENTERTAINMENT CLASS A,Communication,Equity,"1,129,620.48",0.01,"1,129,620.48","7,032.00",160.64,United States,NYSE,USD,1.00,USD,-
IRTC,IRHYTHM HOLDINGS INC,Health Care,Equity,"1,126,849.50",0.01,"1,126,849.50","9,051.00",124.50,United States,NASDAQ,USD,1.00,USD,-
CNK,CINEMARK HOLDINGS INC,Communication,Equity,"1,128,001.05",0.01,"1,128,001.05","29,865.00",37.77,United States,NYSE,USD,1.00,USD,-
MRX,MAREX GROUP LTD,Financials,Equity,"1,125,694.98",0.01,"1,125,694.98","17,526.00",64.23,Bermuda,NASDAQ,USD,1.00,USD,-
FELE,FRANKLIN ELECTRIC,Industrials,Equity,"1,121,409.50",0.01,"1,121,409.50","10,190.00",110.05,United States,NASDAQ,USD,1.00,USD,-
LASR,NLIGHT,Information Technology,Equity,"1,118,666.50",0.01,"1,118,666.50","14,866.00",75.25,United States,NASDAQ,USD,1.00,USD,-
MHO,M I HOMES INC,Consumer Discretionary,Equity,"1,119,867.06",0.01,"1,119,867.06","7,439.00",150.54,United States,NYSE,USD,1.00,USD,-
PJT,PJT PARTNERS CLASS A,Financials,Equity,"1,116,274.15",0.01,"1,116,274.15","6,415.00",174.01,United States,NYSE,USD,1.00,USD,-
ACMR,ACM RESEARCH CLASS A,Information Technology,Equity,"1,113,486.40",0.01,"1,113,486.40","13,936.00",79.90,United States,NASDAQ,USD,1.00,USD,-
OPLN,OPENLANE INC,Industrials,Equity,"1,111,284.72",0.01,"1,111,284.72","29,076.00",38.22,United States,NYSE,USD,1.00,USD,-
VCTR,VICTORY CAPITAL HOLDINGS CLASS A,Financials,Equity,"1,112,066.28",0.01,"1,112,066.28","11,124.00",99.97,United States,NASDAQ,USD,1.00,USD,-
OLED,UNIVERSAL DISPLAY CORP,Information Technology,Equity,"1,106,434.68",0.01,"1,106,434.68","12,876.00",85.93,United States,NASDAQ,USD,1.00,USD,-
FIGR,FIGURE TECHNOLOGY SOLUTIONS CLASS,Financials,Equity,"1,108,288.48",0.01,"1,108,288.48","38,576.00",28.73,United States,NASDAQ,USD,1.00,USD,-
CRC,CALIFORNIA RESOURCES,Energy,Equity,"1,104,641.20",0.01,"1,104,641.20","21,512.00",51.35,United States,NYSE,USD,1.00,USD,-
LIVN,LIVANOVA PLC,Health Care,Equity,"1,099,890.88",0.01,"1,099,890.88","14,075.00",78.14,United States,NASDAQ,USD,1.00,USD,-
OSIS,OSI SYSTEMS,Information Technology,Equity,"1,094,579.04",0.01,"1,094,579.04","4,656.00",235.09,United States,NASDAQ,USD,1.00,USD,-
AGO,ASSURED GUARANTY LTD,Financials,Equity,"1,095,229.38",0.01,"1,095,229.38","13,237.00",82.74,United States,NYSE,USD,1.00,USD,-
NWE,NORTHWESTERN ENERGY GROUP,Utilities,Equity,"1,095,454.16",0.01,"1,095,454.16","15,844.00",69.14,United States,NASDAQ,USD,1.00,USD,-
VSH,VISHAY INTERTECHNOLOGY INC,Information Technology,Equity,"1,095,636.78",0.01,"1,095,636.78","33,021.00",33.18,United States,NYSE,USD,1.00,USD,-
CATY,CATHAY GENERAL BANCORP,Financials,Equity,"1,095,981.70",0.01,"1,095,981.70","17,090.00",64.13,United States,NASDAQ,USD,1.00,USD,-
ERAS,ERASCA,Health Care,Equity,"1,093,031.24",0.01,"1,093,031.24","58,702.00",18.62,United States,NASDAQ,USD,1.00,USD,-
HLNE,HAMILTON LANE CLASS A,Financials,Equity,"1,091,369.06",0.01,"1,091,369.06","10,826.00",100.81,United States,NASDAQ,USD,1.00,USD,-
KBH,KB HOME,Consumer Discretionary,Equity,"1,091,585.44",0.01,"1,091,585.44","18,514.00",58.96,United States,NYSE,USD,1.00,USD,-
COLD,AMERICOLD REALTY INC TRUST,Real Estate,Equity,"1,089,120.84",0.01,"1,089,120.84","77,628.00",14.03,United States,NYSE,USD,1.00,USD,-
PII,POLARIS INC,Consumer Discretionary,Equity,"1,087,728.00",0.01,"1,087,728.00","14,880.00",73.10,United States,NYSE,USD,1.00,USD,-
RELY,REMITLY GLOBAL INC,Financials,Equity,"1,082,211.27",0.01,"1,082,211.27","44,961.00",24.07,United States,NASDAQ,USD,1.00,USD,-
MWA,MUELLER WATER PRODUCTS SERIES A,Industrials,Equity,"1,083,153.33",0.01,"1,083,153.33","41,013.00",26.41,United States,NYSE,USD,1.00,USD,-
PVH,PVH,Consumer Discretionary,Equity,"1,083,673.22",0.01,"1,083,673.22","12,446.00",87.07,United States,NYSE,USD,1.00,USD,-
THO,THOR INDUSTRIES,Consumer Discretionary,Equity,"1,080,769.04",0.01,"1,080,769.04","13,598.00",79.48,United States,NYSE,USD,1.00,USD,-
LAZ,LAZARD,Financials,Equity,"1,079,925.00",0.01,"1,079,925.00","24,684.00",43.75,United States,NYSE,USD,1.00,USD,-
APLE,APPLE HOSPITALITY REIT INC,Real Estate,Equity,"1,076,660.25",0.01,"1,076,660.25","65,055.00",16.55,United States,NYSE,USD,1.00,USD,-
ADT,ADT INC,Consumer Discretionary,Equity,"1,072,148.00",0.01,"1,072,148.00","139,240.00",7.70,United States,NYSE,USD,1.00,USD,-
DORM,DORMAN PRODUCTS,Consumer Discretionary,Equity,"1,069,900.86",0.01,"1,069,900.86","7,559.00",141.54,United States,NASDAQ,USD,1.00,USD,-
ADPT,ADAPTIVE BIOTECHNOLOGIES,Health Care,Equity,"1,067,886.00",0.01,"1,067,886.00","43,410.00",24.60,United States,NASDAQ,USD,1.00,USD,-
OPCH,OPTION CARE HEALTH INC,Health Care,Equity,"1,068,087.90",0.01,"1,068,087.90","45,067.00",23.70,United States,NASDAQ,USD,1.00,USD,-
NWS,NEWS CLASS B,Communication,Equity,"1,064,500.03",0.01,"1,064,500.03","32,131.00",33.13,United States,NASDAQ,USD,1.00,USD,-
MDU,MDU RESOURCES GROUP,Utilities,Equity,"1,065,184.12",0.01,"1,065,184.12","53,206.00",20.02,United States,NYSE,USD,1.00,USD,-
BILL,BILL HOLDINGS,Information Technology,Equity,"1,062,025.28",0.01,"1,062,025.28","21,979.00",48.32,United States,NYSE,USD,1.00,USD,-
GEO,GEO GROUP,Industrials,Equity,"1,062,121.68",0.01,"1,062,121.68","33,804.00",31.42,United States,NYSE,USD,1.00,USD,-
LBRDK,LIBERTY BROADBAND CORP SERIES C,Communication,Equity,"1,061,273.12",0.01,"1,061,273.12","29,488.00",35.99,United States,NASDAQ,USD,1.00,USD,-
DIOD,DIODES,Information Technology,Equity,"1,059,261.84",0.01,"1,059,261.84","12,376.00",85.59,United States,NASDAQ,USD,1.00,USD,-
KNF,KNIFE RIVER CORP,Materials,Equity,"1,057,456.21",0.01,"1,057,456.21","15,599.00",67.79,United States,NYSE,USD,1.00,USD,-
KN,KNOWLES,Information Technology,Equity,"1,052,802.49",0.01,"1,052,802.49","26,633.00",39.53,United States,NYSE,USD,1.00,USD,-
NSIT,INSIGHT ENTERPRISES INC,Information Technology,Equity,"1,053,081.96",0.01,"1,053,081.96","7,507.00",140.28,United States,NASDAQ,USD,1.00,USD,-
QTWO,Q2 HOLDINGS INC,Information Technology,Equity,"1,053,445.21",0.01,"1,053,445.21","16,561.00",63.61,United States,NYSE,USD,1.00,USD,-
GHC,GRAHAM HOLDINGS COMPANY CLASS B,Consumer Discretionary,Equity,"1,047,833.28",0.01,"1,047,833.28",864.00,"1,212.77",United States,NYSE,USD,1.00,USD,-
FSLY,FASTLY CLASS A,Information Technology,Equity,"1,045,599.07",0.01,"1,045,599.07","40,169.00",26.03,United States,NASDAQ,USD,1.00,USD,-
SLG,SL GREEN REALTY REIT CORP,Real Estate,Equity,"1,046,649.87",0.01,"1,046,649.87","19,089.00",54.83,United States,NYSE,USD,1.00,USD,-
SYNA,SYNAPTICS,Information Technology,Equity,"1,047,054.96",0.01,"1,047,054.96","10,458.00",100.12,United States,NASDAQ,USD,1.00,USD,-
CVBF,CVB FINANCIAL CORP,Financials,Equity,"1,041,678.12",0.01,"1,041,678.12","45,508.00",22.89,United States,NASDAQ,USD,1.00,USD,-
SXI,STANDEX INTERNATIONAL CORP,Industrials,Equity,"1,029,623.30",0.01,"1,029,623.30","3,154.00",326.45,United States,NYSE,USD,1.00,USD,-
PTEN,PATTERSON UTI ENERGY INC,Energy,Equity,"1,030,014.72",0.01,"1,030,014.72","107,968.00",9.54,United States,NASDAQ,USD,1.00,USD,-
TDW,TIDEWATER,Energy,Equity,"1,031,054.08",0.01,"1,031,054.08","13,328.00",77.36,United States,NYSE,USD,1.00,USD,-
CECO,CECO ENVIRONMENTAL,Industrials,Equity,"1,023,252.48",0.01,"1,023,252.48","14,804.00",69.12,United States,NASDAQ,USD,1.00,USD,-
NATL,NCR ATLEOS,Financials,Equity,"1,024,296.42",0.01,"1,024,296.42","21,882.00",46.81,United States,NYSE,USD,1.00,USD,-
CALM,CAL MAINE FOODS,Consumer Staples,Equity,"1,021,357.74",0.01,"1,021,357.74","11,922.00",85.67,United States,NASDAQ,USD,1.00,USD,-
DYN,DYNE THERAPEUTICS,Health Care,Equity,"1,020,760.85",0.01,"1,020,760.85","39,005.00",26.17,United States,NASDAQ,USD,1.00,USD,-
ACAD,ACADIA PHARMACEUTICALS,Health Care,Equity,"1,015,200.00",0.01,"1,015,200.00","35,250.00",28.80,United States,NASDAQ,USD,1.00,USD,-
BNL,BROADSTONE NET LEASE,Real Estate,Equity,"1,015,543.60",0.01,"1,015,543.60","47,903.00",21.20,United States,NYSE,USD,1.00,USD,-
DNLI,DENALI THERAPEUTICS,Health Care,Equity,"1,015,749.90",0.01,"1,015,749.90","41,595.00",24.42,United States,NASDAQ,USD,1.00,USD,-
WSBC,WESBANCO,Financials,Equity,"1,015,941.45",0.01,"1,015,941.45","24,103.00",42.15,United States,NASDAQ,USD,1.00,USD,-
NMIH,NMI HOLDINGS,Financials,Equity,"1,015,958.58",0.01,"1,015,958.58","22,607.00",44.94,United States,NASDAQ,USD,1.00,USD,-
ICUI,ICU MEDICAL,Health Care,Equity,"1,014,374.40",0.00,"1,014,374.40","6,096.00",166.40,United States,NASDAQ,USD,1.00,USD,-
IRT,INDEPENDENCE REALTY,Real Estate,Equity,"1,010,087.36",0.00,"1,010,087.36","59,104.00",17.09,United States,NYSE,USD,1.00,USD,-
FOUR,SHIFT4 PAYMENTS CLASS A,Financials,Equity,"1,007,013.70",0.00,"1,007,013.70","18,865.00",53.38,United States,NYSE,USD,1.00,USD,-
MIR,MIRION TECHNOLOGIES CLASS A,Information Technology,Equity,"1,005,302.17",0.00,"1,005,302.17","65,237.00",15.41,United States,NYSE,USD,1.00,USD,-
OTTR,OTTER TAIL,Utilities,Equity,"1,002,855.50",0.00,"1,002,855.50","10,795.00",92.90,United States,NASDAQ,USD,1.00,USD,-
ASH,ASHLAND,Materials,Equity,"1,002,007.50",0.00,"1,002,007.50","13,975.00",71.70,United States,NYSE,USD,1.00,USD,-
FHB,FIRST HAWAIIAN,Financials,Equity,"1,002,497.00",0.00,"1,002,497.00","36,100.00",27.77,United States,NASDAQ,USD,1.00,USD,-
AMTM,AMENTUM HOLDINGS,Industrials,Equity,"997,776.00",0.00,"997,776.00","42,640.00",23.40,United States,NYSE,USD,1.00,USD,-
TDS,TELEPHONE AND DATA SYSTEMS,Communication,Equity,"995,980.77",0.00,"995,980.77","28,143.00",35.39,United States,NYSE,USD,1.00,USD,-
GNW,GENWORTH FINANCIAL INC,Financials,Equity,"996,325.80",0.00,"996,325.80","102,820.00",9.69,United States,NYSE,USD,1.00,USD,-
UUUU,ENERGY FUELS INC,Energy,Equity,"992,662.24",0.00,"992,662.24","79,796.00",12.44,Canada,Nyse Mkt Llc,USD,1.00,USD,-
INSW,INTERNATIONAL SEAWAYS,Energy,Equity,"990,734.62",0.00,"990,734.62","10,922.00",90.71,United States,NYSE,USD,1.00,USD,-
CWEN,CLEARWAY ENERGY INC CLASS C,Utilities,Equity,"991,679.90",0.00,"991,679.90","31,805.00",31.18,United States,NYSE,USD,1.00,USD,-
PLMR,PALOMAR HOLDINGS,Financials,Equity,"991,868.00",0.00,"991,868.00","7,402.00",134.00,United States,NASDAQ,USD,1.00,USD,-
BGC,BGC GROUP INC CLASS A,Financials,Equity,"989,874.32",0.00,"989,874.32","90,317.00",10.96,United States,NASDAQ,USD,1.00,USD,-
POWI,POWER INTEGRATIONS,Information Technology,Equity,"987,854.70",0.00,"987,854.70","15,946.00",61.95,United States,NASDAQ,USD,1.00,USD,-
POST,POST HOLDINGS,Consumer Staples,Equity,"988,289.94",0.00,"988,289.94","11,077.00",89.22,United States,NYSE,USD,1.00,USD,-
WING,WINGSTOP,Consumer Discretionary,Equity,"986,049.46",0.00,"986,049.46","7,961.00",123.86,United States,NASDAQ,USD,1.00,USD,-
KRMN,KARMAN HOLDINGS INC,Industrials,Equity,"981,246.24",0.00,"981,246.24","17,802.00",55.12,United States,NYSE,USD,1.00,USD,-
DAN,DANA INCORPORATED INC,Consumer Discretionary,Equity,"974,423.52",0.00,"974,423.52","34,776.00",28.02,United States,NYSE,USD,1.00,USD,-
CXW,CORECIVIC REIT,Industrials,Equity,"974,126.16",0.00,"974,126.16","31,192.00",31.23,United States,NYSE,USD,1.00,USD,-
DLB,DOLBY LABORATORIES CLASS A,Information Technology,Equity,"970,347.04",0.00,"970,347.04","15,814.00",61.36,United States,NYSE,USD,1.00,USD,-
GLXY,GALAXY DIGITAL INC CLASS A,Financials,Equity,"971,380.82",0.00,"971,380.82","50,951.00",19.07,United States,NASDAQ,USD,1.00,USD,-
AMBA,AMBARELLA,Information Technology,Equity,"969,104.00",0.00,"969,104.00","11,840.00",81.85,United States,NASDAQ,USD,1.00,USD,-
STNG,SCORPIO TANKERS,Energy,Equity,"966,944.90",0.00,"966,944.90","13,058.00",74.05,United States,NYSE,USD,1.00,USD,-
CCC,CCC INTELLIGENT SOLUTIONS HOLDINGS,Information Technology,Equity,"964,568.44",0.00,"964,568.44","149,314.00",6.46,United States,NASDAQ,USD,1.00,USD,-
SHOO,STEVEN MADDEN,Consumer Discretionary,Equity,"965,550.39",0.00,"965,550.39","19,677.00",49.07,United States,NASDAQ,USD,1.00,USD,-
BKD,BROOKDALE SENIOR LIVING INC,Health Care,Equity,"963,375.66",0.00,"963,375.66","66,762.00",14.43,United States,NYSE,USD,1.00,USD,-
SLGN,SILGAN HOLDINGS,Materials,Equity,"959,252.76",0.00,"959,252.76","22,486.00",42.66,United States,NYSE,USD,1.00,USD,-
GPI,GROUP AUTOMOTIVE INC,Consumer Discretionary,Equity,"956,054.40",0.00,"956,054.40","3,444.00",277.60,United States,NYSE,USD,1.00,USD,-
CARG,CARGURUS CLASS A,Communication,Equity,"956,781.98",0.00,"956,781.98","26,278.00",36.41,United States,NASDAQ,USD,1.00,USD,-
BKU,BANKUNITED,Financials,Equity,"954,928.92",0.00,"954,928.92","20,108.00",47.49,United States,NYSE,USD,1.00,USD,-
ATKR,ATKORE INC,Industrials,Equity,"952,819.28",0.00,"952,819.28","10,171.00",93.68,United States,NYSE,USD,1.00,USD,-
AAP,ADVANCE AUTO PARTS INC,Consumer Discretionary,Equity,"947,202.84",0.00,"947,202.84","15,898.00",59.58,United States,NYSE,USD,1.00,USD,-
BCC,BOISE CASCADE,Industrials,Equity,"947,724.80",0.00,"947,724.80","11,176.00",84.80,United States,NYSE,USD,1.00,USD,-
GPK,GRAPHIC PACKAGING HOLDING,Materials,Equity,"944,645.80",0.00,"944,645.80","79,382.00",11.90,United States,NYSE,USD,1.00,USD,-
OGN,ORGANON,Health Care,Equity,"945,381.19",0.00,"945,381.19","69,667.00",13.57,United States,NYSE,USD,1.00,USD,-
OPEN,OPENDOOR TECHNOLOGIES CLASS A,Real Estate,Equity,"942,116.88",0.00,"942,116.88","250,563.00",3.76,United States,NASDAQ,USD,1.00,USD,-
EWTX,EDGEWISE THERAPEUTICS INC,Health Care,Equity,"943,305.33",0.00,"943,305.33","20,967.00",44.99,United States,NASDAQ,USD,1.00,USD,-
UCTT,ULTRA CLEAN HOLDINGS INC,Information Technology,Equity,"941,227.20",0.00,"941,227.20","11,736.00",80.20,United States,NASDAQ,USD,1.00,USD,-
EXTR,EXTREME NETWORKS,Information Technology,Equity,"938,963.88",0.00,"938,963.88","35,852.00",26.19,United States,NASDAQ,USD,1.00,USD,-
LRN,STRIDE INC,Consumer Discretionary,Equity,"939,677.82",0.00,"939,677.82","11,379.00",82.58,United States,NYSE,USD,1.00,USD,-
MIAX,MIAMI INTERNATIONAL HOLDINGS,Financials,Equity,"935,883.48",0.00,"935,883.48","20,363.00",45.96,United States,NYSE,USD,1.00,USD,-
IMVT,IMMUNOVANT,Health Care,Equity,"936,435.20",0.00,"936,435.20","23,840.00",39.28,United States,NASDAQ,USD,1.00,USD,-
CBU,COMMUNITY FINANCIAL SYSTEM INC,Financials,Equity,"937,364.10",0.00,"937,364.10","14,181.00",66.10,United States,NYSE,USD,1.00,USD,-
VCYT,VERACYTE,Health Care,Equity,"937,537.25",0.00,"937,537.25","20,315.00",46.15,United States,NASDAQ,USD,1.00,USD,-
STEP,STEPSTONE GROUP CLASS A,Financials,Equity,"934,025.36",0.00,"934,025.36","18,748.00",49.82,United States,NASDAQ,USD,1.00,USD,-
VKTX,VIKING THERAPEUTICS INC,Health Care,Equity,"935,632.71",0.00,"935,632.71","27,921.00",33.51,United States,NASDAQ,USD,1.00,USD,-
BHF,BRIGHTHOUSE FINANCIAL,Financials,Equity,"930,188.82",0.00,"930,188.82","15,037.00",61.86,United States,NASDAQ,USD,1.00,USD,-
PARR,PAR PACIFIC HOLDINGS INC,Energy,Equity,"926,999.36",0.00,"926,999.36","13,258.00",69.92,United States,NYSE,USD,1.00,USD,-
CLSK,CLEANSPARK,Information Technology,Equity,"925,398.00",0.00,"925,398.00","68,548.00",13.50,United States,NASDAQ,USD,1.00,USD,-
CSTM,CONSTELLIUM SE CLASS A,Materials,Equity,"922,974.36",0.00,"922,974.36","31,108.00",29.67,United States,NYSE,USD,1.00,USD,-
FIBK,FIRST INTERSTATE BANCSYSTEM INC,Financials,Equity,"919,618.92",0.00,"919,618.92","24,156.00",38.07,United States,NASDAQ,USD,1.00,USD,-
LXP,LXP INDUSTRIAL TRUST,Real Estate,Equity,"920,879.04",0.00,"920,879.04","15,186.00",60.64,United States,NYSE,USD,1.00,USD,-
CLDX,CELLDEX THERAPEUTICS,Health Care,Equity,"921,345.34",0.00,"921,345.34","22,439.00",41.06,United States,NASDAQ,USD,1.00,USD,-
MMS,MAXIMUS,Industrials,Equity,"918,327.30",0.00,"918,327.30","14,542.00",63.15,United States,NYSE,USD,1.00,USD,-
HP,HELMERICH & PAYNE,Energy,Equity,"918,328.32",0.00,"918,328.32","27,594.00",33.28,United States,NYSE,USD,1.00,USD,-
PFS,PROVIDENT FINANCIAL SERVICES INC,Financials,Equity,"919,226.88",0.00,"919,226.88","36,608.00",25.11,United States,NYSE,USD,1.00,USD,-
FUL,HB FULLER,Materials,Equity,"916,568.84",0.00,"916,568.84","15,389.00",59.56,United States,NYSE,USD,1.00,USD,-
PPLI,PEOPLE,Communication,Equity,"917,286.18",0.00,"917,286.18","20,786.00",44.13,United States,NASDAQ,USD,1.00,USD,-
BHE,BENCHMARK ELECTRONICS INC,Information Technology,Equity,"913,732.20",0.00,"913,732.20","10,870.00",84.06,United States,NYSE,USD,1.00,USD,-
EXPO,EXPONENT,Industrials,Equity,"914,988.31",0.00,"914,988.31","13,679.00",66.89,United States,NASDAQ,USD,1.00,USD,-
HNI,HNI,Industrials,Equity,"913,096.80",0.00,"913,096.80","18,788.00",48.60,United States,NYSE,USD,1.00,USD,-
LGN,LEGENCE CLASS A,Industrials,Equity,"909,965.10",0.00,"909,965.10","13,882.00",65.55,United States,NASDAQ,USD,1.00,USD,-
NIC,NICOLET BANKSHARES INC,Financials,Equity,"907,599.87",0.00,"907,599.87","5,211.00",174.17,United States,NYSE,USD,1.00,USD,-
RXO,RXO INC,Industrials,Equity,"908,334.00",0.00,"908,334.00","43,254.00",21.00,United States,NYSE,USD,1.00,USD,-
PK,PARK HOTELS RESORTS INC,Real Estate,Equity,"905,364.00",0.00,"905,364.00","60,600.00",14.94,United States,NYSE,USD,1.00,USD,-
SFNC,SIMMONS FIRST NATIONAL CLASS A,Financials,Equity,"904,801.59",0.00,"904,801.59","37,653.00",24.03,United States,NASDAQ,USD,1.00,USD,-
AMRX,AMNEAL PHARMACEUTICALS CLASS A,Health Care,Equity,"900,294.20",0.00,"900,294.20","48,770.00",18.46,United States,NASDAQ,USD,1.00,USD,-
MSGE,MADISON SQUARE GARDEN ENTERTAINMEN,Communication,Equity,"901,001.80",0.00,"901,001.80","11,581.00",77.80,United States,NYSE,USD,1.00,USD,-
HNGE,HINGE HEALTH CLASS A,Health Care,Equity,"897,576.90",0.00,"897,576.90","11,110.00",80.79,United States,NYSE,USD,1.00,USD,-
HIW,HIGHWOODS PROPERTIES REIT,Real Estate,Equity,"896,672.36",0.00,"896,672.36","27,658.00",32.42,United States,NYSE,USD,1.00,USD,-
BOKF,BOK FINANCIAL CORP,Financials,Equity,"893,484.46",0.00,"893,484.46","6,182.00",144.53,United States,NASDAQ,USD,1.00,USD,-
CELC,CELCUITY,Health Care,Equity,"892,217.84",0.00,"892,217.84","9,602.00",92.92,United States,NASDAQ,USD,1.00,USD,-
ARCB,ARCBEST,Industrials,Equity,"892,521.00",0.00,"892,521.00","6,300.00",141.67,United States,NASDAQ,USD,1.00,USD,-
LOAR,LOAR HOLDINGS,Industrials,Equity,"889,837.26",0.00,"889,837.26","11,761.00",75.66,United States,NYSE,USD,1.00,USD,-
KD,KYNDRYL HOLDINGS,Information Technology,Equity,"889,989.20",0.00,"889,989.20","64,028.00",13.90,United States,NYSE,USD,1.00,USD,-
AVNT,AVIENT CORP,Materials,Equity,"890,551.20",0.00,"890,551.20","23,485.00",37.92,United States,NYSE,USD,1.00,USD,-
WT,WISDOMTREE,Financials,Equity,"887,941.18",0.00,"887,941.18","40,306.00",22.03,United States,NYSE,USD,1.00,USD,-
DRS,LEONARDO DRS INC,Industrials,Equity,"888,875.02",0.00,"888,875.02","19,921.00",44.62,United States,NASDAQ,USD,1.00,USD,-
FRPT,FRESHPET,Consumer Staples,Equity,"886,370.94",0.00,"886,370.94","12,402.00",71.47,United States,NASDAQ,USD,1.00,USD,-
AWR,AMERICAN STATES WATER,Utilities,Equity,"883,885.64",0.00,"883,885.64","10,406.00",84.94,United States,NYSE,USD,1.00,USD,-
CWK,CUSHMAN AND WAKEFIELD LTD,Real Estate,Equity,"882,543.12",0.00,"882,543.12","62,904.00",14.03,United States,NYSE,USD,1.00,USD,-
VGNT,VERSIGENT PLC,Consumer Discretionary,Equity,"882,633.03",0.00,"882,633.03","19,601.00",45.03,United States,NYSE,USD,1.00,USD,-
AEO,AMERICAN EAGLE OUTFITTERS,Consumer Discretionary,Equity,"882,838.44",0.00,"882,838.44","49,542.00",17.82,United States,NYSE,USD,1.00,USD,-
KNSA,KINIKSA PHARMACEUTICALS INTERNATIO,Health Care,Equity,"880,117.76",0.00,"880,117.76","11,272.00",78.08,United States,NASDAQ,USD,1.00,USD,-
REZI,RESIDEO TECHNOLOGIES,Industrials,Equity,"877,413.12",0.00,"877,413.12","33,438.00",26.24,United States,NYSE,USD,1.00,USD,-
ABM,ABM INDUSTRIES INC,Industrials,Equity,"875,064.12",0.00,"875,064.12","17,884.00",48.93,United States,NYSE,USD,1.00,USD,-
ACHR,ARCHER AVIATION CLASS A,Industrials,Equity,"873,683.20",0.00,"873,683.20","168,016.00",5.20,United States,NYSE,USD,1.00,USD,-
HAYW,HAYWARD HOLDINGS,Industrials,Equity,"874,567.61",0.00,"874,567.61","54,019.00",16.19,United States,NYSE,USD,1.00,USD,-
GRAL,GRAIL INC,Health Care,Equity,"871,095.74",0.00,"871,095.74","11,743.00",74.18,United States,NASDAQ,USD,1.00,USD,-
NHI,NATIONAL HEALTH INVESTORS REIT,Real Estate,Equity,"871,889.76",0.00,"871,889.76","11,619.00",75.04,United States,NYSE,USD,1.00,USD,-
CON,CONCENTRA GROUP HOLDINGS PARENT IN,Health Care,Equity,"863,863.84",0.00,"863,863.84","28,084.00",30.76,United States,NYSE,USD,1.00,USD,-
LMND,LEMONADE INC,Financials,Equity,"860,812.10",0.00,"860,812.10","16,535.00",52.06,United States,NYSE,USD,1.00,USD,-
TOWN,TOWNEBANK,Financials,Equity,"861,921.54",0.00,"861,921.54","22,481.00",38.34,United States,NASDAQ,USD,1.00,USD,-
AVA,AVISTA,Utilities,Equity,"862,519.88",0.00,"862,519.88","22,207.00",38.84,United States,NYSE,USD,1.00,USD,-
CHH,CHOICE HOTELS INTERNATIONAL,Consumer Discretionary,Equity,"859,106.15",0.00,"859,106.15","7,685.00",111.79,United States,NYSE,USD,1.00,USD,-
WDFC,WD-40,Consumer Staples,Equity,"859,133.20",0.00,"859,133.20","3,659.00",234.80,United States,NASDAQ,USD,1.00,USD,-
BOH,BANK OF HAWAII,Financials,Equity,"855,015.04",0.00,"855,015.04","10,736.00",79.64,United States,NYSE,USD,1.00,USD,-
ADEA,ADEIA,Information Technology,Equity,"855,246.54",0.00,"855,246.54","28,594.00",29.91,United States,NASDAQ,USD,1.00,USD,-
USAR,USA RARE EARTH CLASS A,Materials,Equity,"856,335.48",0.00,"856,335.48","49,903.00",17.16,United States,NASDAQ,USD,1.00,USD,-
FFBC,FIRST FINANCIAL BANCORP,Financials,Equity,"853,643.28",0.00,"853,643.28","24,808.00",34.41,United States,NASDAQ,USD,1.00,USD,-
ARQT,ARCUTIS BIOTHERAPEUTICS,Health Care,Equity,"851,319.40",0.00,"851,319.40","31,414.00",27.10,United States,NASDAQ,USD,1.00,USD,-
STNE,STONECO CLASS A,Financials,Equity,"841,101.00",0.00,"841,101.00","75,300.00",11.17,Brazil,NASDAQ,USD,1.00,USD,-
HUBG,HUB GROUP CLASS A,Industrials,Equity,"842,023.26",0.00,"842,023.26","17,697.00",47.58,United States,NASDAQ,USD,1.00,USD,-
EEFT,EURONET WORLDWIDE INC,Financials,Equity,"836,280.20",0.00,"836,280.20","11,260.00",74.27,United States,NASDAQ,USD,1.00,USD,-
SDRL,SEADRILL,Energy,Equity,"835,187.50",0.00,"835,187.50","20,125.00",41.50,United States,NYSE,USD,1.00,USD,-
ASO,ACADEMY SPORTS AND OUTDOORS,Consumer Discretionary,Equity,"836,049.55",0.00,"836,049.55","17,465.00",47.87,United States,NASDAQ,USD,1.00,USD,-
RH,RH,Consumer Discretionary,Equity,"832,173.30",0.00,"832,173.30","4,261.00",195.30,United States,NYSE,USD,1.00,USD,-
RLAY,RELAY THERAPEUTICS,Health Care,Equity,"833,930.57",0.00,"833,930.57","42,353.00",19.69,United States,NASDAQ,USD,1.00,USD,-
BELFB,BEL FUSE CLASS B,Information Technology,Equity,"824,992.06",0.00,"824,992.06","2,806.00",294.01,United States,NASDAQ,USD,1.00,USD,-
WK,WORKIVA CLASS A,Information Technology,Equity,"821,967.40",0.00,"821,967.40","13,322.00",61.70,United States,NYSE,USD,1.00,USD,-
HOG,HARLEY DAVIDSON,Consumer Discretionary,Equity,"822,366.00",0.00,"822,366.00","31,400.00",26.19,United States,NYSE,USD,1.00,USD,-
TRMK,TRUSTMARK,Financials,Equity,"823,675.52",0.00,"823,675.52","16,976.00",48.52,United States,NASDAQ,USD,1.00,USD,-
NG,NOVAGOLD RESOURCES INC,Materials,Equity,"819,978.90",0.00,"819,978.90","119,010.00",6.89,Canada,Nyse Mkt Llc,USD,1.00,USD,-
VECO,VEECO INSTRUMENTS INC,Information Technology,Equity,"821,038.88",0.00,"821,038.88","15,503.00",52.96,United States,NASDAQ,USD,1.00,USD,-
LBRT,LIBERTY ENERGY CLASS A,Energy,Equity,"818,078.60",0.00,"818,078.60","42,169.00",19.40,United States,NYSE,USD,1.00,USD,-
PEGA,PEGASYSTEMS,Information Technology,Equity,"819,425.60",0.00,"819,425.60","25,760.00",31.81,United States,NASDAQ,USD,1.00,USD,-
SMR,NUSCALE POWER CORP CLASS A,Industrials,Equity,"812,411.18",0.00,"812,411.18","86,611.00",9.38,United States,NYSE,USD,1.00,USD,-
LEU,CENTRUS ENERGY CLASS A,Energy,Equity,"811,124.49",0.00,"811,124.49","4,323.00",187.63,United States,NYSE,USD,1.00,USD,-
ACHC,ACADIA HEALTHCARE COMPANY,Health Care,Equity,"808,804.88",0.00,"808,804.88","25,087.00",32.24,United States,NASDAQ,USD,1.00,USD,-
RRR,RED ROCK RESORTS ORS CLASS A,Consumer Discretionary,Equity,"800,170.28",0.00,"800,170.28","13,124.00",60.97,United States,NASDAQ,USD,1.00,USD,-
PENG,PENGUIN SOLUTIONS INC,Information Technology,Equity,"800,417.80",0.00,"800,417.80","14,365.00",55.72,United States,NASDAQ,USD,1.00,USD,-
TBBK,BANCORP INC,Financials,Equity,"798,681.42",0.00,"798,681.42","11,133.00",71.74,United States,NASDAQ,USD,1.00,USD,-
IDYA,IDEAYA BIOSCIENCES,Health Care,Equity,"798,934.72",0.00,"798,934.72","22,168.00",36.04,United States,NASDAQ,USD,1.00,USD,-
CPK,CHESAPEAKE UTILITIES,Utilities,Equity,"799,024.80",0.00,"799,024.80","5,970.00",133.84,United States,NYSE,USD,1.00,USD,-
FBNC,FIRST BANCORP,Financials,Equity,"796,927.95",0.00,"796,927.95","12,285.00",64.87,United States,NASDAQ,USD,1.00,USD,-
IMNM,IMMUNOME,Health Care,Equity,"797,193.76",0.00,"797,193.76","31,238.00",25.52,United States,NASDAQ,USD,1.00,USD,-
AAMI,ACADIAN ASSET MANAGEMENT INC,Financials,Equity,"795,175.59",0.00,"795,175.59","8,699.00",91.41,United States,NYSE,USD,1.00,USD,-
NHC,NATIONAL HEALTHCARE CORP,Health Care,Equity,"792,569.55",0.00,"792,569.55","3,579.00",221.45,United States,Nyse Mkt Llc,USD,1.00,USD,-
PHIN,PHINIA,Consumer Discretionary,Equity,"789,812.73",0.00,"789,812.73","10,323.00",76.51,United States,NYSE,USD,1.00,USD,-
SEI,SOLARIS ENERGY INFRASTRUCTURE INC,Energy,Equity,"790,260.97",0.00,"790,260.97","14,221.00",55.57,United States,NYSE,USD,1.00,USD,-
DOCS,DOXIMITY CLASS A,Health Care,Equity,"790,381.83",0.00,"790,381.83","36,541.00",21.63,United States,NYSE,USD,1.00,USD,-
KALU,KAISER ALUMINIUM,Materials,Equity,"790,542.00",0.00,"790,542.00","4,440.00",178.05,United States,NASDAQ,USD,1.00,USD,-
ALM,ALMONTY INDUSTRIES,Materials,Equity,"787,605.94",0.00,"787,605.94","59,174.00",13.31,Canada,NASDAQ,USD,1.00,USD,-
SBCF,SEACOAST BANKING OF FLORIDA,Financials,Equity,"788,145.12",0.00,"788,145.12","22,512.00",35.01,United States,NASDAQ,USD,1.00,USD,-
PATK,PATRICK INDUSTRIES,Consumer Discretionary,Equity,"788,915.60",0.00,"788,915.60","9,010.00",87.56,United States,NASDAQ,USD,1.00,USD,-
CRGY,CRESCENT ENERGY CLASS A,Energy,Equity,"786,266.82",0.00,"786,266.82","71,609.00",10.98,United States,NYSE,USD,1.00,USD,-
CWT,CALIFORNIA WATER SERVICE GROUP,Utilities,Equity,"786,787.32",0.00,"786,787.32","15,818.00",49.74,United States,NYSE,USD,1.00,USD,-
MCY,MERCURY GENERAL,Financials,Equity,"787,109.41",0.00,"787,109.41","7,181.00",109.61,United States,NYSE,USD,1.00,USD,-
COCO,THE VITA COCO COMPANY,Consumer Staples,Equity,"783,915.60",0.00,"783,915.60","12,090.00",64.84,United States,NASDAQ,USD,1.00,USD,-
PLUG,PLUG POWER,Industrials,Equity,"779,322.60",0.00,"779,322.60","371,106.00",2.10,United States,NASDAQ,USD,1.00,USD,-
HGV,HILTON GRAND VACATIONS,Consumer Discretionary,Equity,"777,267.54",0.00,"777,267.54","16,506.00",47.09,United States,NYSE,USD,1.00,USD,-
DCO,DUCOMMUN,Industrials,Equity,"777,424.60",0.00,"777,424.60","4,055.00",191.72,United States,NYSE,USD,1.00,USD,-
MGEE,MGE ENERGY,Utilities,Equity,"776,753.64",0.00,"776,753.64","9,684.00",80.21,United States,NASDAQ,USD,1.00,USD,-
JOE,ST JOE,Real Estate,Equity,"776,887.45",0.00,"776,887.45","11,965.00",64.93,United States,NYSE,USD,1.00,USD,-
BLBD,BLUE BIRD,Industrials,Equity,"774,915.89",0.00,"774,915.89","10,073.00",76.93,United States,NASDAQ,USD,1.00,USD,-
KMT,KENNAMETAL,Industrials,Equity,"771,606.08",0.00,"771,606.08","22,588.00",34.16,United States,NYSE,USD,1.00,USD,-
WRBY,WARBY PARKER INC CLASS A,Consumer Discretionary,Equity,"772,464.57",0.00,"772,464.57","26,391.00",29.27,United States,NYSE,USD,1.00,USD,-
HWKN,HAWKINS INC,Materials,Equity,"773,047.06",0.00,"773,047.06","5,714.00",135.29,United States,NASDAQ,USD,1.00,USD,-
VISN,VISTANCE NETWORKS INC,Information Technology,Equity,"769,824.90",0.00,"769,824.90","62,334.00",12.35,United States,NASDAQ,USD,1.00,USD,-
NAVN,NAVAN CLASS A,Consumer Discretionary,Equity,"767,342.80",0.00,"767,342.80","27,752.00",27.65,United States,NASDAQ,USD,1.00,USD,-
DRH,DIAMONDROCK HOSPITALITY,Real Estate,Equity,"768,151.80",0.00,"768,151.80","57,930.00",13.26,United States,NASDAQ,USD,1.00,USD,-
VAC,MARRIOTT VACATIONS WORLDWIDE,Consumer Discretionary,Equity,"765,084.80",0.00,"765,084.80","7,520.00",101.74,United States,NYSE,USD,1.00,USD,-
NGVT,INGEVITY,Materials,Equity,"765,625.19",0.00,"765,625.19","9,929.00",77.11,United States,NYSE,USD,1.00,USD,-
LCII,LCI INDUSTRIES,Consumer Discretionary,Equity,"761,014.17",0.00,"761,014.17","7,101.00",107.17,United States,NYSE,USD,1.00,USD,-
DHT,DHT HOLDINGS,Energy,Equity,"762,870.30",0.00,"762,870.30","42,690.00",17.87,Bermuda,NYSE,USD,1.00,USD,-
MGRC,MCGRATH RENT,Industrials,Equity,"759,942.80",0.00,"759,942.80","6,280.00",121.01,United States,NASDAQ,USD,1.00,USD,-
IBRX,IMMUNITYBIO INC,Health Care,Equity,"760,807.75",0.00,"760,807.75","104,939.00",7.25,United States,NASDAQ,USD,1.00,USD,-
CBZ,CBIZ,Industrials,Equity,"758,815.60",0.00,"758,815.60","13,847.00",54.80,United States,NYSE,USD,1.00,USD,-
PRK,PARK NATIONAL CORP,Financials,Equity,"753,970.96",0.00,"753,970.96","3,628.00",207.82,United States,Nyse Mkt Llc,USD,1.00,USD,-
MPT,MEDICAL PROPERTIES TRUST REIT INC,Real Estate,Equity,"749,463.14",0.00,"749,463.14","160,829.00",4.66,United States,NYSE,USD,1.00,USD,-
GOLF,ACUSHNET HOLDINGS CORP,Consumer Discretionary,Equity,"750,106.80",0.00,"750,106.80","7,272.00",103.15,United States,NYSE,USD,1.00,USD,-
CLMT,CALUMET,Energy,Equity,"747,829.50",0.00,"747,829.50","18,575.00",40.26,United States,NASDAQ,USD,1.00,USD,-
SPB,SPECTRUM BRANDS HOLDINGS,Consumer Staples,Equity,"748,096.43",0.00,"748,096.43","8,269.00",90.47,United States,NYSE,USD,1.00,USD,-
BWIN,BALDWIN INSURANCE GROUP CLASS A,Financials,Equity,"745,517.01",0.00,"745,517.01","25,913.00",28.77,United States,NASDAQ,USD,1.00,USD,-
CALY,CALLAWAY GOLF COMPANY,Consumer Discretionary,Equity,"743,015.91",0.00,"743,015.91","38,881.00",19.11,United States,NYSE,USD,1.00,USD,-
WAFD,WAFD INC,Financials,Equity,"743,046.28",0.00,"743,046.28","19,699.00",37.72,United States,NASDAQ,USD,1.00,USD,-
VC,VISTEON,Consumer Discretionary,Equity,"743,872.90",0.00,"743,872.90","7,130.00",104.33,United States,NASDAQ,USD,1.00,USD,-
OSW,ONESPAWORLD HOLDINGS LTD,Consumer Discretionary,Equity,"740,822.40",0.00,"740,822.40","27,840.00",26.61,United States,NASDAQ,USD,1.00,USD,-
XRAY,DENTSPLY SIRONA,Health Care,Equity,"741,474.24",0.00,"741,474.24","53,808.00",13.78,United States,NASDAQ,USD,1.00,USD,-
DX,DYNEX CAPITAL REIT INC,Financials,Equity,"739,363.30",0.00,"739,363.30","57,538.00",12.85,United States,NYSE,USD,1.00,USD,-
PBH,PRESTIGE CONSUMER HEALTHCARE INC,Health Care,Equity,"737,163.72",0.00,"737,163.72","13,914.00",52.98,United States,NYSE,USD,1.00,USD,-
CURB,CURBLINE PROPERTIES,Real Estate,Equity,"735,387.84",0.00,"735,387.84","24,464.00",30.06,United States,NYSE,USD,1.00,USD,-
PLUS,EPLUS,Information Technology,Equity,"732,650.88",0.00,"732,650.88","7,748.00",94.56,United States,NASDAQ,USD,1.00,USD,-
GPGI,GPGI INC CLASS A,Information Technology,Equity,"733,345.26",0.00,"733,345.26","48,183.00",15.22,United States,NYSE,USD,1.00,USD,-
KVYO,KLAVIYO SERIES A,Information Technology,Equity,"731,547.20",0.00,"731,547.20","37,904.00",19.30,United States,NYSE,USD,1.00,USD,-
CENX,CENTURY ALUMINUM,Materials,Equity,"731,640.00",0.00,"731,640.00","15,600.00",46.90,United States,NASDAQ,USD,1.00,USD,-
WLK,WESTLAKE CORP,Materials,Equity,"726,691.46",0.00,"726,691.46","9,229.00",78.74,United States,NYSE,USD,1.00,USD,-
SPSC,SPS COMMERCE,Information Technology,Equity,"727,897.86",0.00,"727,897.86","10,022.00",72.63,United States,NASDAQ,USD,1.00,USD,-
AUGO,AURA MINERALS INC,Materials,Equity,"727,963.20",0.00,"727,963.20","11,070.00",65.76,Brazil,NASDAQ,USD,1.00,USD,-
NWL,NEWELL BRANDS INC,Consumer Discretionary,Equity,"725,752.42",0.00,"725,752.42","117,626.00",6.17,United States,NASDAQ,USD,1.00,USD,-
DNOW,DNOW,Industrials,Equity,"722,944.80",0.00,"722,944.80","50,840.00",14.22,United States,NYSE,USD,1.00,USD,-
SMG,SCOTTS MIRACLE GRO,Materials,Equity,"723,991.24",0.00,"723,991.24","10,948.00",66.13,United States,NYSE,USD,1.00,USD,-
ELVN,ENLIVEN THERAPEUTICS,Health Care,Equity,"720,877.50",0.00,"720,877.50","12,075.00",59.70,United States,NASDAQ,USD,1.00,USD,-
ATEN,A10 NETWORKS INC,Information Technology,Equity,"721,902.72",0.00,"721,902.72","23,408.00",30.84,United States,NYSE,USD,1.00,USD,-
BUSE,FIRST BUSEY,Financials,Equity,"722,074.66",0.00,"722,074.66","23,018.00",31.37,United States,NASDAQ,USD,1.00,USD,-
MGNI,MAGNITE,Communication,Equity,"716,277.51",0.00,"716,277.51","34,653.00",20.67,United States,NASDAQ,USD,1.00,USD,-
HURN,HURON CONSULTING GROUP,Industrials,Equity,"716,368.48",0.00,"716,368.48","4,786.00",149.68,United States,NASDAQ,USD,1.00,USD,-
FCPT,FOUR CORNERS PROPERTY INC TRUST,Real Estate,Equity,"716,758.28",0.00,"716,758.28","28,364.00",25.27,United States,NYSE,USD,1.00,USD,-
CACC,CREDIT ACCEPTANCE CORP,Financials,Equity,"716,949.20",0.00,"716,949.20","1,210.00",592.52,United States,NASDAQ,USD,1.00,USD,-
FRHC,FREEDOM HOLDING CORP,Financials,Equity,"717,301.00",0.00,"717,301.00","4,798.00",149.50,United States,NASDAQ,USD,1.00,USD,-
SHAK,SHAKE SHACK INC CLASS A,Consumer Discretionary,Equity,"717,507.49",0.00,"717,507.49","9,653.00",74.33,United States,NYSE,USD,1.00,USD,-
PRVA,PRIVIA HEALTH GROUP INC,Health Care,Equity,"713,289.20",0.00,"713,289.20","29,770.00",23.96,United States,NASDAQ,USD,1.00,USD,-
BTU,PEABODY ENERGY CORP,Energy,Equity,"710,790.00",0.00,"710,790.00","31,175.00",22.80,United States,NYSE,USD,1.00,USD,-
URGN,UROGEN PHARMA LTD,Health Care,Equity,"709,264.68",0.00,"709,264.68","15,276.00",46.43,United States,NASDAQ,USD,1.00,USD,-
AGYS,AGILYSYS INC,Information Technology,Equity,"709,511.18",0.00,"709,511.18","6,407.00",110.74,United States,NASDAQ,USD,1.00,USD,-
BANR,BANNER CORP,Financials,Equity,"706,117.44",0.00,"706,117.44","9,996.00",70.64,United States,NASDAQ,USD,1.00,USD,-
ALRM,ALARM.COM HOLDINGS,Information Technology,Equity,"704,510.44",0.00,"704,510.44","12,434.00",56.66,United States,NASDAQ,USD,1.00,USD,-
ALHC,ALIGNMENT HEALTHCARE,Health Care,Equity,"703,042.56",0.00,"703,042.56","51,392.00",13.68,United States,NASDAQ,USD,1.00,USD,-
TDC,TERADATA,Information Technology,Equity,"703,698.44",0.00,"703,698.44","26,828.00",26.23,United States,NYSE,USD,1.00,USD,-
UPST,UPSTART HOLDINGS,Financials,Equity,"699,190.40",0.00,"699,190.40","23,152.00",30.20,United States,NASDAQ,USD,1.00,USD,-
ANDE,ANDERSONS INC,Consumer Staples,Equity,"699,871.50",0.00,"699,871.50","10,034.00",69.75,United States,NASDAQ,USD,1.00,USD,-
UE,URBAN EDGE PROPERTIES,Real Estate,Equity,"695,075.48",0.00,"695,075.48","31,537.00",22.04,United States,NYSE,USD,1.00,USD,-
WAY,WAYSTAR HOLDING,Health Care,Equity,"695,367.96",0.00,"695,367.96","29,742.00",23.38,United States,NASDAQ,USD,1.00,USD,-
BANF,BANCFIRST CORP,Financials,Equity,"695,561.40",0.00,"695,561.40","6,095.00",114.12,United States,NASDAQ,USD,1.00,USD,-
NTCT,NETSCOUT SYSTEMS,Information Technology,Equity,"692,909.84",0.00,"692,909.84","16,892.00",41.02,United States,NASDAQ,USD,1.00,USD,-
LINE,LINEAGE,Real Estate,Equity,"693,242.08",0.00,"693,242.08","16,859.00",41.12,United States,NASDAQ,USD,1.00,USD,-
WKC,WORLD KINECT,Energy,Equity,"690,164.70",0.00,"690,164.70","17,945.00",38.46,United States,NYSE,USD,1.00,USD,-
UNFI,UNITED NATURAL FOODS INC,Consumer Staples,Equity,"690,238.25",0.00,"690,238.25","14,365.00",48.05,United States,NYSE,USD,1.00,USD,-
NRIX,NURIX THERAPEUTICS INC,Health Care,Equity,"690,423.20",0.00,"690,423.20","27,485.00",25.12,United States,NASDAQ,USD,1.00,USD,-
AKR,ACADIA REALTY TRUST REIT,Real Estate,Equity,"688,475.13",0.00,"688,475.13","32,037.00",21.49,United States,NYSE,USD,1.00,USD,-
CNS,COHEN & STEERS INC,Financials,Equity,"683,782.18",0.00,"683,782.18","8,119.00",84.22,United States,NYSE,USD,1.00,USD,-
DBRG,DIGITALBRIDGE GROUP INC CLASS A,Financials,Equity,"683,827.68",0.00,"683,827.68","42,954.00",15.92,United States,NYSE,USD,1.00,USD,-
AEHR,AEHR TEST SYSTEMS,Information Technology,Equity,"683,952.72",0.00,"683,952.72","6,924.00",98.78,United States,NASDAQ,USD,1.00,USD,-
TMDX,TRANSMEDICS GROUP,Health Care,Equity,"684,050.07",0.00,"684,050.07","8,943.00",76.49,United States,NASDAQ,USD,1.00,USD,-
HLIO,HELIOS TECHNOLOGIES INC,Industrials,Equity,"684,496.12",0.00,"684,496.12","8,308.00",82.39,United States,NYSE,USD,1.00,USD,-
NVTS,NAVITAS SEMICONDUCTOR,Information Technology,Equity,"681,781.75",0.00,"681,781.75","55,205.00",12.35,United States,NASDAQ,USD,1.00,USD,-
BATRK,ATLANTA BRAVES HOLDINGS SERIES C,Communication,Equity,"682,968.00",0.00,"682,968.00","13,728.00",49.75,United States,NASDAQ,USD,1.00,USD,-
PRDO,PERDOCEO EDUCATION,Consumer Discretionary,Equity,"683,489.79",0.00,"683,489.79","20,693.00",33.03,United States,NASDAQ,USD,1.00,USD,-
BANC,BANC OF CALIFORNIA,Financials,Equity,"675,896.32",0.00,"675,896.32","34,912.00",19.36,United States,NYSE,USD,1.00,USD,-
ROG,ROGERS,Information Technology,Equity,"676,893.78",0.00,"676,893.78","5,121.00",132.18,United States,NYSE,USD,1.00,USD,-
BXMT,BLACKSTONE MORTGAGE TRUST REIT CLA,Financials,Equity,"677,316.72",0.00,"677,316.72","48,588.00",13.94,United States,NYSE,USD,1.00,USD,-
PENN,PENN ENTERTAINMENT,Consumer Discretionary,Equity,"674,045.10",0.00,"674,045.10","34,355.00",19.62,United States,NASDAQ,USD,1.00,USD,-
CXT,CRANE NXT,Information Technology,Equity,"674,996.93",0.00,"674,996.93","12,889.00",52.37,United States,NYSE,USD,1.00,USD,-
BEAM,BEAM THERAPEUTICS,Health Care,Equity,"673,312.11",0.00,"673,312.11","24,873.00",27.07,United States,NASDAQ,USD,1.00,USD,-
PGNY,PROGYNY,Health Care,Equity,"673,388.42",0.00,"673,388.42","21,466.00",31.37,United States,NASDAQ,USD,1.00,USD,-
NKTR,NEKTAR THERAPEUTICS,Health Care,Equity,"670,162.21",0.00,"670,162.21","9,169.00",73.09,United States,NASDAQ,USD,1.00,USD,-
WLY,JOHN WILEY AND SONS CLASS A,Communication,Equity,"670,293.68",0.00,"670,293.68","12,308.00",54.46,United States,NYSE,USD,1.00,USD,-
NTB,BANK OF NT BUTTERFIELD & SON LTD,Financials,Equity,"665,984.76",0.00,"665,984.76","10,766.00",61.86,United States,NYSE,USD,1.00,USD,-
TRN,TRINITY INDUSTRIES INC,Industrials,Equity,"667,247.76",0.00,"667,247.76","20,556.00",32.46,United States,NYSE,USD,1.00,USD,-
NEOG,NEOGEN,Health Care,Equity,"664,551.60",0.00,"664,551.60","58,294.00",11.40,United States,NASDAQ,USD,1.00,USD,-
VCEL,VERICEL,Health Care,Equity,"662,029.20",0.00,"662,029.20","14,595.00",45.36,United States,NASDAQ,USD,1.00,USD,-
NMRK,NEWMARK GROUP INC CLASS A,Real Estate,Equity,"662,290.22",0.00,"662,290.22","42,509.00",15.58,United States,NASDAQ,USD,1.00,USD,-
IRON,DISC MEDICINE,Health Care,Equity,"662,607.27",0.00,"662,607.27","8,397.00",78.91,United States,NASDAQ,USD,1.00,USD,-
OUST,OUSTER,Information Technology,Equity,"662,993.28",0.00,"662,993.28","14,694.00",45.12,United States,NASDAQ,USD,1.00,USD,-
MAN,MANPOWER INC,Industrials,Equity,"660,947.28",0.00,"660,947.28","12,152.00",54.39,United States,NYSE,USD,1.00,USD,-
PTON,PELOTON INTERACTIVE CLASS A INC,Consumer Discretionary,Equity,"661,121.48",0.00,"661,121.48","101,399.00",6.52,United States,NASDAQ,USD,1.00,USD,-
ESTA,ESTABLISHMENT LABS INC,Health Care,Equity,"658,095.00",0.00,"658,095.00","7,212.00",91.25,United States,NASDAQ,USD,1.00,USD,-
LION,LIONSGATE STUDIOS,Communication,Equity,"658,150.90",0.00,"658,150.90","50,705.00",12.98,United States,NYSE,USD,1.00,USD,-
WHR,WHIRLPOOL,Consumer Discretionary,Equity,"658,418.30",0.00,"658,418.30","14,570.00",45.19,United States,NYSE,USD,1.00,USD,-
FBK,FB FINANCIAL,Financials,Equity,"655,379.70",0.00,"655,379.70","10,610.00",61.77,United States,NYSE,USD,1.00,USD,-
SYBT,STOCK YARDS BANCORP INC,Financials,Equity,"656,436.80",0.00,"656,436.80","7,741.00",84.80,United States,NASDAQ,USD,1.00,USD,-
BCRX,BIOCRYST PHARMACEUTICALS,Health Care,Equity,"657,139.64",0.00,"657,139.64","72,452.00",9.07,United States,NASDAQ,USD,1.00,USD,-
PRLB,PROTO LABS,Industrials,Equity,"657,276.18",0.00,"657,276.18","7,278.00",90.31,United States,NYSE,USD,1.00,USD,-
APAM,ARTISAN PARTNERS ASSET MANAGEMENT,Financials,Equity,"653,977.86",0.00,"653,977.86","15,287.00",42.78,United States,NYSE,USD,1.00,USD,-
PEB,PEBBLEBROOK HOTEL TRUST REIT,Real Estate,Equity,"651,369.89",0.00,"651,369.89","34,121.00",19.09,United States,NYSE,USD,1.00,USD,-
SHO,SUNSTONE HOTEL INVESTORS REIT INC,Real Estate,Equity,"652,269.60",0.00,"652,269.60","55,845.00",11.68,United States,NYSE,USD,1.00,USD,-
UFPT,UFP TECHNOLOGIES INC,Health Care,Equity,"649,595.02",0.00,"649,595.02","2,017.00",322.06,United States,NASDAQ,USD,1.00,USD,-
SOUN,SOUNDHOUND AI CLASS A,Information Technology,Equity,"648,561.95",0.00,"648,561.95","100,865.00",6.43,United States,NASDAQ,USD,1.00,USD,-
XHR,XENIA HOTELS RESORTS REIT,Real Estate,Equity,"645,635.76",0.00,"645,635.76","31,556.00",20.46,United States,NYSE,USD,1.00,USD,-
PFSI,PENNYMAC FINANCIAL SERVICES,Financials,Equity,"645,748.01",0.00,"645,748.01","8,509.00",75.89,United States,NYSE,USD,1.00,USD,-
RSI,RUSH STREET INTERACTIVE CLASS A,Consumer Discretionary,Equity,"646,652.16",0.00,"646,652.16","24,948.00",25.92,United States,NYSE,USD,1.00,USD,-
DGII,DIGI INTERNATIONAL,Information Technology,Equity,"643,255.50",0.00,"643,255.50","8,842.00",72.75,United States,NASDAQ,USD,1.00,USD,-
KNTK,KINETIK HOLDINGS CLASS A,Energy,Equity,"643,828.60",0.00,"643,828.60","13,316.00",48.35,United States,NYSE,USD,1.00,USD,-
MANE,VERADERMICS,Health Care,Equity,"644,213.24",0.00,"644,213.24","5,786.00",111.34,United States,NYSE,USD,1.00,USD,-
RAMP,LIVERAMP HOLDINGS INC,Information Technology,Equity,"642,713.40",0.00,"642,713.40","17,003.00",37.80,United States,NYSE,USD,1.00,USD,-
RARE,ULTRAGENYX PHARMACEUTICAL,Health Care,Equity,"637,858.98",0.00,"637,858.98","25,586.00",24.93,United States,NASDAQ,USD,1.00,USD,-
EFSC,ENTERPRISE FINANCIAL SERVICES CORP,Financials,Equity,"638,035.20",0.00,"638,035.20","9,540.00",66.88,United States,NASDAQ,USD,1.00,USD,-
NBTB,NBT BANCORP,Financials,Equity,"638,533.56",0.00,"638,533.56","11,998.00",53.22,United States,NASDAQ,USD,1.00,USD,-
OLN,OLIN CORP,Materials,Equity,"638,557.92",0.00,"638,557.92","34,111.00",18.72,United States,NYSE,USD,1.00,USD,-
FRSH,FRESHWORKS CLASS A,Information Technology,Equity,"635,109.12",0.00,"635,109.12","55,131.00",11.52,United States,NASDAQ,USD,1.00,USD,-
MTX,MINERALS TECHNOLOGIES,Materials,Equity,"635,838.32",0.00,"635,838.32","8,248.00",77.09,United States,NYSE,USD,1.00,USD,-
PAY,PAYMENTUS HOLDINGS INC CLASS A,Financials,Equity,"633,320.00",0.00,"633,320.00","15,833.00",40.00,United States,NYSE,USD,1.00,USD,-
FRME,FIRST MERCHANTS,Financials,Equity,"633,765.81",0.00,"633,765.81","14,613.00",43.37,United States,NASDAQ,USD,1.00,USD,-
IPAR,INTERPARFUMS INC,Consumer Staples,Equity,"634,862.02",0.00,"634,862.02","5,146.00",123.37,United States,NASDAQ,USD,1.00,USD,-
BBT,BEACON FINANCIAL,Financials,Equity,"631,579.36",0.00,"631,579.36","19,886.00",31.76,United States,NYSE,USD,1.00,USD,-
WERN,WERNER ENTERPRISES,Industrials,Equity,"631,669.64",0.00,"631,669.64","16,702.00",37.82,United States,NASDAQ,USD,1.00,USD,-
CUBI,CUSTOMERS BANCORP,Financials,Equity,"629,995.52",0.00,"629,995.52","7,616.00",82.72,United States,NYSE,USD,1.00,USD,-
SUPN,SUPERNUS PHARMACEUTICALS,Health Care,Equity,"627,092.88",0.00,"627,092.88","13,368.00",46.91,United States,NASDAQ,USD,1.00,USD,-
KOD,KODIAK SCIENCES,Health Care,Equity,"628,332.88",0.00,"628,332.88","14,408.00",43.61,United States,NASDAQ,USD,1.00,USD,-
SEZL,SEZZLE INC,Financials,Equity,"625,398.40",0.00,"625,398.40","3,586.00",174.40,United States,NASDAQ,USD,1.00,USD,-
ALMS,ALUMIS,Health Care,Equity,"625,685.52",0.00,"625,685.52","23,071.00",27.12,United States,NASDAQ,USD,1.00,USD,-
IVT,INVENTRUST PROPERTIES,Real Estate,Equity,"621,607.89",0.00,"621,607.89","18,561.00",33.49,United States,NYSE,USD,1.00,USD,-
IPGP,IPG PHOTONICS CORP,Information Technology,Equity,"619,037.25",0.00,"619,037.25","6,747.00",91.75,United States,NASDAQ,USD,1.00,USD,-
KWR,QUAKER HOUGHTON CORP,Materials,Equity,"619,434.44",0.00,"619,434.44","3,622.00",171.02,United States,NYSE,USD,1.00,USD,-
QS,QUANTUMSCAPE CLASS A,Consumer Discretionary,Equity,"620,238.24",0.00,"620,238.24","112,362.00",5.52,United States,NASDAQ,USD,1.00,USD,-
KEEL,KEEL INFRASTRUCTURE CORP,Information Technology,Equity,"617,171.13",0.00,"617,171.13","157,041.00",3.93,Canada,NASDAQ,USD,1.00,USD,-
GRBK,GREEN BRICK PARTNERS,Consumer Discretionary,Equity,"617,987.97",0.00,"617,987.97","8,439.00",73.23,United States,NYSE,USD,1.00,USD,-
BRZE,BRAZE INC CLASS A,Information Technology,Equity,"615,094.98",0.00,"615,094.98","23,459.00",26.22,United States,NASDAQ,USD,1.00,USD,-
ATAI,ATAIBECKLEY INC,Health Care,Equity,"615,208.98",0.00,"615,208.98","85,209.00",7.22,United States,NASDAQ,USD,1.00,USD,-
ECPG,ENCORE CAPITAL GROUP,Financials,Equity,"615,646.98",0.00,"615,646.98","6,642.00",92.69,United States,NASDAQ,USD,1.00,USD,-
UI,UBIQUITI,Information Technology,Equity,"612,942.24",0.00,"612,942.24","1,077.00",569.12,United States,NYSE,USD,1.00,USD,-
NWBI,NORTHWEST BANCSHARES INC,Financials,Equity,"613,486.44",0.00,"613,486.44","38,439.00",15.96,United States,NASDAQ,USD,1.00,USD,-
IOSP,INNOSPEC INC,Materials,Equity,"610,614.40",0.00,"610,614.40","6,640.00",91.96,United States,NASDAQ,USD,1.00,USD,-
EVTC,EVERTEC INC,Financials,Equity,"611,546.92",0.00,"611,546.92","19,532.00",31.31,United States,NYSE,USD,1.00,USD,-
AGM,FEDERAL AGRICULTURAL MORTGAGE NON,Financials,Equity,"611,810.96",0.00,"611,810.96","2,578.00",237.32,United States,NYSE,USD,1.00,USD,-
ADMA,ADMA BIOLOGICS,Health Care,Equity,"610,502.54",0.00,"610,502.54","65,929.00",9.26,United States,NASDAQ,USD,1.00,USD,-
TARS,TARSUS PHARMACEUTICALS,Health Care,Equity,"607,629.06",0.00,"607,629.06","9,914.00",61.29,United States,NASDAQ,USD,1.00,USD,-
ATRO,ASTRONICS,Industrials,Equity,"605,626.14",0.00,"605,626.14","7,851.00",77.14,United States,NASDAQ,USD,1.00,USD,-
INOD,INNODATA,Industrials,Equity,"603,102.78",0.00,"603,102.78","8,694.00",69.37,United States,NASDAQ,USD,1.00,USD,-
NWN,NORTHWEST NATURAL HOLDING COMPANY,Utilities,Equity,"600,319.78",0.00,"600,319.78","12,167.00",49.34,United States,NYSE,USD,1.00,USD,-
UTI,UNIVERSAL TECHNICAL INSTITUTE,Consumer Discretionary,Equity,"596,654.34",0.00,"596,654.34","14,082.00",42.37,United States,NYSE,USD,1.00,USD,-
CDNA,CAREDX,Health Care,Equity,"597,642.50",0.00,"597,642.50","13,135.00",45.50,United States,NASDAQ,USD,1.00,USD,-
EPAC,ENERPAC TOOL GROUP CLASS A,Industrials,Equity,"597,657.02",0.00,"597,657.02","16,166.00",36.97,United States,NYSE,USD,1.00,USD,-
GPOR,GULFPORT ENERGY,Energy,Equity,"595,167.56",0.00,"595,167.56","3,812.00",156.13,United States,NYSE,USD,1.00,USD,-
CENTA,CENTRAL GARDEN AND PET CLASS A,Consumer Staples,Equity,"595,674.60",0.00,"595,674.60","15,452.00",38.55,United States,NASDAQ,USD,1.00,USD,-
CAR,AVIS BUDGET GROUP INC,Industrials,Equity,"592,398.24",0.00,"592,398.24","4,272.00",138.67,United States,NASDAQ,USD,1.00,USD,-
TNET,TRINET GROUPINARY,Industrials,Equity,"592,767.90",0.00,"592,767.90","8,670.00",68.37,United States,NYSE,USD,1.00,USD,-
HMN,HORACE MANN EDUCATORS CORP,Financials,Equity,"593,262.70",0.00,"593,262.70","11,387.00",52.10,United States,NYSE,USD,1.00,USD,-
FWONA,LIBERTY MEDIA FORMULA ONE SERIES A,Communication,Equity,"592,118.55",0.00,"592,118.55","6,705.00",88.31,United States,NASDAQ,USD,1.00,USD,-
RLJ,RLJ LODGING TRUST REIT,Real Estate,Equity,"588,292.32",0.00,"588,292.32","47,751.00",12.32,United States,NYSE,USD,1.00,USD,-
ALGT,ALLEGIANT TRAVEL,Industrials,Equity,"590,247.24",0.00,"590,247.24","5,676.00",103.99,United States,NASDAQ,USD,1.00,USD,-
RCUS,ARCUS BIOSCIENCES,Health Care,Equity,"586,630.60",0.00,"586,630.60","21,178.00",27.70,United States,NYSE,USD,1.00,USD,-
KSS,KOHLS CORP,Consumer Discretionary,Equity,"588,010.94",0.00,"588,010.94","29,909.00",19.66,United States,NYSE,USD,1.00,USD,-
COHU,COHU,Information Technology,Equity,"585,480.14",0.00,"585,480.14","11,318.00",51.73,United States,NASDAQ,USD,1.00,USD,-
FIVN,FIVE9,Information Technology,Equity,"585,517.60",0.00,"585,517.60","19,781.00",29.60,United States,NASDAQ,USD,1.00,USD,-
OFG,OFG BANCORP,Financials,Equity,"583,208.01",0.00,"583,208.01","10,977.00",53.13,United States,NYSE,USD,1.00,USD,-
AUPH,AURINIA PHARMACEUTICALS INC,Health Care,Equity,"583,903.60",0.00,"583,903.60","38,440.00",15.19,United States,NASDAQ,USD,1.00,USD,-
CAI,CARIS LIFE SCIENCES,Health Care,Equity,"580,849.50",0.00,"580,849.50","35,310.00",16.45,United States,NASDAQ,USD,1.00,USD,-
HTFL,HEARTFLOW,Health Care,Equity,"580,894.60",0.00,"580,894.60","21,380.00",27.17,United States,NASDAQ,USD,1.00,USD,-
GEF,GREIF INC CLASS A,Materials,Equity,"581,274.00",0.00,"581,274.00","6,450.00",90.12,United States,NYSE,USD,1.00,USD,-
FLYW,FLYWIRE,Financials,Equity,"578,150.00",0.00,"578,150.00","31,000.00",18.65,United States,NASDAQ,USD,1.00,USD,-
RUN,SUNRUN INC,Industrials,Equity,"574,516.32",0.00,"574,516.32","54,768.00",10.49,United States,NASDAQ,USD,1.00,USD,-
MZTI,MARZETTI,Consumer Staples,Equity,"574,880.42",0.00,"574,880.42","5,167.00",111.26,United States,NASDAQ,USD,1.00,USD,-
BBUC,BROOKFIELD BUSINESS CORP CLASS A,Industrials,Equity,"570,672.35",0.00,"570,672.35","18,619.00",30.65,Canada,NYSE,USD,1.00,USD,-
CALX,CALIX NETWORKS,Information Technology,Equity,"570,795.22",0.00,"570,795.22","14,822.00",38.51,United States,NYSE,USD,1.00,USD,-
CASH,PATHWARD FINANCIAL INC,Financials,Equity,"568,529.97",0.00,"568,529.97","6,353.00",89.49,United States,NASDAQ,USD,1.00,USD,-
CC,CHEMOURS,Materials,Equity,"569,476.88",0.00,"569,476.88","39,032.00",14.59,United States,NYSE,USD,1.00,USD,-
HE,HAWAIIAN ELECTRIC INDUSTRIES,Utilities,Equity,"564,422.29",0.00,"564,422.29","44,831.00",12.59,United States,NYSE,USD,1.00,USD,-
CTS,CTS CORP,Information Technology,Equity,"564,491.34",0.00,"564,491.34","8,453.00",66.78,United States,NYSE,USD,1.00,USD,-
HTH,HILLTOP HOLDINGS,Financials,Equity,"560,301.30",0.00,"560,301.30","14,085.00",39.78,United States,NYSE,USD,1.00,USD,-
NCNO,NCINO,Information Technology,Equity,"557,996.91",0.00,"557,996.91","29,017.00",19.23,United States,NASDAQ,USD,1.00,USD,-
RDW,REDWIRE,Industrials,Equity,"558,383.36",0.00,"558,383.36","52,088.00",10.72,United States,NYSE,USD,1.00,USD,-
CHCO,CITY HOLDING,Financials,Equity,"553,824.36",0.00,"553,824.36","3,798.00",145.82,United States,NASDAQ,USD,1.00,USD,-
NEO,NEOGENOMICS,Health Care,Equity,"551,965.70",0.00,"551,965.70","35,090.00",15.73,United States,NASDAQ,USD,1.00,USD,-
PPTA,PERPETUA RESOURCES,Materials,Equity,"553,690.71",0.00,"553,690.71","24,147.00",22.93,United States,NASDAQ,USD,1.00,USD,-
GABC,GERMAN AMERICAN BANCORP INC,Financials,Equity,"551,334.08",0.00,"551,334.08","10,802.00",51.04,United States,NASDAQ,USD,1.00,USD,-
SNDR,SCHNEIDER NATIONAL CLASS B,Industrials,Equity,"551,529.94",0.00,"551,529.94","15,098.00",36.53,United States,NYSE,USD,1.00,USD,-
SKWD,SKYWARD SPECIALTY INSURANCE GROUP,Financials,Equity,"547,754.56",0.00,"547,754.56","8,689.00",63.04,United States,NASDAQ,USD,1.00,USD,-
MD,PEDIATRIX MEDICAL GROUP INC,Health Care,Equity,"548,908.80",0.00,"548,908.80","21,120.00",25.99,United States,NYSE,USD,1.00,USD,-
MFP,MIDERA FOOD PROCESSING INC,Industrials,Equity,"549,119.22",0.00,"549,119.22","11,766.00",46.67,United States,NASDAQ,USD,1.00,USD,-
MBC,MASTERBRAND,Industrials,Equity,"547,348.90",0.00,"547,348.90","59,885.00",9.14,United States,NYSE,USD,1.00,USD,-
DHC,DIVERSIFIED HEALTHCARE TRUST,Real Estate,Equity,"543,948.28",0.00,"543,948.28","59,383.00",9.16,United States,NASDAQ,USD,1.00,USD,-
DXC,DXC TECHNOLOGY,Information Technology,Equity,"544,257.28",0.00,"544,257.28","48,944.00",11.12,United States,NYSE,USD,1.00,USD,-
QCRH,QCR HOLDINGS INC,Financials,Equity,"544,291.78",0.00,"544,291.78","5,167.00",105.34,United States,NASDAQ,USD,1.00,USD,-
BULL,WEBULL CORP CLASS A,Financials,Equity,"545,278.68",0.00,"545,278.68","73,886.00",7.38,United States,NASDAQ,USD,1.00,USD,-
STUB,STUBHUB HOLDINGS INC CLASS A,Communication,Equity,"541,728.00",0.00,"541,728.00","59,400.00",9.12,United States,NYSE,USD,1.00,USD,-
HFWA,HERITAGE FINANCIAL CORP,Financials,Equity,"542,160.66",0.00,"542,160.66","18,066.00",30.01,United States,NASDAQ,USD,1.00,USD,-
LZB,LA-Z-BOY INC,Consumer Discretionary,Equity,"540,259.30",0.00,"540,259.30","13,034.00",41.45,United States,NYSE,USD,1.00,USD,-
HAPN,HAPPEN,Financials,Equity,"535,841.22",0.00,"535,841.22","26,241.00",20.42,United States,NASDAQ,USD,1.00,USD,-
AVPT,AVEPOINT INC CLASS A,Information Technology,Equity,"536,388.60",0.00,"536,388.60","40,029.00",13.40,United States,NASDAQ,USD,1.00,USD,-
DBD,DIEBOLD NIXDORF INC,Information Technology,Equity,"533,872.08",0.00,"533,872.08","6,834.00",78.12,United States,NYSE,USD,1.00,USD,-
BIRK,BIRKENSTOCK HOLDING PLC,Consumer Discretionary,Equity,"534,502.28",0.00,"534,502.28","14,261.00",37.48,United States,NYSE,USD,1.00,USD,-
INTA,INTAPP,Information Technology,Equity,"534,552.48",0.00,"534,552.48","14,463.00",36.96,United States,NASDAQ,USD,1.00,USD,-
NTST,NETSTREIT,Real Estate,Equity,"535,221.90",0.00,"535,221.90","25,306.00",21.15,United States,NYSE,USD,1.00,USD,-
GT,GOODYEAR TIRE & RUBBER,Consumer Discretionary,Equity,"532,707.46",0.00,"532,707.46","76,759.00",6.94,United States,NASDAQ,USD,1.00,USD,-
PLAB,PHOTRONICS,Information Technology,Equity,"529,710.93",0.00,"529,710.93","16,569.00",31.97,United States,NASDAQ,USD,1.00,USD,-
FCF,FIRST COMMONWEALTH FINANCIAL CORP,Financials,Equity,"530,748.08",0.00,"530,748.08","24,481.00",21.68,United States,NYSE,USD,1.00,USD,-
BLKB,BLACKBAUD,Information Technology,Equity,"528,331.57",0.00,"528,331.57","11,513.00",45.89,United States,NASDAQ,USD,1.00,USD,-
PVLA,PALVELLA THERAPEUTICS INC,Health Care,Equity,"525,454.72",0.00,"525,454.72","3,392.00",154.91,United States,NASDAQ,USD,1.00,USD,-
DEI,DOUGLAS EMMETT REIT,Real Estate,Equity,"525,772.60",0.00,"525,772.60","44,557.00",11.80,United States,NYSE,USD,1.00,USD,-
AGIO,AGIOS PHARMACEUTICALS,Health Care,Equity,"526,234.80",0.00,"526,234.80","16,590.00",31.72,United States,NASDAQ,USD,1.00,USD,-
ADUS,ADDUS HOMECARE CORP,Health Care,Equity,"526,632.12",0.00,"526,632.12","4,522.00",116.46,United States,NASDAQ,USD,1.00,USD,-
PAYO,PAYONEER GLOBAL INC,Financials,Equity,"523,732.96",0.00,"523,732.96","73,558.00",7.12,United States,NASDAQ,USD,1.00,USD,-
SONO,SONOS,Consumer Discretionary,Equity,"524,150.08",0.00,"524,150.08","32,924.00",15.92,United States,NASDAQ,USD,1.00,USD,-
AMLX,AMYLYX PHARMACEUTICALS,Health Care,Equity,"524,487.40",0.00,"524,487.40","24,004.00",21.85,United States,NASDAQ,USD,1.00,USD,-
ADNT,ADIENT PLC,Consumer Discretionary,Equity,"521,721.00",0.00,"521,721.00","25,425.00",20.52,United States,NYSE,USD,1.00,USD,-
JBLU,JETBLUE AIRWAYS,Industrials,Equity,"522,175.08",0.00,"522,175.08","82,103.00",6.36,United States,NASDAQ,USD,1.00,USD,-
SLS,SELLAS LIFE SCIENCES GROUP INC,Health Care,Equity,"522,670.20",0.00,"522,670.20","44,070.00",11.86,United States,NASDAQ,USD,1.00,USD,-
MBX,MBX BIOSCIENCES,Health Care,Equity,"520,270.80",0.00,"520,270.80","7,710.00",67.48,United States,NASDAQ,USD,1.00,USD,-
CCS,CENTURY COMMUNITIES INC,Consumer Discretionary,Equity,"521,051.25",0.00,"521,051.25","7,313.00",71.25,United States,NYSE,USD,1.00,USD,-
HHH,HOWARD HUGHES HOLDINGS INC,Real Estate,Equity,"521,053.08",0.00,"521,053.08","7,932.00",65.69,United States,NYSE,USD,1.00,USD,-
VVX,V2X,Industrials,Equity,"518,145.12",0.00,"518,145.12","6,648.00",77.94,United States,NYSE,USD,1.00,USD,-
TILE,INTERFACE,Industrials,Equity,"518,172.75",0.00,"518,172.75","14,725.00",35.19,United States,NASDAQ,USD,1.00,USD,-
TALO,TALOS ENERGY,Energy,Equity,"519,101.44",0.00,"519,101.44","36,608.00",14.18,United States,NYSE,USD,1.00,USD,-
WTTR,SELECT WATER SOLUTIONS CLASS A,Energy,Equity,"513,315.60",0.00,"513,315.60","23,060.00",22.26,United States,NYSE,USD,1.00,USD,-
MLKN,MILLERKNOLL,Industrials,Equity,"514,849.39",0.00,"514,849.39","21,461.00",23.99,United States,NASDAQ,USD,1.00,USD,-
LLYVA,LIBERTY LIVE HOLDINGS INC SERIES A,Communication,Equity,"511,992.62",0.00,"511,992.62","5,123.00",99.94,United States,NASDAQ,USD,1.00,USD,-
SMA,SMARTSTOP SELF STORAGE REIT INC,Real Estate,Equity,"509,984.10",0.00,"509,984.10","15,066.00",33.85,United States,NYSE,USD,1.00,USD,-
WU,WESTERN UNION,Financials,Equity,"508,170.96",0.00,"508,170.96","69,996.00",7.26,United States,NYSE,USD,1.00,USD,-
AXGN,AXOGEN,Health Care,Equity,"505,921.36",0.00,"505,921.36","11,188.00",45.22,United States,NASDAQ,USD,1.00,USD,-
PRGS,PROGRESS SOFTWARE CORP,Information Technology,Equity,"506,112.75",0.00,"506,112.75","11,979.00",42.25,United States,NASDAQ,USD,1.00,USD,-
RXRX,RECURSION PHARMACEUTICALS CLASS A,Health Care,Equity,"503,234.33",0.00,"503,234.33","158,749.00",3.17,United States,NASDAQ,USD,1.00,USD,-
AIN,ALBANY INTERNATIONAL CORP CLASS A,Industrials,Equity,"503,318.83",0.00,"503,318.83","8,143.00",61.81,United States,NYSE,USD,1.00,USD,-
PAGS,PAGSEGURO DIGITAL LTD CLASS A,Financials,Equity,"504,723.60",0.00,"504,723.60","53,694.00",9.40,Brazil,NYSE,USD,1.00,USD,-
STRA,STRATEGIC EDUCATION,Consumer Discretionary,Equity,"502,362.72",0.00,"502,362.72","6,012.00",83.56,United States,NASDAQ,USD,1.00,USD,-
LINC,LINCOLN EDUCATIONAL SERVICES CORP,Consumer Discretionary,Equity,"502,602.66",0.00,"502,602.66","11,683.00",43.02,United States,NASDAQ,USD,1.00,USD,-
BHVN,BIOHAVEN,Health Care,Equity,"499,934.77",0.00,"499,934.77","36,679.00",13.63,United States,NYSE,USD,1.00,USD,-
PRGO,PERRIGO PLC,Health Care,Equity,"500,544.40",0.00,"500,544.40","37,720.00",13.27,United States,NYSE,USD,1.00,USD,-
GENI,GENIUS SPORTS LTD,Consumer Discretionary,Equity,"496,917.82",0.00,"496,917.82","59,654.00",8.33,United Kingdom,NYSE,USD,1.00,USD,-
CPRI,CAPRI HOLDINGS LTD,Consumer Discretionary,Equity,"497,469.06",0.00,"497,469.06","31,053.00",16.02,United States,NYSE,USD,1.00,USD,-
PRG,PROG HOLDINGS INC,Financials,Equity,"498,618.75",0.00,"498,618.75","10,875.00",45.85,United States,NYSE,USD,1.00,USD,-
WD,WALKER & DUNLOP INC,Financials,Equity,"495,913.50",0.00,"495,913.50","9,650.00",51.39,United States,NYSE,USD,1.00,USD,-
YELP,YELP,Communication,Equity,"492,117.64",0.00,"492,117.64","19,156.00",25.69,United States,NYSE,USD,1.00,USD,-
NOG,NORTHERN OIL AND GAS,Energy,Equity,"492,510.24",0.00,"492,510.24","24,912.00",19.77,United States,NYSE,USD,1.00,USD,-
PACS,PACS GROUP,Health Care,Equity,"488,713.12",0.00,"488,713.12","10,708.00",45.64,United States,NYSE,USD,1.00,USD,-
ZD,ZIFF DAVIS INC,Communication,Equity,"489,083.44",0.00,"489,083.44","9,277.00",52.72,United States,NASDAQ,USD,1.00,USD,-
ICHR,ICHOR HOLDINGS,Information Technology,Equity,"489,891.71",0.00,"489,891.71","7,469.00",65.59,United States,NASDAQ,USD,1.00,USD,-
NSP,INSPERITY,Industrials,Equity,"490,547.52",0.00,"490,547.52","9,596.00",51.12,United States,NYSE,USD,1.00,USD,-
DXPE,DXP ENTERPRISES,Industrials,Equity,"486,926.04",0.00,"486,926.04","2,892.00",168.37,United States,NASDAQ,USD,1.00,USD,-
CTRI,CENTURI HOLDINGS INC,Industrials,Equity,"487,081.53",0.00,"487,081.53","21,911.00",22.23,United States,NYSE,USD,1.00,USD,-
IMAX,IMAX CORP,Communication,Equity,"487,465.64",0.00,"487,465.64","9,628.00",50.63,United States,NYSE,USD,1.00,USD,-
CRVL,CORVEL,Health Care,Equity,"487,608.01",0.00,"487,608.01","7,793.00",62.57,United States,NASDAQ,USD,1.00,USD,-
FLY,FIREFLY AEROSPACE,Industrials,Equity,"485,030.24",0.00,"485,030.24","21,236.00",22.84,United States,NASDAQ,USD,1.00,USD,-
EYE,NATIONAL VISION HOLDINGS,Consumer Discretionary,Equity,"485,748.76",0.00,"485,748.76","21,092.00",23.03,United States,NASDAQ,USD,1.00,USD,-
STC,STEWART INFO SERVICES CORP,Financials,Equity,"483,095.68",0.00,"483,095.68","7,096.00",68.08,United States,NYSE,USD,1.00,USD,-
ATRC,ATRICURE,Health Care,Equity,"483,331.24",0.00,"483,331.24","12,286.00",39.34,United States,NASDAQ,USD,1.00,USD,-
HTO,H2O AMERICA,Utilities,Equity,"483,477.82",0.00,"483,477.82","7,822.00",61.81,United States,NASDAQ,USD,1.00,USD,-
GNL,GLOBAL NET LEASE INC,Real Estate,Equity,"483,771.64",0.00,"483,771.64","56,122.00",8.62,United States,NYSE,USD,1.00,USD,-
QUBT,QUANTUM COMPUTING,Information Technology,Equity,"484,164.24",0.00,"484,164.24","54,523.00",8.88,United States,NASDAQ,USD,1.00,USD,-
TNK,TEEKAY TANKERS LTD CLASS A,Energy,Equity,"484,548.62",0.00,"484,548.62","6,511.00",74.42,Bermuda,NYSE,USD,1.00,USD,-
LBTYK,LIBERTY GLOBAL LTD CLASS C,Communication,Equity,"482,035.05",0.00,"482,035.05","46,845.00",10.29,United States,NASDAQ,USD,1.00,USD,-
PSN,PARSONS CORP,Industrials,Equity,"482,195.76",0.00,"482,195.76","10,092.00",47.78,United States,NYSE,USD,1.00,USD,-
SGHC,SUPER GROUP LTD,Consumer Discretionary,Equity,"479,576.91",0.00,"479,576.91","36,581.00",13.11,United States,NYSE,USD,1.00,USD,-
KMPR,KEMPER,Financials,Equity,"479,998.73",0.00,"479,998.73","16,399.00",29.27,United States,NYSE,USD,1.00,USD,-
COLM,COLUMBIA SPORTSWEAR,Consumer Discretionary,Equity,"476,647.60",0.00,"476,647.60","8,333.00",57.20,United States,NASDAQ,USD,1.00,USD,-
LBTYA,LIBERTY GLOBAL LTD CLASS A,Communication,Equity,"477,721.72",0.00,"477,721.72","45,196.00",10.57,United States,NASDAQ,USD,1.00,USD,-
DDS,DILLARDS INC CLASS A,Consumer Discretionary,Equity,"477,826.25",0.00,"477,826.25",775.00,616.55,United States,NYSE,USD,1.00,USD,-
STBA,S AND T BANCORP INC,Financials,Equity,"475,451.40",0.00,"475,451.40","9,039.00",52.60,United States,NASDAQ,USD,1.00,USD,-
LFST,LIFESTANCE HEALTH GROUP,Health Care,Equity,"475,817.08",0.00,"475,817.08","45,884.00",10.37,United States,NASDAQ,USD,1.00,USD,-
FUN,SIX FLAGS ENTERTAINMENT CORP,Consumer Discretionary,Equity,"472,537.50",0.00,"472,537.50","25,202.00",18.75,United States,NYSE,USD,1.00,USD,-
ZG,ZILLOW GROUP CLASS A,Real Estate,Equity,"472,745.35",0.00,"472,745.35","12,815.00",36.89,United States,NASDAQ,USD,1.00,USD,-
HCSG,HEALTHCARE SERVICES GROUP,Industrials,Equity,"471,303.40",0.00,"471,303.40","20,635.00",22.84,United States,NASDAQ,USD,1.00,USD,-
INSP,INSPIRE MEDICAL SYSTEMS,Health Care,Equity,"472,127.13",0.00,"472,127.13","7,857.00",60.09,United States,NYSE,USD,1.00,USD,-
CNOB,CONNECTONE BANCORP,Financials,Equity,"472,224.60",0.00,"472,224.60","14,130.00",33.42,United States,NASDAQ,USD,1.00,USD,-
BFC,BANK FIRST CORP,Financials,Equity,"468,617.38",0.00,"468,617.38","2,998.00",156.31,United States,NASDAQ,USD,1.00,USD,-
WABC,WESTAMERICA BANCORPORATION,Financials,Equity,"470,000.09",0.00,"470,000.09","7,819.00",60.11,United States,NASDAQ,USD,1.00,USD,-
HUN,HUNTSMAN CORP,Materials,Equity,"466,460.28",0.00,"466,460.28","46,002.00",10.14,United States,NYSE,USD,1.00,USD,-
BLX,BLADEX INC CLASS E,Financials,Equity,"466,810.24",0.00,"466,810.24","7,904.00",59.06,Panama,NYSE,USD,1.00,USD,-
WOR,WORTHINGTON ENTERPRISES,Industrials,Equity,"467,704.80",0.00,"467,704.80","7,965.00",58.72,United States,NYSE,USD,1.00,USD,-
NESR,NATIONAL ENERGY SERVICES REUNITED,Energy,Equity,"464,446.85",0.00,"464,446.85","16,499.00",28.15,United States,NASDAQ,USD,1.00,USD,-
IIPR,INNOVATIVE INDUSTRIAL PROPERTIES I,Real Estate,Equity,"464,836.50",0.00,"464,836.50","7,950.00",58.47,United States,NYSE,USD,1.00,USD,-
BL,BLACKLINE INC,Information Technology,Equity,"462,412.72",0.00,"462,412.72","15,176.00",30.47,United States,NASDAQ,USD,1.00,USD,-
TFIN,TRIUMPH FINANCIAL,Financials,Equity,"462,567.42",0.00,"462,567.42","5,922.00",78.11,United States,NYSE,USD,1.00,USD,-
TRVI,TREVI THERAPEUTICS,Health Care,Equity,"458,267.80",0.00,"458,267.80","24,572.00",18.65,United States,NASDAQ,USD,1.00,USD,-
SAM,BOSTON BEER CLASS A,Consumer Staples,Equity,"456,616.09",0.00,"456,616.09","2,471.00",184.79,United States,NYSE,USD,1.00,USD,-
BRBR,BELLRING BRANDS,Consumer Staples,Equity,"456,935.96",0.00,"456,935.96","36,236.00",12.61,United States,NYSE,USD,1.00,USD,-
CMPR,CIMPRESS PLC,Industrials,Equity,"457,626.24",0.00,"457,626.24","4,544.00",100.71,United States,NASDAQ,USD,1.00,USD,-
DOLE,DOLE PLC,Consumer Staples,Equity,"458,003.97",0.00,"458,003.97","33,261.00",13.77,United States,NYSE,USD,1.00,USD,-
VERA,VERA THERAPEUTICS CLASS A,Health Care,Equity,"454,551.95",0.00,"454,551.95","14,977.00",30.35,United States,NASDAQ,USD,1.00,USD,-
FTRE,FORTREA HOLDINGS INC,Health Care,Equity,"454,590.15",0.00,"454,590.15","23,863.00",19.05,United States,NASDAQ,USD,1.00,USD,-
ROCK,GIBRALTAR INDUSTRIES,Industrials,Equity,"455,338.00",0.00,"455,338.00","8,300.00",54.86,United States,NASDAQ,USD,1.00,USD,-
ASTH,ASTRANA HEALTH,Health Care,Equity,"453,392.82",0.00,"453,392.82","12,654.00",35.83,United States,NASDAQ,USD,1.00,USD,-
ARR,ARMOUR RESIDENTIAL REIT,Financials,Equity,"453,500.10",0.00,"453,500.10","27,270.00",16.63,United States,NYSE,USD,1.00,USD,-
TSHA,TAYSHA GENE THERAPIES,Health Care,Equity,"453,640.58",0.00,"453,640.58","70,223.00",6.46,United States,NASDAQ,USD,1.00,USD,-
EFC,ELLINGTON FINANCIAL,Financials,Equity,"453,827.48",0.00,"453,827.48","34,277.00",13.24,United States,NYSE,USD,1.00,USD,-
OCFC,OCEANFIRST FINANCIAL CORP,Financials,Equity,"454,128.85",0.00,"454,128.85","22,855.00",19.87,United States,NASDAQ,USD,1.00,USD,-
CLOV,CLOVER HEALTH INVESTMENTS CLASS A,Health Care,Equity,"450,150.48",0.00,"450,150.48","108,732.00",4.14,United States,NASDAQ,USD,1.00,USD,-
HRMY,HARMONY BIOSCIENCES HLDG,Health Care,Equity,"450,161.28",0.00,"450,161.28","11,772.00",38.24,United States,NASDAQ,USD,1.00,USD,-
VOYG,VOYAGER TECHNOLOGIES CLASS A,Industrials,Equity,"450,621.75",0.00,"450,621.75","12,975.00",34.73,United States,NYSE,USD,1.00,USD,-
EPC,EDGEWELL PERSONAL CARE,Consumer Staples,Equity,"451,081.60",0.00,"451,081.60","15,448.00",29.20,United States,NYSE,USD,1.00,USD,-
MCRI,MONARCH CASINO AND RESORT,Consumer Discretionary,Equity,"451,760.71",0.00,"451,760.71","3,713.00",121.67,United States,NASDAQ,USD,1.00,USD,-
PRCH,PORCH GROUP INC,Financials,Equity,"451,902.24",0.00,"451,902.24","28,674.00",15.76,United States,NASDAQ,USD,1.00,USD,-
DV,DOUBLEVERIFY HOLDINGS,Communication,Equity,"452,106.93",0.00,"452,106.93","37,707.00",11.99,United States,NYSE,USD,1.00,USD,-
WWW,WOLVERINE WORLD WIDE,Consumer Discretionary,Equity,"449,514.00",0.00,"449,514.00","23,052.00",19.50,United States,NYSE,USD,1.00,USD,-
NNI,NELNET CLASS A,Financials,Equity,"449,902.08",0.00,"449,902.08","3,312.00",135.84,United States,NYSE,USD,1.00,USD,-
AMR,ALPHA METALLURGICAL RESOURCE,Materials,Equity,"450,049.60",0.00,"450,049.60","3,080.00",146.12,United States,NYSE,USD,1.00,USD,-
BFLY,BUTTERFLY NETWORK CLASS A,Health Care,Equity,"446,285.26",0.00,"446,285.26","53,003.00",8.42,United States,NYSE,USD,1.00,USD,-
SBH,SALLY BEAUTY HOLDINGS INC,Consumer Discretionary,Equity,"447,235.96",0.00,"447,235.96","28,324.00",15.79,United States,NYSE,USD,1.00,USD,-
NUVB,NUVATION BIO CLASS A,Health Care,Equity,"445,059.16",0.00,"445,059.16","69,868.00",6.37,United States,NYSE,USD,1.00,USD,-
HCI,HCI GROUP INC,Financials,Equity,"445,282.65",0.00,"445,282.65","2,495.00",178.47,United States,NYSE,USD,1.00,USD,-
ENR,ENERGIZER HOLDINGS INC,Consumer Staples,Equity,"443,773.41",0.00,"443,773.41","19,697.00",22.53,United States,NYSE,USD,1.00,USD,-
NVCR,NOVOCURE,Health Care,Equity,"440,668.80",0.00,"440,668.80","27,456.00",16.05,United States,NASDAQ,USD,1.00,USD,-
OMCL,OMNICELL INC,Health Care,Equity,"439,423.74",0.00,"439,423.74","11,822.00",37.17,United States,NASDAQ,USD,1.00,USD,-
HLMN,HILLMAN SOLUTIONS CORP,Industrials,Equity,"436,548.56",0.00,"436,548.56","47,348.00",9.22,United States,NASDAQ,USD,1.00,USD,-
DMRA,DAMORA THERAPEUTICS INC,Health Care,Equity,"437,539.36",0.00,"437,539.36","14,192.00",30.83,United States,NASDAQ,USD,1.00,USD,-
LIND,LINDBLAD EXPEDITIONS HOLDINGS,Consumer Discretionary,Equity,"434,766.06",0.00,"434,766.06","12,746.00",34.11,United States,NASDAQ,USD,1.00,USD,-
STOK,STOKE THERAPEUTICS,Health Care,Equity,"435,078.18",0.00,"435,078.18","13,626.00",31.93,United States,NASDAQ,USD,1.00,USD,-
ANIP,ANI PHARMACEUTICALS,Health Care,Equity,"435,665.52",0.00,"435,665.52","5,454.00",79.88,United States,NASDAQ,USD,1.00,USD,-
DJT,TRUMP MEDIA TECHNOLOGY GROUP CORP,Communication,Equity,"435,720.12",0.00,"435,720.12","43,747.00",9.96,United States,NASDAQ,USD,1.00,USD,-
GSHD,GOOSEHEAD INSURANCE CLASS A,Financials,Equity,"432,898.70",0.00,"432,898.70","6,466.00",66.95,United States,NASDAQ,USD,1.00,USD,-
SMMT,SUMMIT THERAPEUTICS,Health Care,Equity,"430,172.82",0.00,"430,172.82","31,794.00",13.53,United States,NASDAQ,USD,1.00,USD,-
ENOV,ENOVIS CORP,Health Care,Equity,"430,517.70",0.00,"430,517.70","14,265.00",30.18,United States,NYSE,USD,1.00,USD,-
MQ,MARQETA CLASS A,Financials,Equity,"431,577.30",0.00,"431,577.30","25,905.00",16.66,United States,NASDAQ,USD,1.00,USD,-
AMBQ,AMBIQ MICRO,Information Technology,Equity,"428,846.06",0.00,"428,846.06","6,806.00",63.01,United States,NYSE,USD,1.00,USD,-
TCBK,TRICO BANCSHARES,Financials,Equity,"429,363.18",0.00,"429,363.18","7,431.00",57.78,United States,NASDAQ,USD,1.00,USD,-
VYX,NCR VOYIX,Information Technology,Equity,"429,675.68",0.00,"429,675.68","45,134.00",9.52,United States,NYSE,USD,1.00,USD,-
SFL,SFL,Energy,Equity,"425,871.86",0.00,"425,871.86","35,878.00",11.87,United States,NYSE,USD,1.00,USD,-
GLOB,GLOBANT,Information Technology,Equity,"426,440.18",0.00,"426,440.18","11,111.00",38.38,United States,NYSE,USD,1.00,USD,-
PLPC,PREFORMED LINE PRODUCTS,Industrials,Equity,"423,689.71",0.00,"423,689.71",899.00,471.29,United States,NASDAQ,USD,1.00,USD,-
GBX,GREENBRIER INC,Industrials,Equity,"424,324.56",0.00,"424,324.56","8,536.00",49.71,United States,NYSE,USD,1.00,USD,-
XPRO,EXPRO LTD,Energy,Equity,"424,874.88",0.00,"424,874.88","26,034.00",16.32,United States,NYSE,USD,1.00,USD,-
PGEN,PRECIGEN,Health Care,Equity,"425,326.59",0.00,"425,326.59","61,731.00",6.89,United States,NASDAQ,USD,1.00,USD,-
HOPE,HOPE BANCORP INC,Financials,Equity,"419,780.59",0.00,"419,780.59","29,417.00",14.27,United States,NASDAQ,USD,1.00,USD,-
ICFI,ICF INTERNATIONAL,Industrials,Equity,"419,809.50",0.00,"419,809.50","4,950.00",84.81,United States,NASDAQ,USD,1.00,USD,-
RCAT,RED CAT HOLDINGS INC,Industrials,Equity,"419,854.12",0.00,"419,854.12","48,482.00",8.66,United States,NASDAQ,USD,1.00,USD,-
ETON,ETON PHARMACEUTCIALS INC,Health Care,Equity,"420,165.80",0.00,"420,165.80","9,140.00",45.97,United States,NASDAQ,USD,1.00,USD,-
NSSC,NAPCO SECURITY TECHNOLOGIES,Information Technology,Equity,"420,221.78",0.00,"420,221.78","10,417.00",40.34,United States,NASDAQ,USD,1.00,USD,-
ADIG,ADI GLOBAL DISTRIBUTION,Consumer Discretionary,Equity,"417,640.62",0.00,"417,640.62","16,719.00",24.98,United States,NYSE,USD,1.00,USD,-
GIII,G III APPAREL GROUP LTD,Consumer Discretionary,Equity,"418,237.96",0.00,"418,237.96","11,468.00",36.47,United States,NASDAQ,USD,1.00,USD,-
BJRI,BJS RESTAURANTS INC,Consumer Discretionary,Equity,"417,073.95",0.00,"417,073.95","6,147.00",67.85,United States,NASDAQ,USD,1.00,USD,-
SPNT,SIRIUSPOINT LTD,Financials,Equity,"417,472.02",0.00,"417,472.02","17,682.00",23.61,United States,NYSE,USD,1.00,USD,-
SLDE,SLIDE INSURANCE HOLDINGS,Financials,Equity,"413,617.82",0.00,"413,617.82","19,943.00",20.74,United States,NASDAQ,USD,1.00,USD,-
REX,REX AMERICAN RESOURCES,Energy,Equity,"413,663.58",0.00,"413,663.58","9,378.00",44.11,United States,NYSE,USD,1.00,USD,-
ACT,ENACT HOLDINGS INC,Financials,Equity,"414,064.31",0.00,"414,064.31","8,657.00",47.83,United States,NASDAQ,USD,1.00,USD,-
BFA,BROWN FORMAN CLASS A,Consumer Staples,Equity,"414,369.67",0.00,"414,369.67","14,443.00",28.69,United States,NYSE,USD,1.00,USD,-
LPG,DORIAN LPG,Energy,Equity,"415,045.05",0.00,"415,045.05","9,641.00",43.05,United States,NYSE,USD,1.00,USD,-
UVE,UNIVERSAL INSURANCE HOLDINGS INC,Financials,Equity,"415,529.79",0.00,"415,529.79","9,399.00",44.21,United States,NYSE,USD,1.00,USD,-
TRS,TRIMAS,Materials,Equity,"411,554.60",0.00,"411,554.60","10,060.00",40.91,United States,NASDAQ,USD,1.00,USD,-
USLM,UNITED STATES LIME AND MINERALS IN,Materials,Equity,"412,217.19",0.00,"412,217.19","3,499.00",117.81,United States,NASDAQ,USD,1.00,USD,-
GRC,GORMAN-RUPP,Industrials,Equity,"412,294.36",0.00,"412,294.36","4,838.00",85.22,United States,NYSE,USD,1.00,USD,-
LUNR,INTUITIVE MACHINES INC CLASS A,Industrials,Equity,"412,411.21",0.00,"412,411.21","29,479.00",13.99,United States,NASDAQ,USD,1.00,USD,-
VRDN,VIRIDIAN THERAPEUTICS ORS INC,Health Care,Equity,"409,558.66",0.00,"409,558.66","19,438.00",21.07,United States,NASDAQ,USD,1.00,USD,-
PEBO,PEOPLES BANCORP INC,Financials,Equity,"409,676.80",0.00,"409,676.80","9,848.00",41.60,United States,NASDAQ,USD,1.00,USD,-
ALG,ALAMO GROUP,Industrials,Equity,"410,725.44",0.00,"410,725.44","2,448.00",167.78,United States,NYSE,USD,1.00,USD,-
TNC,TENNANT,Industrials,Equity,"411,471.00",0.00,"411,471.00","4,716.00",87.25,United States,NYSE,USD,1.00,USD,-
ANAB,ANAPTYSBIO,Health Care,Equity,"407,475.90",0.00,"407,475.90","7,410.00",54.99,United States,NASDAQ,USD,1.00,USD,-
GTY,GETTY REALTY REIT,Real Estate,Equity,"406,597.60",0.00,"406,597.60","12,130.00",33.52,United States,NYSE,USD,1.00,USD,-
SRPT,SAREPTA THERAPEUTICS,Health Care,Equity,"404,319.33",0.00,"404,319.33","25,381.00",15.93,United States,NASDAQ,USD,1.00,USD,-
CRI,CARTERS,Consumer Discretionary,Equity,"402,496.25",0.00,"402,496.25","10,075.00",39.95,United States,NYSE,USD,1.00,USD,-
BTDR,BITDEER TECHNOLOGIES GROUP CLASS A,Information Technology,Equity,"399,542.50",0.00,"399,542.50","36,125.00",11.06,Singapore,NASDAQ,USD,1.00,USD,-
SCSC,SCANSOURCE,Information Technology,Equity,"400,385.23",0.00,"400,385.23","6,979.00",57.37,United States,NASDAQ,USD,1.00,USD,-
SCL,STEPAN,Materials,Equity,"400,532.58",0.00,"400,532.58","6,233.00",64.26,United States,NYSE,USD,1.00,USD,-
NBHC,NATIONAL BANK HOLDINGS CORP CLASS,Financials,Equity,"401,223.96",0.00,"401,223.96","9,279.00",43.24,United States,NYSE,USD,1.00,USD,-
SAFT,SAFETY INSURANCE GROUP INC,Financials,Equity,"397,957.50",0.00,"397,957.50","3,845.00",103.50,United States,NASDAQ,USD,1.00,USD,-
AMSC,AMERICAN SUPERCONDUCTOR CORP,Industrials,Equity,"398,508.12",0.00,"398,508.12","12,098.00",32.94,United States,NASDAQ,USD,1.00,USD,-
SNDX,SYNDAX PHARMACEUTICALS,Health Care,Equity,"399,097.20",0.00,"399,097.20","20,035.00",19.92,United States,NASDAQ,USD,1.00,USD,-
DCOM,DIME COMMERCIAL BANCSHARES,Financials,Equity,"396,237.73",0.00,"396,237.73","9,541.00",41.53,United States,NYSE,USD,1.00,USD,-
BAND,BANDWIDTH CLASS A,Communication,Equity,"396,461.27",0.00,"396,461.27","8,681.00",45.67,United States,NASDAQ,USD,1.00,USD,-
FBRX,FORTE BIOSCIENCES INC,Health Care,Equity,"396,609.97",0.00,"396,609.97","5,177.00",76.61,United States,NASDAQ,USD,1.00,USD,-
FA,FIRST ADVANTAGE,Industrials,Equity,"397,178.08",0.00,"397,178.08","19,318.00",20.56,United States,NASDAQ,USD,1.00,USD,-
NTLA,INTELLIA THERAPEUTICS,Health Care,Equity,"394,338.59",0.00,"394,338.59","35,947.00",10.97,United States,NASDAQ,USD,1.00,USD,-
CNMD,CONMED CORP,Health Care,Equity,"394,597.20",0.00,"394,597.20","8,004.00",49.30,United States,NYSE,USD,1.00,USD,-
TRIP,TRIPADVISOR,Communication,Equity,"394,601.94",0.00,"394,601.94","28,206.00",13.99,United States,NASDAQ,USD,1.00,USD,-
HLIT,HARMONIC,Information Technology,Equity,"392,440.84",0.00,"392,440.84","32,758.00",11.98,United States,NASDAQ,USD,1.00,USD,-
OBK,ORIGIN BANCORP INC,Financials,Equity,"392,928.60",0.00,"392,928.60","7,165.00",54.84,United States,NYSE,USD,1.00,USD,-
AMPX,AMPRIUS TECHNOLOGIES INC,Industrials,Equity,"389,760.32",0.00,"389,760.32","33,256.00",11.72,United States,NYSE,USD,1.00,USD,-
LTC,LTC PROPERTIES REIT,Real Estate,Equity,"390,026.56",0.00,"390,026.56","10,073.00",38.72,United States,NYSE,USD,1.00,USD,-
REYN,REYNOLDS CONSUMER PRODUCTS INC,Consumer Staples,Equity,"391,043.88",0.00,"391,043.88","14,613.00",26.76,United States,NASDAQ,USD,1.00,USD,-
WEN,WENDYS,Consumer Discretionary,Equity,"391,070.55",0.00,"391,070.55","48,945.00",7.99,United States,NASDAQ,USD,1.00,USD,-
OCUL,OCULAR THERAPEUTIX,Health Care,Equity,"387,192.00",0.00,"387,192.00","45,552.00",8.50,United States,NASDAQ,USD,1.00,USD,-
EFOR,EVERFORTH INC,Information Technology,Equity,"387,431.80",0.00,"387,431.80","12,245.00",31.64,United States,NYSE,USD,1.00,USD,-
INVA,INNOVIVA,Health Care,Equity,"387,639.00",0.00,"387,639.00","18,900.00",20.51,United States,NASDAQ,USD,1.00,USD,-
ODC,OIL DRI CORPORATION OF AMERICA,Consumer Staples,Equity,"388,546.56",0.00,"388,546.56","3,968.00",97.92,United States,NYSE,USD,1.00,USD,-
JAN,JANUS LIVING INC CLASS A,Real Estate,Equity,"385,241.15",0.00,"385,241.15","12,635.00",30.49,United States,NYSE,USD,1.00,USD,-
LMAT,LEMAITRE VASCULAR,Health Care,Equity,"383,940.00",0.00,"383,940.00","4,860.00",79.00,United States,NASDAQ,USD,1.00,USD,-
WVE,WAVE LIFE SCIENCES,Health Care,Equity,"379,010.02",0.00,"379,010.02","63,914.00",5.93,United States,NASDAQ,USD,1.00,USD,-
LEG,LEGGETT & PLATT,Consumer Discretionary,Equity,"379,639.50",0.00,"379,639.50","37,038.00",10.25,United States,NYSE,USD,1.00,USD,-
IMKTA,INGLES MARKETS CLASS A,Consumer Staples,Equity,"379,687.70",0.00,"379,687.70","4,322.00",87.85,United States,NASDAQ,USD,1.00,USD,-
PDFS,PDF SOLUTIONS,Information Technology,Equity,"380,545.24",0.00,"380,545.24","7,694.00",49.46,United States,NASDAQ,USD,1.00,USD,-
XERS,XERIS BIOPHARMA HOLDINGS,Health Care,Equity,"380,553.64",0.00,"380,553.64","46,924.00",8.11,United States,NASDAQ,USD,1.00,USD,-
SHLS,SHOALS TECHNOLOGIES GROUP CLASS A,Industrials,Equity,"380,869.72",0.00,"380,869.72","43,879.00",8.68,United States,NASDAQ,USD,1.00,USD,-
RYZ,RYERSON HOLDING,Materials,Equity,"377,534.76",0.00,"377,534.76","13,659.00",27.64,United States,NYSE,USD,1.00,USD,-
LOB,LIVE OAK BANCSHARES,Financials,Equity,"377,867.60",0.00,"377,867.60","8,635.00",43.76,United States,NYSE,USD,1.00,USD,-
HG,HAMILTON INSURANCE GROUP CLASS B,Financials,Equity,"378,861.54",0.00,"378,861.54","10,757.00",35.22,United States,NYSE,USD,1.00,USD,-
VIR,VIR BIOTECHNOLOGY,Health Care,Equity,"376,233.89",0.00,"376,233.89","41,299.00",9.11,United States,NASDAQ,USD,1.00,USD,-
LGIH,LGI HOMES,Consumer Discretionary,Equity,"374,044.32",0.00,"374,044.32","6,084.00",61.48,United States,NASDAQ,USD,1.00,USD,-
FMBH,FIRST MID BANCSHARES INC,Financials,Equity,"370,896.48",0.00,"370,896.48","7,089.00",52.32,United States,NASDAQ,USD,1.00,USD,-
DCH,DAUCH CORPORATION,Consumer Discretionary,Equity,"371,232.00",0.00,"371,232.00","61,872.00",6.00,United States,NYSE,USD,1.00,USD,-
LKFN,LAKELAND FINANCIAL CORP,Financials,Equity,"372,030.64",0.00,"372,030.64","5,909.00",62.96,United States,NASDAQ,USD,1.00,USD,-
FLO,FLOWERS FOODS INC,Consumer Staples,Equity,"372,677.70",0.00,"372,677.70","50,430.00",7.39,United States,NYSE,USD,1.00,USD,-
DEC,DIVERSIFIED ENERGY COMPANY,Energy,Equity,"369,177.27",0.00,"369,177.27","28,203.00",13.09,United States,NYSE,USD,1.00,USD,-
TIC,TIC SOLUTIONS INC,Industrials,Equity,"369,825.98",0.00,"369,825.98","45,211.00",8.18,United States,NYSE,USD,1.00,USD,-
SRCE,1ST SOURCE CORP,Financials,Equity,"370,308.85",0.00,"370,308.85","4,115.00",89.99,United States,NASDAQ,USD,1.00,USD,-
SLVM,SYLVAMO CORP,Materials,Equity,"370,607.37",0.00,"370,607.37","9,569.00",38.73,United States,NYSE,USD,1.00,USD,-
UNIT,UNITI GROUP INC,Communication,Equity,"366,969.99",0.00,"366,969.99","37,871.00",9.69,United States,NASDAQ,USD,1.00,USD,-
CFFN,CAPITOL FEDERAL FINANCIAL INC,Financials,Equity,"367,626.87",0.00,"367,626.87","40,443.00",9.09,United States,NASDAQ,USD,1.00,USD,"Jan 01, 1970"
PAX,PATRIA INVESTMENTS LTD CLASS A,Financials,Equity,"367,767.54",0.00,"367,767.54","32,431.00",11.34,Brazil,NASDAQ,USD,1.00,USD,-
DLO,DLOCAL CLASS A,Financials,Equity,"368,159.20",0.00,"368,159.20","24,221.00",15.20,United States,NASDAQ,USD,1.00,USD,-
SENEA,SENECA FOODS CLASS A,Consumer Staples,Equity,"365,042.12",0.00,"365,042.12","2,138.00",170.74,United States,NASDAQ,USD,1.00,USD,-
TTI,TETRA TECHNOLOGIES,Energy,Equity,"366,383.55",0.00,"366,383.55","43,359.00",8.45,United States,NYSE,USD,1.00,USD,-
LNN,LINDSAY,Industrials,Equity,"362,716.38",0.00,"362,716.38","3,159.00",114.82,United States,NYSE,USD,1.00,USD,-
FMC,FMC CORP,Materials,Equity,"363,091.96",0.00,"363,091.96","33,682.00",10.78,United States,NYSE,USD,1.00,USD,-
HLF,HERBALIFE LTD,Consumer Staples,Equity,"364,455.00",0.00,"364,455.00","28,925.00",12.60,United States,NYSE,USD,1.00,USD,-
NPKI,NPK INTERNATIONAL,Industrials,Equity,"364,731.64",0.00,"364,731.64","26,858.00",13.58,United States,NYSE,USD,1.00,USD,-
WMK,WEIS MARKETS,Consumer Staples,Equity,"360,682.46",0.00,"360,682.46","4,831.00",74.66,United States,NYSE,USD,1.00,USD,-
LILAK,LIBERTY LATIN AMERICA CLASS C,Communication,Equity,"360,953.74",0.00,"360,953.74","43,699.00",8.26,United States,NASDAQ,USD,1.00,USD,-
GLUE,MONTE ROSA THERAPEUTICS,Health Care,Equity,"359,076.83",0.00,"359,076.83","23,003.00",15.61,United States,NASDAQ,USD,1.00,USD,-
FMNB,FARMERS NATIONAL BANC CORP,Financials,Equity,"359,225.23",0.00,"359,225.23","22,607.00",15.89,United States,NASDAQ,USD,1.00,USD,-
THRM,GENTHERM,Consumer Discretionary,Equity,"359,487.09",0.00,"359,487.09","8,627.00",41.67,United States,NASDAQ,USD,1.00,USD,-
SFD,SMITHFIELD FOODS INC,Consumer Staples,Equity,"359,653.65",0.00,"359,653.65","14,255.00",25.23,United States,NASDAQ,USD,1.00,USD,-
PLSE,PULSE BIOSCIENCES INC,Health Care,Equity,"360,163.70",0.00,"360,163.70","9,503.00",37.90,United States,NASDAQ,USD,1.00,USD,-
AGL,AGILON HEALTH,Health Care,Equity,"358,277.70",0.00,"358,277.70","3,322.00",107.85,United States,NYSE,USD,1.00,USD,-
BBAI,BIGBEAR.AI HOLDINGS,Information Technology,Equity,"355,428.09",0.00,"355,428.09","117,303.00",3.03,United States,NYSE,USD,1.00,USD,-
HYMC,HYCROFT MINING HOLDING CORP CLASS,Materials,Equity,"355,498.56",0.00,"355,498.56","14,522.00",24.48,United States,NASDAQ,USD,1.00,USD,-
JJSF,J AND J SNACK FOODS CORP,Consumer Staples,Equity,"356,249.28",0.00,"356,249.28","4,208.00",84.66,United States,NASDAQ,USD,1.00,USD,-
UVV,UNIVERSAL,Consumer Staples,Equity,"353,190.81",0.00,"353,190.81","6,783.00",52.07,United States,NYSE,USD,1.00,USD,-
IDT,IDT CLASS B,Communication,Equity,"354,250.95",0.00,"354,250.95","5,365.00",66.03,United States,NYSE,USD,1.00,USD,-
FLNC,FLUENCE ENERGY INC CLASS A,Industrials,Equity,"354,455.07",0.00,"354,455.07","24,909.00",14.23,United States,NASDAQ,USD,1.00,USD,-
TMP,TOMPKINS FINANCIAL CORP,Financials,Equity,"352,195.20",0.00,"352,195.20","3,494.00",100.80,United States,Nyse Mkt Llc,USD,1.00,USD,-
CNXC,CONCENTRIX,Industrials,Equity,"352,226.96",0.00,"352,226.96","13,516.00",26.06,United States,NASDAQ,USD,1.00,USD,-
ORC,ORCHID ISLAND CAPITAL INC,Financials,Equity,"352,361.70",0.00,"352,361.70","54,885.00",6.42,United States,NYSE,USD,1.00,USD,-
ARLO,ARLO TECHNOLOGIES,Information Technology,Equity,"352,530.90",0.00,"352,530.90","22,130.00",15.93,United States,NYSE,USD,1.00,USD,-
ALKT,ALKAMI TECHNOLOGY,Information Technology,Equity,"349,358.13",0.00,"349,358.13","18,573.00",18.81,United States,NASDAQ,USD,1.00,USD,-
MYE,MYERS INDUSTRIES INC,Materials,Equity,"350,353.85",0.00,"350,353.85","9,911.00",35.35,United States,NYSE,USD,1.00,USD,-
NN,NEXTNAV,Information Technology,Equity,"346,489.90",0.00,"346,489.90","23,372.00",14.82,United States,NASDAQ,USD,1.00,USD,-
UAA,UNDER ARMOUR INC CLASS A,Consumer Discretionary,Equity,"346,639.28",0.00,"346,639.28","51,278.00",6.76,United States,NYSE,USD,1.00,USD,-
CBRL,CRACKER BARREL OLD COUNTRY STORE I,Consumer Discretionary,Equity,"346,977.50",0.00,"346,977.50","5,906.00",58.75,United States,NASDAQ,USD,1.00,USD,-
SMBK,SMARTFINANCIAL INC,Financials,Equity,"347,402.44",0.00,"347,402.44","6,556.00",52.99,United States,NYSE,USD,1.00,USD,-
TRAX,FIRST TRACKS BIOTHERAPEUTICS INC,Health Care,Equity,"347,899.50",0.00,"347,899.50","7,410.00",46.95,United States,NASDAQ,USD,1.00,USD,-
IART,INTEGRA LIFESCIENCES HOLDINGS,Health Care,Equity,"348,207.60",0.00,"348,207.60","19,695.00",17.68,United States,NASDAQ,USD,1.00,USD,-
REAL,THE REALREAL,Consumer Discretionary,Equity,"344,876.95",0.00,"344,876.95","27,263.00",12.65,United States,NASDAQ,USD,1.00,USD,-
UA,UNDER ARMOUR INC CLASS C,Consumer Discretionary,Equity,"344,942.85",0.00,"344,942.85","52,185.00",6.61,United States,NYSE,USD,1.00,USD,-
VSTS,VESTIS,Industrials,Equity,"346,062.99",0.00,"346,062.99","24,843.00",13.93,United States,NYSE,USD,1.00,USD,-
FRMI,FERMI INC,Real Estate,Equity,"346,448.11",0.00,"346,448.11","55,969.00",6.19,United States,NASDAQ,USD,1.00,USD,-
TPB,TURNING POINT BRANDS INC,Consumer Staples,Equity,"344,131.81",0.00,"344,131.81","4,111.00",83.71,United States,NYSE,USD,1.00,USD,-
GPRE,GREEN PLAINS INC,Energy,Equity,"342,035.58",0.00,"342,035.58","20,742.00",16.49,United States,NASDAQ,USD,1.00,USD,-
BZH,BEAZER HOMES,Consumer Discretionary,Equity,"342,062.80",0.00,"342,062.80","10,040.00",34.07,United States,NYSE,USD,1.00,USD,-
MNKD,MANNKIND,Health Care,Equity,"342,309.00",0.00,"342,309.00","83,490.00",4.10,United States,NASDAQ,USD,1.00,USD,-
BW,BABCOCK AND WILCOX ENTERPRISES INC,Industrials,Equity,"339,540.32",0.00,"339,540.32","35,666.00",9.52,United States,NYSE,USD,1.00,USD,-
INFQ,INFLEQTION INC,Information Technology,Equity,"339,594.15",0.00,"339,594.15","31,299.00",10.85,United States,NYSE,USD,1.00,USD,-
HLX,HELIX ENERGY SOLUTIONS GROUP INC,Energy,Equity,"339,919.04",0.00,"339,919.04","36,472.00",9.32,United States,NYSE,USD,1.00,USD,-
PNTG,PENNANT GROUP,Health Care,Equity,"340,092.03",0.00,"340,092.03","8,763.00",38.81,United States,NASDAQ,USD,1.00,USD,-
AZTA,AZENTA,Health Care,Equity,"340,283.08",0.00,"340,283.08","10,694.00",31.82,United States,NASDAQ,USD,1.00,USD,-
XPEL,XPEL,Consumer Discretionary,Equity,"340,312.43",0.00,"340,312.43","6,767.00",50.29,United States,NASDAQ,USD,1.00,USD,-
PDM,PIEDMONT REALTY TRUST CLASS A,Real Estate,Equity,"334,496.82",0.00,"334,496.82","34,627.00",9.66,United States,NYSE,USD,1.00,USD,-
ZYME,ZYMEWORKS,Health Care,Equity,"336,073.50",0.00,"336,073.50","14,301.00",23.50,United States,NASDAQ,USD,1.00,USD,-
UPBD,UPBOUND GROUP,Consumer Discretionary,Equity,"336,124.72",0.00,"336,124.72","16,706.00",20.12,United States,NASDAQ,USD,1.00,USD,-
UFCS,UNITED FIRE GROUP INC,Financials,Equity,"332,295.90",0.00,"332,295.90","6,114.00",54.35,United States,NASDAQ,USD,1.00,USD,-
OI,O I GLASS,Materials,Equity,"332,512.11",0.00,"332,512.11","44,513.00",7.47,United States,NYSE,USD,1.00,USD,-
NP,NEPTUNE INSURANCE HOLDINGS CLASS A,Financials,Equity,"332,726.21",0.00,"332,726.21","10,141.00",32.81,United States,NYSE,USD,1.00,USD,-
ALNT,ALLIENT INC,Industrials,Equity,"334,021.50",0.00,"334,021.50","3,582.00",93.25,United States,NASDAQ,USD,1.00,USD,-
COLL,COLLEGIUM PHARMACEUTICAL INC,Health Care,Equity,"330,809.44",0.00,"330,809.44","9,256.00",35.74,United States,NASDAQ,USD,1.00,USD,-
ALH,ALLIANCE LAUNDRY HOLDINGS INC,Industrials,Equity,"331,470.34",0.00,"331,470.34","11,834.00",28.01,United States,NYSE,USD,1.00,USD,-
BRSL,BRIGHTSTAR LOTTERY PLC,Consumer Discretionary,Equity,"332,163.50",0.00,"332,163.50","29,395.00",11.30,United States,NYSE,USD,1.00,USD,-
BLFS,BIOLIFE SOLUTIONS,Health Care,Equity,"328,569.80",0.00,"328,569.80","9,721.00",33.80,United States,NASDAQ,USD,1.00,USD,-
EOSE,EOS ENERGY ENTERPRISES CLASS A,Industrials,Equity,"326,285.30",0.00,"326,285.30","85,415.00",3.82,United States,NASDAQ,USD,1.00,USD,-
DFIN,DONNELLEY FINANCIAL SOLUTIONS,Financials,Equity,"326,597.70",0.00,"326,597.70","6,578.00",49.65,United States,NYSE,USD,1.00,USD,-
RAPP,RAPPORT THERAPEUTICS,Health Care,Equity,"327,000.20",0.00,"327,000.20","7,705.00",42.44,United States,NASDAQ,USD,1.00,USD,-
TE,T1 ENERGY,Information Technology,Equity,"327,073.18",0.00,"327,073.18","59,794.00",5.47,United States,NYSE,USD,1.00,USD,-
TNDM,TANDEM DIABETES CARE,Health Care,Equity,"327,446.85",0.00,"327,446.85","16,715.00",19.59,United States,NASDAQ,USD,1.00,USD,-
JBIO,JADE BIOSCIENCES INC,Health Care,Equity,"324,263.10",0.00,"324,263.10","14,943.00",21.70,United States,NASDAQ,USD,1.00,USD,-
ATEC,ALPHATEC HOLDNGS INC,Health Care,Equity,"324,662.25",0.00,"324,662.25","33,925.00",9.57,United States,NASDAQ,USD,1.00,USD,-
ATEX,ANTERIX INC,Communication,Equity,"324,871.88",0.00,"324,871.88","3,268.00",99.41,United States,NASDAQ,USD,1.00,USD,-
UVSP,UNIVEST FINANCIAL CORP,Financials,Equity,"324,882.36",0.00,"324,882.36","7,337.00",44.28,United States,NASDAQ,USD,1.00,USD,-
NAT,NORDIC AMERICAN TANKERS LTD,Energy,Equity,"322,456.39",0.00,"322,456.39","52,603.00",6.13,United States,NYSE,USD,1.00,USD,-
SEB,SEABOARD,Consumer Staples,Equity,"322,775.25",0.00,"322,775.25",75.00,"4,303.67",United States,Nyse Mkt Llc,USD,1.00,USD,-
CPF,CENTRAL PACIFIC FINANCIAL CORP,Financials,Equity,"323,709.44",0.00,"323,709.44","8,158.00",39.68,United States,NYSE,USD,1.00,USD,-
ACVA,ACV AUCTIONS CLASS A,Industrials,Equity,"324,049.92",0.00,"324,049.92","42,194.00",7.68,United States,NYSE,USD,1.00,USD,-
GBTG,GLOBAL BUSINESS TRAVEL GROUP CLASS,Consumer Discretionary,Equity,"320,063.63",0.00,"320,063.63","33,941.00",9.43,United States,NYSE,USD,1.00,USD,-
RBCAA,REPUBLIC BANCORP INC CLASS A,Financials,Equity,"320,194.04",0.00,"320,194.04","3,193.00",100.28,United States,NASDAQ,USD,1.00,USD,-
AMN,AMN HEALTHCARE,Health Care,Equity,"321,374.40",0.00,"321,374.40","9,798.00",32.80,United States,NYSE,USD,1.00,USD,-
NVAX,NOVAVAX,Health Care,Equity,"321,590.50",0.00,"321,590.50","41,765.00",7.70,United States,NASDAQ,USD,1.00,USD,-
SBET,SHARPLINK INC,Financials,Equity,"318,152.64",0.00,"318,152.64","50,024.00",6.36,United States,NASDAQ,USD,1.00,USD,-
NWPX,NWPX INFRASTRUCTURE INC,Industrials,Equity,"319,159.72",0.00,"319,159.72","2,569.00",124.24,United States,NASDAQ,USD,1.00,USD,-
SBSI,SOUTHSIDE BANCSHARES INC,Financials,Equity,"317,616.04",0.00,"317,616.04","9,716.00",32.69,United States,NYSE,USD,1.00,USD,-
BKE,BUCKLE,Consumer Discretionary,Equity,"314,624.34",0.00,"314,624.34","6,927.00",45.42,United States,NYSE,USD,1.00,USD,-
TDOC,TELADOC HEALTH INC,Health Care,Equity,"314,746.74",0.00,"314,746.74","45,418.00",6.93,United States,NYSE,USD,1.00,USD,-
APPN,APPIAN CORP CLASS A,Information Technology,Equity,"314,879.60",0.00,"314,879.60","10,510.00",29.96,United States,NASDAQ,USD,1.00,USD,-
OSBC,OLD SECOND BANCORP INC,Financials,Equity,"315,107.19",0.00,"315,107.19","12,171.00",25.89,United States,NASDAQ,USD,1.00,USD,-
COUR,COURSERA,Consumer Discretionary,Equity,"312,415.32",0.00,"312,415.32","53,772.00",5.81,United States,NYSE,USD,1.00,USD,-
UMAC,UNUSUAL MACHINES INC,Information Technology,Equity,"312,696.69",0.00,"312,696.69","12,153.00",25.73,United States,Nyse Mkt Llc,USD,1.00,USD,-
CRAI,CRA INTERNATIONAL INC,Industrials,Equity,"312,758.60",0.00,"312,758.60","1,771.00",176.60,United States,NASDAQ,USD,1.00,USD,-
CRVS,CORVUS PHARMACEUTICALS,Health Care,Equity,"313,606.09",0.00,"313,606.09","22,513.00",13.93,United States,NASDAQ,USD,1.00,USD,-
LWLG,LIGHTWAVE LOGIC,Information Technology,Equity,"310,857.93",0.00,"310,857.93","42,759.00",7.27,United States,NASDAQ,USD,1.00,USD,-
SGRY,SURGERY PARTNERS,Health Care,Equity,"311,072.60",0.00,"311,072.60","20,305.00",15.32,United States,NASDAQ,USD,1.00,USD,-
WGS,GENEDX HOLDINGS CLASS A,Health Care,Equity,"311,239.32",0.00,"311,239.32","4,452.00",69.91,United States,NASDAQ,USD,1.00,USD,-
GTM,ZOOMINFO TECHNOLOGIES,Communication,Equity,"308,896.68",0.00,"308,896.68","84,398.00",3.66,United States,NASDAQ,USD,1.00,USD,-
INVX,INNOVEX INTERNATIONAL INC,Energy,Equity,"309,148.64",0.00,"309,148.64","10,156.00",30.44,United States,NYSE,USD,1.00,USD,-
ESQ,ESQUIRE FINANCIAL HOLDINGS INC,Financials,Equity,"309,215.80",0.00,"309,215.80","2,339.00",132.20,United States,NASDAQ,USD,1.00,USD,-
CTBI,COMMUNITY TRUST BANCORP,Financials,Equity,"309,327.20",0.00,"309,327.20","3,920.00",78.91,United States,NASDAQ,USD,1.00,USD,-
MSEX,MIDDLESEX WATER,Utilities,Equity,"306,076.95",0.00,"306,076.95","5,337.00",57.35,United States,NASDAQ,USD,1.00,USD,-
STGW,STAGWELL CLASS A,Communication,Equity,"306,174.60",0.00,"306,174.60","34,596.00",8.85,United States,NASDAQ,USD,1.00,USD,-
DAKT,DAKTRONICS INC,Information Technology,Equity,"306,274.38",0.00,"306,274.38","13,966.00",21.93,United States,NASDAQ,USD,1.00,USD,-
WLDN,WILLDAN GROUP INC,Industrials,Equity,"307,491.24",0.00,"307,491.24","4,148.00",74.13,United States,NASDAQ,USD,1.00,USD,-
APPS,DIGITAL TURBINE,Information Technology,Equity,"303,884.58",0.00,"303,884.58","23,074.00",13.17,United States,NASDAQ,USD,1.00,USD,-
TRST,TRUSTCO BANK CORP,Financials,Equity,"304,829.70",0.00,"304,829.70","5,362.00",56.85,United States,NASDAQ,USD,1.00,USD,-
SNDA,SONIDA SENIOR LIVING,Health Care,Equity,"305,137.63",0.00,"305,137.63","7,661.00",39.83,United States,NYSE,USD,1.00,USD,-
PD,PAGERDUTY,Information Technology,Equity,"305,318.64",0.00,"305,318.64","27,212.00",11.22,United States,NYSE,USD,1.00,USD,-
FCEL,FUELCELL ENERGY INC,Industrials,Equity,"305,325.02",0.00,"305,325.02","14,443.00",21.14,United States,NASDAQ,USD,1.00,USD,-
APOG,APOGEE ENTERPRISES INC,Industrials,Equity,"305,746.32",0.00,"305,746.32","7,117.00",42.96,United States,NASDAQ,USD,1.00,USD,-
LIF,LIFE360,Information Technology,Equity,"305,775.20",0.00,"305,775.20","4,976.00",61.45,United States,NASDAQ,USD,1.00,USD,-
XNCR,XENCOR,Health Care,Equity,"302,242.56",0.00,"302,242.56","15,234.00",19.84,United States,NASDAQ,USD,1.00,USD,-
KFRC,KFORCE INC,Industrials,Equity,"302,941.21",0.00,"302,941.21","5,167.00",58.63,United States,NYSE,USD,1.00,USD,-
WS,WORTHINGTON STEEL INC,Materials,Equity,"303,386.85",0.00,"303,386.85","7,965.00",38.09,United States,NYSE,USD,1.00,USD,-
PCRX,PACIRA BIOSCIENCES,Health Care,Equity,"299,907.33",0.00,"299,907.33","12,059.00",24.87,United States,NASDAQ,USD,1.00,USD,-
VIA,VIA TRANSPORTATION CLASS A,Information Technology,Equity,"300,172.08",0.00,"300,172.08","14,053.00",21.36,United States,NYSE,USD,1.00,USD,-
MBWM,MERCANTILE BANK CORP,Financials,Equity,"300,912.90",0.00,"300,912.90","4,855.00",61.98,United States,NASDAQ,USD,1.00,USD,-
SCHL,SCHOLASTIC,Communication,Equity,"300,970.80",0.00,"300,970.80","7,085.00",42.48,United States,NASDAQ,USD,1.00,USD,-
UPWK,UPWORK,Industrials,Equity,"297,702.37",0.00,"297,702.37","31,043.00",9.59,United States,NASDAQ,USD,1.00,USD,-
LZ,LEGALZOOM COM,Industrials,Equity,"297,747.90",0.00,"297,747.90","36,759.00",8.10,United States,NASDAQ,USD,1.00,USD,-
KOS,KOSMOS ENERGY,Energy,Equity,"297,982.35",0.00,"297,982.35","126,801.00",2.35,United States,NYSE,USD,1.00,USD,-
IE,IVANHOE ELECTRIC,Materials,Equity,"298,050.90",0.00,"298,050.90","27,986.00",10.65,United States,Nyse Mkt Llc,USD,1.00,USD,-
CMCL,CALEDONIA MINING PLC,Materials,Equity,"298,329.11",0.00,"298,329.11","14,419.00",20.69,Canada,Nyse Mkt Llc,USD,1.00,USD,-
MLYS,MINERALYS THERAPEUTICS,Health Care,Equity,"298,330.35",0.00,"298,330.35","11,111.00",26.85,United States,NASDAQ,USD,1.00,USD,-
ABSI,ABSCI CORP,Health Care,Equity,"298,384.80",0.00,"298,384.80","35,522.00",8.40,United States,NASDAQ,USD,1.00,USD,-
ECVT,ECOVYST,Materials,Equity,"299,554.90",0.00,"299,554.90","26,162.00",11.45,United States,NYSE,USD,1.00,USD,-
DLX,DELUXE,Industrials,Equity,"295,854.68",0.00,"295,854.68","11,114.00",26.62,United States,NYSE,USD,1.00,USD,-
SAH,SONIC AUTOMOTIVE INC CLASS A,Consumer Discretionary,Equity,"296,108.91",0.00,"296,108.91","3,411.00",86.81,United States,NYSE,USD,1.00,USD,-
BHRB,BURKE HERBERT FINANCIAL SERVICES C,Financials,Equity,"296,109.40",0.00,"296,109.40","3,995.00",74.12,United States,NASDAQ,USD,1.00,USD,-
BY,BYLINE BANCORP INC,Financials,Equity,"296,479.04",0.00,"296,479.04","7,502.00",39.52,United States,NYSE,USD,1.00,USD,-
CRK,COMSTOCK RESOURCES,Energy,Equity,"296,641.44",0.00,"296,641.44","22,889.00",12.96,United States,NYSE,USD,1.00,USD,-
QDEL,QUIDELORTHO CORP,Health Care,Equity,"296,942.64",0.00,"296,942.64","16,973.00",17.50,United States,NASDAQ,USD,1.00,USD,-
GHM,GRAHAM CORP,Industrials,Equity,"297,321.62",0.00,"297,321.62","2,846.00",104.47,United States,NYSE,USD,1.00,USD,-
AI,C3 AI INC CLASS A,Information Technology,Equity,"297,349.55",0.00,"297,349.55","30,005.00",9.91,United States,NYSE,USD,1.00,USD,-
PAYS,PAYSIGN INC,Financials,Equity,"297,366.72",0.00,"297,366.72","31,008.00",9.59,United States,NASDAQ,USD,1.00,USD,-
CARE,CARTER BANKSHARES INC,Financials,Equity,"297,487.03",0.00,"297,487.03","8,473.00",35.11,United States,NASDAQ,USD,1.00,USD,-
CGEM,CULLINAN THERAPEUTICS,Health Care,Equity,"297,520.95",0.00,"297,520.95","16,895.00",17.61,United States,NASDAQ,USD,1.00,USD,-
TWO,TWO HARBORS INVESTMENT,Financials,Equity,"293,844.78",0.00,"293,844.78","24,426.00",12.03,United States,NYSE,USD,1.00,USD,-
STAA,STAAR SURGICAL,Health Care,Equity,"294,985.44",0.00,"294,985.44","12,904.00",22.86,United States,NASDAQ,USD,1.00,USD,-
MBIN,MERCHANTS BANCORP,Financials,Equity,"295,026.05",0.00,"295,026.05","5,311.00",55.55,United States,NASDAQ,USD,1.00,USD,-
SAIL,SAILPOINT,Information Technology,Equity,"292,183.52",0.00,"292,183.52","16,378.00",17.84,United States,NASDAQ,USD,1.00,USD,-
ANNX,ANNEXON,Health Care,Equity,"292,396.50",0.00,"292,396.50","54,450.00",5.37,United States,NASDAQ,USD,1.00,USD,-
AAT,AMERICAN ASSETS TRUST REIT,Real Estate,Equity,"293,381.19",0.00,"293,381.19","12,717.00",23.07,United States,NYSE,USD,1.00,USD,"Jan 01, 1970"
MWH,SOLV ENERGY CLASS A INC,Industrials,Equity,"293,511.15",0.00,"293,511.15","10,539.00",27.85,United States,NASDAQ,USD,1.00,USD,-
GCT,GIGACLOUD TECHNOLOGY INC CLASS A,Consumer Discretionary,Equity,"293,577.76",0.00,"293,577.76","6,349.00",46.24,United States,NASDAQ,USD,1.00,USD,-
TGLS,TECNOGLASS HOLDINGS INC,Industrials,Equity,"290,176.75",0.00,"290,176.75","6,077.00",47.75,United States,NYSE,USD,1.00,USD,-
BLZE,BACKBLAZE INC CLASS A,Information Technology,Equity,"290,509.24",0.00,"290,509.24","15,602.00",18.62,United States,NASDAQ,USD,1.00,USD,-
CLBK,COLUMBIA FINANCIAL INC,Financials,Equity,"291,220.80",0.00,"291,220.80","27,040.00",10.77,United States,NASDAQ,USD,1.00,USD,-
WINA,WINMARK,Consumer Discretionary,Equity,"287,557.66",0.00,"287,557.66",793.00,362.62,United States,NASDAQ,USD,1.00,USD,-
MCHB,MECHANICS BANCORP CLASS A,Financials,Equity,"288,140.94",0.00,"288,140.94","17,337.00",16.62,United States,NASDAQ,USD,1.00,USD,-
VRTS,VIRTUS INVESTMENT PARTNERS INC,Financials,Equity,"289,154.47",0.00,"289,154.47","1,787.00",161.81,United States,NYSE,USD,1.00,USD,-
VOR,VOR BIOPHARMA,Health Care,Equity,"289,532.27",0.00,"289,532.27","13,001.00",22.27,United States,NASDAQ,USD,1.00,USD,-
HTB,HOMETRUST BANCSHARES INC,Financials,Equity,"286,569.36",0.00,"286,569.36","5,544.00",51.69,United States,NYSE,USD,1.00,USD,-
ORRF,ORRSTOWN FINANCIAL SERVICES INC,Financials,Equity,"287,188.61",0.00,"287,188.61","6,631.00",43.31,United States,NASDAQ,USD,1.00,USD,-
TFSL,TFS FINANCIAL CORP,Financials,Equity,"284,216.48",0.00,"284,216.48","15,514.00",18.32,United States,NASDAQ,USD,1.00,USD,-
BBSI,BARRETT BUSINESS SERVICES INC,Industrials,Equity,"285,422.76",0.00,"285,422.76","7,116.00",40.11,United States,NASDAQ,USD,1.00,USD,-
COTY,COTY INC CLASS A,Consumer Staples,Equity,"285,425.31",0.00,"285,425.31","100,857.00",2.83,United States,NYSE,USD,1.00,USD,-
AORT,ARTIVION INC,Health Care,Equity,"281,955.58",0.00,"281,955.58","10,774.00",26.17,United States,NYSE,USD,1.00,USD,-
LBRX,LB PHARMACEUTICALS INC,Health Care,Equity,"282,157.98",0.00,"282,157.98","6,266.00",45.03,United States,NASDAQ,USD,1.00,USD,-
TALK,TALKSPACE,Health Care,Equity,"282,600.36",0.00,"282,600.36","54,138.00",5.22,United States,NASDAQ,USD,1.00,USD,-
PPC,PILGRIMS PRIDE CORP,Consumer Staples,Equity,"282,651.72",0.00,"282,651.72","10,634.00",26.58,United States,NASDAQ,USD,1.00,USD,-
PWP,PERELLA WEINBERG PARTNERS CLASS A,Financials,Equity,"282,922.20",0.00,"282,922.20","16,335.00",17.32,United States,NASDAQ,USD,1.00,USD,-
BLMN,BLOOMIN BRANDS INC,Consumer Discretionary,Equity,"279,683.70",0.00,"279,683.70","23,602.00",11.85,United States,NASDAQ,USD,1.00,USD,-
USPH,US PHYSICAL THERAPY INC,Health Care,Equity,"280,222.26",0.00,"280,222.26","3,606.00",77.71,United States,NYSE,USD,1.00,USD,-
CBL,CBL ASSOCIATES PROPERTIES,Real Estate,Equity,"280,346.49",0.00,"280,346.49","4,947.00",56.67,United States,NYSE,USD,1.00,USD,-
ARDX,ARDELYX,Health Care,Equity,"280,488.66",0.00,"280,488.66","57,126.00",4.91,United States,NASDAQ,USD,1.00,USD,-
IOVA,IOVANCE BIOTHERAPEUTICS INC,Health Care,Equity,"281,088.78",0.00,"281,088.78","64,767.00",4.34,United States,NASDAQ,USD,1.00,USD,-
VTOL,BRISTOW GROUP,Energy,Equity,"279,331.36",0.00,"279,331.36","6,314.00",44.24,United States,NYSE,USD,1.00,USD,-
HAFC,HANMI FINANCIAL CORP,Financials,Equity,"275,659.20",0.00,"275,659.20","8,508.00",32.40,United States,NASDAQ,USD,1.00,USD,-
MFA,MFA FINANCIAL,Financials,Equity,"275,813.58",0.00,"275,813.58","30,443.00",9.06,United States,NYSE,USD,1.00,USD,-
CMP,COMPASS MINERALS INTERNATIONAL,Materials,Equity,"275,915.64",0.00,"275,915.64","9,188.00",30.03,United States,NYSE,USD,1.00,USD,-
HRTG,HERITAGE INSURANCE HOLDINGS INC,Financials,Equity,"276,060.36",0.00,"276,060.36","9,132.00",30.23,United States,NYSE,USD,1.00,USD,-
MCBS,METROCITY BANKSHARES INC,Financials,Equity,"276,786.75",0.00,"276,786.75","7,725.00",35.83,United States,NASDAQ,USD,1.00,USD,-
EVC,ENTRAVISION COMMUNICATIONS CORP CL,Communication,Equity,"277,286.40",0.00,"277,286.40","23,904.00",11.60,United States,NYSE,USD,1.00,USD,-
PRCT,PROCEPT BIOROBOTICS CORP,Health Care,Equity,"273,525.62",0.00,"273,525.62","14,143.00",19.34,United States,NASDAQ,USD,1.00,USD,-
NRIM,NORTHRIM BANCORP INC,Financials,Equity,"274,002.48",0.00,"274,002.48","10,152.00",26.99,United States,NASDAQ,USD,1.00,USD,-
MUX,MCEWEN INC,Materials,Equity,"274,087.26",0.00,"274,087.26","13,906.00",19.71,United States,NYSE,USD,1.00,USD,-
GERN,GERON,Health Care,Equity,"274,697.38",0.00,"274,697.38","168,526.00",1.63,United States,NASDAQ,USD,1.00,USD,-
ASTE,ASTEC INDUSTRIES,Industrials,Equity,"275,014.24",0.00,"275,014.24","6,106.00",45.04,United States,NASDAQ,USD,1.00,USD,-
HROW,HARROW,Health Care,Equity,"275,318.26",0.00,"275,318.26","6,986.00",39.41,United States,NASDAQ,USD,1.00,USD,-
DMC,DEL MONTE,Consumer Staples,Equity,"271,915.00",0.00,"271,915.00","9,140.00",29.75,United States,NYSE,USD,1.00,USD,-
REPL,REPLIMUNE GROUP,Health Care,Equity,"272,125.49",0.00,"272,125.49","23,003.00",11.83,United States,NASDAQ,USD,1.00,USD,-
RUSHB,RUSH ENTERPRISES CLASS B,Industrials,Equity,"272,157.60",0.00,"272,157.60","3,432.00",79.30,United States,NASDAQ,USD,1.00,USD,-
CVLG,COVENANT LOGISTICS GROUP INC CLASS,Industrials,Equity,"272,209.70",0.00,"272,209.70","7,610.00",35.77,United States,NYSE,USD,1.00,USD,-
KOP,KOPPERS HOLDINGS INC,Materials,Equity,"272,398.14",0.00,"272,398.14","5,338.00",51.03,United States,NYSE,USD,1.00,USD,-
CNA,CNA FINANCIAL CORP,Financials,Equity,"272,429.70",0.00,"272,429.70","5,205.00",52.34,United States,NYSE,USD,1.00,USD,-
EYPT,EYEPOINT INC,Health Care,Equity,"270,088.00",0.00,"270,088.00","22,048.00",12.25,United States,NASDAQ,USD,1.00,USD,-
CSR,CENTERSPACE,Real Estate,Equity,"270,673.30",0.00,"270,673.30","4,757.00",56.90,United States,NYSE,USD,1.00,USD,-
LADR,LADDER CAPITAL CORP CLASS A,Financials,Equity,"271,090.08",0.00,"271,090.08","28,596.00",9.48,United States,NYSE,USD,1.00,USD,-
SEPN,SEPTERNA,Health Care,Equity,"267,599.04",0.00,"267,599.04","6,904.00",38.76,United States,NASDAQ,USD,1.00,USD,-
FG,F&G ANNUITIES AND LIFE INC,Financials,Equity,"268,006.35",0.00,"268,006.35","9,039.00",29.65,United States,NYSE,USD,1.00,USD,-
PZZA,PAPA JOHNS INTERNATIONAL INC,Consumer Discretionary,Equity,"265,340.25",0.00,"265,340.25","8,919.00",29.75,United States,NASDAQ,USD,1.00,USD,-
TBPH,THERAVANCE BIOPHARMA,Health Care,Equity,"265,549.70",0.00,"265,549.70","15,713.00",16.90,United States,NASDAQ,USD,1.00,USD,-
DEA,EASTERLY GOVERNMENT PROPERTIES INC,Real Estate,Equity,"266,300.40",0.00,"266,300.40","10,635.00",25.04,United States,NYSE,USD,1.00,USD,-
EIG,EMPLOYERS HOLDINGS,Financials,Equity,"266,644.04",0.00,"266,644.04","5,252.00",50.77,United States,NYSE,USD,1.00,USD,-
RIGL,RIGEL PHARMACEUTICALS,Health Care,Equity,"263,281.92",0.00,"263,281.92","6,504.00",40.48,United States,NASDAQ,USD,1.00,USD,-
GO,GROCERY OUTLET HOLDING,Consumer Staples,Equity,"263,547.94",0.00,"263,547.94","26,729.00",9.86,United States,NASDAQ,USD,1.00,USD,-
LENB,LENNAR CORP CLASS B,Consumer Discretionary,Equity,"265,111.48",0.00,"265,111.48","3,067.00",86.44,United States,NYSE,USD,1.00,USD,-
CNXN,PC CONNECTION INC,Information Technology,Equity,"261,920.12",0.00,"261,920.12","3,047.00",85.96,United States,NASDAQ,USD,1.00,USD,-
SDGR,SCHRODINGER INC,Health Care,Equity,"262,055.60",0.00,"262,055.60","15,979.00",16.40,United States,NASDAQ,USD,1.00,USD,-
BETA,BETA TECHNOLOGIES CLASS A,Industrials,Equity,"259,229.40",0.00,"259,229.40","11,677.00",22.20,United States,NYSE,USD,1.00,USD,-
FIGS,FIGS CLASS A,Consumer Discretionary,Equity,"259,502.88",0.00,"259,502.88","23,764.00",10.92,United States,NYSE,USD,1.00,USD,-
TCBX,THIRD COAST BANCSHARES INC,Financials,Equity,"260,263.33",0.00,"260,263.33","5,879.00",44.27,United States,NYSE,USD,1.00,USD,-
AMAL,AMALGAMATED FINANCIAL CORP,Financials,Equity,"260,454.87",0.00,"260,454.87","5,177.00",50.31,United States,NASDAQ,USD,1.00,USD,-
SMPL,THE SIMPLY GOOD FOODS COMPANY,Consumer Staples,Equity,"260,505.18",0.00,"260,505.18","23,301.00",11.18,United States,NASDAQ,USD,1.00,USD,-
AIP,ARTERIS INC,Information Technology,Equity,"260,647.11",0.00,"260,647.11","8,427.00",30.93,United States,NASDAQ,USD,1.00,USD,-
PRSU,PURSUIT ATTRACTIONS AND HOSPITALIT,Consumer Discretionary,Equity,"258,115.20",0.00,"258,115.20","5,152.00",50.10,United States,NYSE,USD,1.00,USD,-
IRMD,IRADIMED,Health Care,Equity,"258,218.46",0.00,"258,218.46","2,811.00",91.86,United States,NASDAQ,USD,1.00,USD,-
LQDT,LIQUIDITY SERVICES INC,Industrials,Equity,"258,275.20",0.00,"258,275.20","6,880.00",37.54,United States,NASDAQ,USD,1.00,USD,-
SXC,SUNCOKE ENERGY INC,Materials,Equity,"258,287.38",0.00,"258,287.38","26,849.00",9.62,United States,NYSE,USD,1.00,USD,-
WGO,WINNEBAGO INDUSTRIES INC,Consumer Discretionary,Equity,"255,456.24",0.00,"255,456.24","7,988.00",31.98,United States,NYSE,USD,1.00,USD,-
ILPT,INDUSTRIAL LOGISTICS PROPERTIES TR,Real Estate,Equity,"256,366.25",0.00,"256,366.25","29,299.00",8.75,United States,NASDAQ,USD,1.00,USD,-
FSUN,FIRSTSUN CAPITAL BANCORP,Financials,Equity,"256,391.60",0.00,"256,391.60","6,442.00",39.80,United States,NASDAQ,USD,1.00,USD,-
DRVN,DRIVEN BRANDS HOLDINGS,Consumer Discretionary,Equity,"253,103.64",0.00,"253,103.64","17,324.00",14.61,United States,NASDAQ,USD,1.00,USD,-
APEI,AMERICAN PUBLIC EDUCATION,Consumer Discretionary,Equity,"253,438.38",0.00,"253,438.38","4,709.00",53.82,United States,NASDAQ,USD,1.00,USD,-
SIBN,SI BONE,Health Care,Equity,"254,165.56",0.00,"254,165.56","14,089.00",18.04,United States,NASDAQ,USD,1.00,USD,-
PLOW,DOUGLAS DYNAMICS INC,Industrials,Equity,"254,615.40",0.00,"254,615.40","5,580.00",45.63,United States,NYSE,USD,1.00,USD,-
CNNE,CANNAE HOLDINGS INC,Financials,Equity,"254,782.79",0.00,"254,782.79","17,111.00",14.89,United States,NYSE,USD,1.00,USD,-
RVLV,REVOLVE GROUP CLASS A INC,Consumer Discretionary,Equity,"251,304.90",0.00,"251,304.90","9,933.00",25.30,United States,NYSE,USD,1.00,USD,-
ACRS,ACLARIS THERAPEUTICS,Health Care,Equity,"251,455.32",0.00,"251,455.32","39,537.00",6.36,United States,NASDAQ,USD,1.00,USD,-
CCO,CLEAR CHANNEL OUTDOOR HOLDINGS INC,Communication,Equity,"251,830.04",0.00,"251,830.04","104,062.00",2.42,United States,NYSE,USD,1.00,USD,-
VRRM,VERRA MOBILITY CLASS A,Industrials,Equity,"252,629.52",0.00,"252,629.52","45,032.00",5.61,United States,NASDAQ,USD,1.00,USD,-
SVC,SERVICE PROPERTIES TRUST,Real Estate,Equity,"252,640.68",0.00,"252,640.68","32,061.00",7.88,United States,NASDAQ,USD,1.00,USD,-
BORR,BORR DRILLING,Energy,Equity,"249,461.81",0.00,"249,461.81","64,129.00",3.89,Norway,NYSE,USD,1.00,USD,-
NX,QUANEX BUILDING PRODUCTS CORP,Industrials,Equity,"250,079.76",0.00,"250,079.76","11,977.00",20.88,United States,NYSE,USD,1.00,USD,-
TRNS,TRANSCAT,Industrials,Equity,"250,218.75",0.00,"250,218.75","2,669.00",93.75,United States,NASDAQ,USD,1.00,USD,-
OMER,OMEROS,Health Care,Equity,"250,495.30",0.00,"250,495.30","19,802.00",12.65,United States,NASDAQ,USD,1.00,USD,-
GRDN,GUARDIAN PHARMACY SERVICES CLASS A,Health Care,Equity,"246,888.00",0.00,"246,888.00","6,096.00",40.50,United States,NYSE,USD,1.00,USD,-
BCAX,BICARA THERAPEUTICS INC,Health Care,Equity,"245,022.96",0.00,"245,022.96","9,464.00",25.89,United States,NASDAQ,USD,1.00,USD,-
VPG,VISHAY PRECISION GROUP,Information Technology,Equity,"245,101.92",0.00,"245,101.92","3,332.00",73.56,United States,NYSE,USD,1.00,USD,-
AMC,AMC ENTERTAINMENT HOLDINGS INC CLA,Communication,Equity,"245,463.78",0.00,"245,463.78","91,934.00",2.67,United States,NYSE,USD,1.00,USD,-
PKE,PARK AEROSPACE CORP,Industrials,Equity,"245,559.42",0.00,"245,559.42","6,498.00",37.79,United States,NYSE,USD,1.00,USD,-
NBBK,NB BANCORP INC,Financials,Equity,"242,986.24",0.00,"242,986.24","10,528.00",23.08,United States,NASDAQ,USD,1.00,USD,-
FBIZ,FIRST BUSINESS FINANCIAL SERVICES,Financials,Equity,"243,140.40",0.00,"243,140.40","3,384.00",71.85,United States,NASDAQ,USD,1.00,USD,-
CCBG,CAPITAL CITY BANK INC,Financials,Equity,"243,456.50",0.00,"243,456.50","4,655.00",52.30,United States,NASDAQ,USD,1.00,USD,-
CLVT,CLARIVATE PLC,Industrials,Equity,"243,728.02",0.00,"243,728.02","125,633.00",1.94,United States,NYSE,USD,1.00,USD,-
PSNL,PERSONALIS,Health Care,Equity,"243,833.20",0.00,"243,833.20","18,035.00",13.52,United States,NASDAQ,USD,1.00,USD,-
UMH,UMH PROPERTIES INC,Real Estate,Equity,"241,208.80",0.00,"241,208.80","15,869.00",15.20,United States,NYSE,USD,1.00,USD,-
KOPN,KOPIN CORP,Information Technology,Equity,"241,708.40",0.00,"241,708.40","61,192.00",3.95,United States,NASDAQ,USD,1.00,USD,-
CIM,CHIMERA INVESTMENT,Financials,Equity,"242,344.35",0.00,"242,344.35","20,451.00",11.85,United States,NYSE,USD,1.00,USD,-
PRKS,UNITED PARKS AND RESORTS INC,Consumer Discretionary,Equity,"242,413.78",0.00,"242,413.78","5,263.00",46.06,United States,NYSE,USD,1.00,USD,-
SAFE,SAFEHOLD INC,Real Estate,Equity,"239,320.58",0.00,"239,320.58","14,782.00",16.19,United States,NYSE,USD,1.00,USD,-
NEXN,NEXXEN INTERNATIONAL LTD,Communication,Equity,"239,427.96",0.00,"239,427.96","22,868.00",10.47,Israel,NASDAQ,USD,1.00,USD,-
TRUP,TRUPANION,Financials,Equity,"239,753.70",0.00,"239,753.70","9,830.00",24.39,United States,NASDAQ,USD,1.00,USD,-
CVI,CVR ENERGY INC,Energy,Equity,"239,959.20",0.00,"239,959.20","7,691.00",31.20,United States,NYSE,USD,1.00,USD,-
PFIS,PEOPLES FINANCIAL SERVICES CORP,Financials,Equity,"236,841.12",0.00,"236,841.12","3,312.00",71.51,United States,NASDAQ,USD,1.00,USD,-
DJCO,DAILY JOURNAL,Information Technology,Equity,"237,108.96",0.00,"237,108.96",396.00,598.76,United States,NASDAQ,USD,1.00,USD,-
WLFC,WILLIS LEASE FINANCE,Industrials,Equity,"234,821.21",0.00,"234,821.21","3,601.00",65.21,United States,NASDAQ,USD,1.00,USD,-
THFF,FIRST FINANCIAL CORPORATION CORP,Financials,Equity,"234,862.20",0.00,"234,862.20","2,852.00",82.35,United States,NASDAQ,USD,1.00,USD,-
NPK,NATIONAL PRESTO INDUSTRIES INC,Industrials,Equity,"235,175.45",0.00,"235,175.45","1,685.00",139.57,United States,NYSE,USD,1.00,USD,-
OMDA,OMADA HEALTH,Health Care,Equity,"235,377.87",0.00,"235,377.87","12,317.00",19.11,United States,NASDAQ,USD,1.00,USD,-
ADAM,ADAMAS,Financials,Equity,"235,424.16",0.00,"235,424.16","24,939.00",9.44,United States,NASDAQ,USD,1.00,USD,-
SVRA,SAVARA,Health Care,Equity,"235,772.90",0.00,"235,772.90","42,790.00",5.51,United States,NASDAQ,USD,1.00,USD,-
GNK,GENCO SHIPPING AND TRADING,Industrials,Equity,"236,062.24",0.00,"236,062.24","9,232.00",25.57,United States,NYSE,USD,1.00,USD,-
MCB,METROPOLITAN BANK HOLDING CORP,Financials,Equity,"236,698.68",0.00,"236,698.68","2,517.00",94.04,United States,NYSE,USD,1.00,USD,-
CERT,CERTARA,Health Care,Equity,"233,339.31",0.00,"233,339.31","29,131.00",8.01,United States,NASDAQ,USD,1.00,USD,-
AMTB,AMERANT BANCORP CLASS A,Financials,Equity,"234,026.52",0.00,"234,026.52","7,917.00",29.56,United States,NYSE,USD,1.00,USD,-
AVBP,ARRIVENT BIOPHARMA,Health Care,Equity,"234,135.89",0.00,"234,135.89","7,649.00",30.61,United States,NASDAQ,USD,1.00,USD,-
NAVI,NAVIENT,Financials,Equity,"234,228.18",0.00,"234,228.18","25,853.00",9.06,United States,NASDAQ,USD,1.00,USD,-
ARRY,ARRAY TECHNOLOGIES INC,Industrials,Equity,"234,308.16",0.00,"234,308.16","41,544.00",5.64,United States,NASDAQ,USD,1.00,USD,-
LCID,LUCID GROUP,Consumer Discretionary,Equity,"230,815.00",0.00,"230,815.00","34,450.00",6.70,United States,NASDAQ,USD,1.00,USD,-
BUR,BURFORD CAPITAL LTD,Financials,Equity,"231,374.22",0.00,"231,374.22","54,186.00",4.27,United States,NYSE,USD,1.00,USD,-
TDAY,USA TODAY INC,Communication,Equity,"231,403.86",0.00,"231,403.86","26,721.00",8.66,United States,NYSE,USD,1.00,USD,-
FET,FORUM ENERGY TECHNOLOGIES INC,Energy,Equity,"231,695.36",0.00,"231,695.36","3,068.00",75.52,United States,NYSE,USD,1.00,USD,-
MCS,THE MARCUS CORP,Communication,Equity,"228,646.54",0.00,"228,646.54","7,426.00",30.79,United States,NYSE,USD,1.00,USD,-
CDNL,CARDINAL INFRASTRUCTURE GROUP INC,Industrials,Equity,"228,775.25",0.00,"228,775.25","3,617.00",63.25,United States,NASDAQ,USD,1.00,USD,-
ZGN,ERMENEGILDO ZEGNA NV,Consumer Discretionary,Equity,"228,804.03",0.00,"228,804.03","15,043.00",15.21,Italy,NYSE,USD,1.00,USD,-
PMT,PENNYMAC MORTGAGE INVESTMENT TRUST,Financials,Equity,"229,096.35",0.00,"229,096.35","24,243.00",9.45,United States,NYSE,USD,1.00,USD,-
PGC,PEAPACK GLADSTONE FINANCIAL CORP,Financials,Equity,"229,355.20",0.00,"229,355.20","4,943.00",46.40,United States,NASDAQ,USD,1.00,USD,-
LYTS,LSI INDUSTRIES INC,Industrials,Equity,"229,450.00",0.00,"229,450.00","9,178.00",25.00,United States,NASDAQ,USD,1.00,USD,-
MAMA,MAMAS CREATIONS INC,Consumer Staples,Equity,"229,749.25",0.00,"229,749.25","12,589.00",18.25,United States,NASDAQ,USD,1.00,USD,-
PFBC,PREFERRED BANK,Financials,Equity,"226,716.16",0.00,"226,716.16","2,134.00",106.24,United States,NASDAQ,USD,1.00,USD,-
CARS,CARS.COM INC,Communication,Equity,"226,807.04",0.00,"226,807.04","19,156.00",11.84,United States,NYSE,USD,1.00,USD,-
GEFB,GREIF INC CLASS B,Materials,Equity,"226,882.80",0.00,"226,882.80","2,033.00",111.60,United States,NYSE,USD,1.00,USD,-
ORIC,ORIC PHARMACEUTICALS,Health Care,Equity,"226,999.08",0.00,"226,999.08","17,556.00",12.93,United States,NASDAQ,USD,1.00,USD,-
GOLD,GOLD INC,Consumer Discretionary,Equity,"227,829.14",0.00,"227,829.14","5,258.00",43.33,United States,NYSE,USD,1.00,USD,-
BVS,BIOVENTUS CLASS A,Health Care,Equity,"227,892.84",0.00,"227,892.84","14,934.00",15.26,United States,NASDAQ,USD,1.00,USD,-
PURR,HYPERLIQUID STRATEGIES INC,Health Care,Equity,"227,958.50",0.00,"227,958.50","33,425.00",6.82,United States,NASDAQ,USD,1.00,USD,-
ELE,ELEMENTAL ROYALTY CORP,Materials,Equity,"227,964.60",0.00,"227,964.60","12,807.00",17.80,Canada,NASDAQ,USD,1.00,USD,-
VERX,VERTEX INC CLASS A,Information Technology,Equity,"228,105.80",0.00,"228,105.80","19,331.00",11.80,United States,NASDAQ,USD,1.00,USD,-
ABUS,ARBUTUS BIOPHARMA CORP,Health Care,Equity,"228,283.44",0.00,"228,283.44","49,412.00",4.62,United States,NASDAQ,USD,1.00,USD,-
FWRG,FIRST WATCH RESTAURANT GROUP,Consumer Discretionary,Equity,"228,445.04",0.00,"228,445.04","17,764.00",12.86,United States,NASDAQ,USD,1.00,USD,-
UTZ,UTZ BRANDS INC CLASS A,Consumer Staples,Equity,"224,776.28",0.00,"224,776.28","15,919.00",14.12,United States,NYSE,USD,1.00,USD,-
PUMP,PROPETRO HOLDING,Energy,Equity,"224,829.00",0.00,"224,829.00","20,439.00",11.00,United States,NYSE,USD,1.00,USD,-
FOXF,FOX FACTORY HOLDING,Consumer Discretionary,Equity,"225,048.02",0.00,"225,048.02","11,447.00",19.66,United States,NASDAQ,USD,1.00,USD,-
CAC,CAMDEN NATIONAL CORP,Financials,Equity,"225,249.78",0.00,"225,249.78","3,794.00",59.37,United States,NASDAQ,USD,1.00,USD,-
JBGS,JBG SMITH PROPERTIES,Real Estate,Equity,"225,358.40",0.00,"225,358.40","18,472.00",12.20,United States,NYSE,USD,1.00,USD,-
SWBI,SMITH WESSON BRANDS INC,Consumer Discretionary,Equity,"225,563.14",0.00,"225,563.14","15,334.00",14.71,United States,NASDAQ,USD,1.00,USD,-
EGBN,EAGLE BANCORP,Financials,Equity,"225,604.50",0.00,"225,604.50","7,986.00",28.25,United States,NASDAQ,USD,1.00,USD,-
KLRA,KAILERA THERAPEUTICS INC,Health Care,Equity,"223,036.75",0.00,"223,036.75","12,275.00",18.17,United States,NASDAQ,USD,1.00,USD,-
FLNG,FLEX LNG,Energy,Equity,"223,389.40",0.00,"223,389.40","7,397.00",30.20,Norway,NYSE,USD,1.00,USD,-
ASC,ARDMORE SHIPPING CORP,Energy,Equity,"223,468.92",0.00,"223,468.92","13,593.00",16.44,Bermuda,NYSE,USD,1.00,USD,-
CODI,COMPASS DIVERSIFIED,Financials,Equity,"224,312.90",0.00,"224,312.90","20,674.00",10.85,United States,NYSE,USD,1.00,USD,-
CCSI,CONSENSUS CLOUD SOLUTIONS INC,Information Technology,Equity,"220,851.62",0.00,"220,851.62","5,786.00",38.17,United States,NASDAQ,USD,1.00,USD,-
FIZZ,NATIONAL BEVERAGE,Consumer Staples,Equity,"220,863.97",0.00,"220,863.97","6,857.00",32.21,United States,NASDAQ,USD,1.00,USD,-
TCMD,TACTILE SYSTEMS TECHNOLOGY,Health Care,Equity,"221,372.32",0.00,"221,372.32","7,384.00",29.98,United States,NASDAQ,USD,1.00,USD,-
MTUS,METALLUS INC,Materials,Equity,"221,605.00",0.00,"221,605.00","10,250.00",21.62,United States,NYSE,USD,1.00,USD,-
MATW,MATTHEWS INTERNATIONAL CORP CLASS,Consumer Discretionary,Equity,"222,122.42",0.00,"222,122.42","8,086.00",27.47,United States,NASDAQ,USD,1.00,USD,-
HBNC,HORIZON BANCORP INC,Financials,Equity,"222,483.10",0.00,"222,483.10","10,774.00",20.65,United States,NASDAQ,USD,1.00,USD,-
MPB,MID PENN BANCORP INC,Financials,Equity,"218,617.08",0.00,"218,617.08","5,711.00",38.28,United States,NASDAQ,USD,1.00,USD,-
FCBC,FIRST COMMUNITY BANKSHARES INC,Financials,Equity,"218,786.37",0.00,"218,786.37","4,499.00",48.63,United States,NASDAQ,USD,1.00,USD,-
XE,X-ENERGY INC CLASS A,Industrials,Equity,"218,808.30",0.00,"218,808.30","11,486.00",19.05,United States,NASDAQ,USD,1.00,USD,-
HSHP,HIMALAYA SHIPPING LTD,Industrials,Equity,"218,946.91",0.00,"218,946.91","14,153.00",15.47,Norway,NYSE,USD,1.00,USD,-
MNPR,MONOPAR THERAPEUTICS,Health Care,Equity,"219,263.97",0.00,"219,263.97","1,839.00",119.23,United States,NASDAQ,USD,1.00,USD,-
MGTX,MEIRAGTX HOLDINGS PLC,Health Care,Equity,"219,524.60",0.00,"219,524.60","17,492.00",12.55,United States,NASDAQ,USD,1.00,USD,-
HYLN,HYLIION HOLDINGS CORP,Industrials,Equity,"219,729.86",0.00,"219,729.86","55,769.00",3.94,United States,Nyse Mkt Llc,USD,1.00,USD,-
AMPH,AMPHASTAR PHARMACEUTICALS,Health Care,Equity,"216,406.08",0.00,"216,406.08","10,692.00",20.24,United States,NASDAQ,USD,1.00,USD,-
JANX,JANUX THERAPEUTICS,Health Care,Equity,"216,896.00",0.00,"216,896.00","13,556.00",16.00,United States,NASDAQ,USD,1.00,USD,-
INGM,INGRAM MICRO HOLDING,Information Technology,Equity,"217,138.00",0.00,"217,138.00","7,550.00",28.76,United States,NYSE,USD,1.00,USD,-
MSBI,MIDLAND STATES BANCORP INC,Financials,Equity,"217,424.00",0.00,"217,424.00","6,350.00",34.24,United States,NASDAQ,USD,1.00,USD,-
NTGR,NETGEAR,Information Technology,Equity,"217,908.44",0.00,"217,908.44","8,938.00",24.38,United States,NASDAQ,USD,1.00,USD,-
CADL,CANDEL THERAPEUTICS INC,Health Care,Equity,"214,377.70",0.00,"214,377.70","20,495.00",10.46,United States,NASDAQ,USD,1.00,USD,-
ANRO,ALTO NEUROSCIENCE INC,Health Care,Equity,"214,934.04",0.00,"214,934.04","7,668.00",28.03,United States,NYSE,USD,1.00,USD,-
MRTN,MARTEN TRANSPORT,Industrials,Equity,"215,051.72",0.00,"215,051.72","14,404.00",14.93,United States,NASDAQ,USD,1.00,USD,-
GSBC,GREAT SOUTHERN BANCORP INC,Financials,Equity,"215,282.12",0.00,"215,282.12","2,636.00",81.67,United States,NASDAQ,USD,1.00,USD,-
AKTS,AKTIS ONCOLOGY INC,Health Care,Equity,"215,333.55",0.00,"215,333.55","9,507.00",22.65,United States,NASDAQ,USD,1.00,USD,-
BLSH,BULLISH,Financials,Equity,"215,513.60",0.00,"215,513.60","9,040.00",23.84,United States,NYSE,USD,1.00,USD,-
ASST,STRIVE INC CLASS A,Health Care,Equity,"215,683.80",0.00,"215,683.80","17,324.00",12.45,United States,NASDAQ,USD,1.00,USD,-
HPP,HUDSON PACIFIC PROPERTIES REIT,Real Estate,Equity,"216,076.98",0.00,"216,076.98","14,434.00",14.97,United States,NYSE,USD,1.00,USD,-
SGMT,SAGIMET BIOSCIENCES SERIES A,Health Care,Equity,"216,077.76",0.00,"216,077.76","25,009.00",8.64,United States,NASDAQ,USD,1.00,USD,-
HOV,HOVNANIAN ENTERPRISES CLASS A,Consumer Discretionary,Equity,"216,289.92",0.00,"216,289.92","1,568.00",137.94,United States,NYSE,USD,1.00,USD,-
JBI,JANUS INTERNATIONAL GROUP,Industrials,Equity,"216,384.24",0.00,"216,384.24","38,366.00",5.64,United States,NYSE,USD,1.00,USD,-
AMBP,ARDAGH METAL PACKAGING SA,Materials,Equity,"212,624.57",0.00,"212,624.57","41,773.00",5.09,United States,NYSE,USD,1.00,USD,-
UNTY,UNITY BANCORP INC,Financials,Equity,"212,755.48",0.00,"212,755.48","3,556.00",59.83,United States,NASDAQ,USD,1.00,USD,-
HBCP,HOME BANCORP INC,Financials,Equity,"212,996.40",0.00,"212,996.40","2,955.00",72.08,United States,NASDAQ,USD,1.00,USD,-
SLDB,SOLID BIOSCIENCES INC,Health Care,Equity,"213,099.30",0.00,"213,099.30","24,410.00",8.73,United States,NASDAQ,USD,1.00,USD,-
ACNB,ACNB CORP,Financials,Equity,"213,106.41",0.00,"213,106.41","3,267.00",65.23,United States,NASDAQ,USD,1.00,USD,-
BFST,BUSINESS FIRST BANCSHARES INC,Financials,Equity,"213,309.32",0.00,"213,309.32","6,668.00",31.99,United States,NASDAQ,USD,1.00,USD,-
AVLN,AVALYN PHARMA INC,Health Care,Equity,"214,240.00",0.00,"214,240.00","6,695.00",32.00,United States,NASDAQ,USD,1.00,USD,-
CXM,SPRINKLR CLASS A,Information Technology,Equity,"210,539.67",0.00,"210,539.67","31,377.00",6.71,United States,NYSE,USD,1.00,USD,-
CPS,COOPER STANDARD HOLDINGS,Consumer Discretionary,Equity,"210,740.37",0.00,"210,740.37","6,761.00",31.17,United States,NYSE,USD,1.00,USD,-
NHP,NATIONAL HEALTHCARE PROPERTIES CLA,Real Estate,Equity,"211,002.89",0.00,"211,002.89","13,163.00",16.03,United States,NASDAQ,USD,1.00,USD,-
HIPO,HIPPO HOLDINGS,Financials,Equity,"211,276.55",0.00,"211,276.55","6,535.00",32.33,United States,NYSE,USD,1.00,USD,-
PLGO,PELAGOS INSURANCE CAPITAL LTD,Financials,Equity,"211,579.55",0.00,"211,579.55","8,281.00",25.55,Bermuda,NYSE,USD,1.00,USD,-
BKSY,BLACKSKY TECHNOLOGY INC CLASS A,Industrials,Equity,"211,713.44",0.00,"211,713.44","8,408.00",25.18,United States,NYSE,USD,1.00,USD,-
AOSL,ALPHA AND OMEGA SEMICONDUCTOR,Information Technology,Equity,"211,770.32",0.00,"211,770.32","6,508.00",32.54,United States,NASDAQ,USD,1.00,USD,-
CDRE,CADRE HOLDINGS INC,Industrials,Equity,"211,996.96",0.00,"211,996.96","6,832.00",31.03,United States,NYSE,USD,1.00,USD,-
RRBI,RED RIVER BANCSHARES INC,Financials,Equity,"212,100.00",0.00,"212,100.00","2,100.00",101.00,United States,NASDAQ,USD,1.00,USD,-
AMRC,AMERESCO INC CLASS A,Industrials,Equity,"209,334.28",0.00,"209,334.28","8,158.00",25.66,United States,NYSE,USD,1.00,USD,-
AVTX,AVALO THERAPEUTICS INC,Health Care,Equity,"209,368.92",0.00,"209,368.92","11,113.00",18.84,United States,NASDAQ,USD,1.00,USD,-
EVLV,EVOLV TECHNOLOGIES HOLDINGS CLASS,Information Technology,Equity,"209,415.15",0.00,"209,415.15","34,990.00",5.99,United States,NASDAQ,USD,1.00,USD,-
ACHV,ACHIEVE LIFE SCIENCES,Health Care,Equity,"210,236.22",0.00,"210,236.22","31,567.00",6.66,United States,NASDAQ,USD,1.00,USD,-
NEXT,NEXTDECADE,Energy,Equity,"206,640.54",0.00,"206,640.54","32,187.00",6.42,United States,NASDAQ,USD,1.00,USD,-
OBT,ORANGE COUNTY BANCORP INC,Financials,Equity,"207,050.36",0.00,"207,050.36","5,324.00",38.89,United States,NASDAQ,USD,1.00,USD,-
ONT,ONTERRIS INC,Industrials,Equity,"207,381.32",0.00,"207,381.32","9,164.00",22.63,United States,NYSE,USD,1.00,USD,-
ABR,ARBOR REALTY TRUST REIT,Financials,Equity,"207,389.38",0.00,"207,389.38","40,114.00",5.17,United States,NYSE,USD,1.00,USD,-
BRSP,BRIGHTSPIRE CAPITAL INC CLASS A,Financials,Equity,"207,475.00",0.00,"207,475.00","41,495.00",5.00,United States,NYSE,USD,1.00,USD,-
LXRX,LEXICON PHARMACEUTICALS INC,Health Care,Equity,"207,642.40",0.00,"207,642.40","84,752.00",2.45,United States,NASDAQ,USD,1.00,USD,-
DNA,GINKGO BIOWORKS HOLDINGS CLASS A,Health Care,Equity,"208,032.74",0.00,"208,032.74","22,202.00",9.37,United States,NYSE,USD,1.00,USD,-
EQBK,EQUITY BANCSHARES INC CLASS A,Financials,Equity,"208,163.00",0.00,"208,163.00","4,042.00",51.50,United States,NYSE,USD,1.00,USD,-
PTRN,PATTERN GROUP SERIES A,Consumer Discretionary,Equity,"204,304.98",0.00,"204,304.98","8,646.00",23.63,United States,NASDAQ,USD,1.00,USD,-
SION,SIONNA THERAPEUTICS,Health Care,Equity,"205,266.24",0.00,"205,266.24","4,336.00",47.34,United States,NASDAQ,USD,1.00,USD,-
SMP,STANDARD MOTOR PRODUCTS INC,Consumer Discretionary,Equity,"205,697.26",0.00,"205,697.26","5,197.00",39.58,United States,NYSE,USD,1.00,USD,-
AROW,ARROW FINANCIAL CORP,Financials,Equity,"205,811.34",0.00,"205,811.34","5,078.00",40.53,United States,NASDAQ,USD,1.00,USD,-
SMBC,SOUTHERN MISSOURI BANCORP INC,Financials,Equity,"206,061.18",0.00,"206,061.18","2,613.00",78.86,United States,NASDAQ,USD,1.00,USD,-
WSHP,WESHOP HOLDINGS CLASS A,Communication,Equity,"202,306.73",0.00,"202,306.73","41,203.00",4.91,Jersey,NASDAQ,USD,1.00,USD,-
AFRI,FORAFRIC GLOBAL PLC,Consumer Staples,Equity,"202,624.84",0.00,"202,624.84","19,316.00",10.49,Gibraltar,NASDAQ,USD,1.00,USD,-
TROX,TRONOX HOLDINGS PLC,Materials,Equity,"203,000.85",0.00,"203,000.85","34,701.00",5.85,United States,NYSE,USD,1.00,USD,-
NVGS,NAVIGATOR HOLDINGS,Energy,Equity,"203,128.75",0.00,"203,128.75","9,875.00",20.57,United Kingdom,NYSE,USD,1.00,USD,-
FISI,FINANCIAL INSTITUTIONS INC,Financials,Equity,"200,241.36",0.00,"200,241.36","4,716.00",42.46,United States,NASDAQ,USD,1.00,USD,-
CSIQ,CANADIAN SOLAR,Information Technology,Equity,"200,369.40",0.00,"200,369.40","13,011.00",15.40,China,NASDAQ,USD,1.00,USD,-
INN,SUMMIT HOTEL PROPERTIES REIT INC,Real Estate,Equity,"201,503.72",0.00,"201,503.72","29,546.00",6.82,United States,NYSE,USD,1.00,USD,-
KODK,EASTMAN KODAK,Information Technology,Equity,"201,627.14",0.00,"201,627.14","20,449.00",9.86,United States,NYSE,USD,1.00,USD,-
OLMA,OLEMA PHARMACEUTICALS,Health Care,Equity,"201,839.40",0.00,"201,839.40","17,430.00",11.58,United States,NASDAQ,USD,1.00,USD,-
GLIBK,LIBERTY CAPITAL CORP SERIES C,Communication,Equity,"198,443.52",0.00,"198,443.52","8,448.00",23.49,United States,NASDAQ,USD,1.00,USD,-
BHB,BAR HARBOR BANKSHARES,Financials,Equity,"198,686.54",0.00,"198,686.54","4,901.00",40.54,United States,Nyse Mkt Llc,USD,1.00,USD,-
CTMX,CYTOMX THERAPEUTICS,Health Care,Equity,"198,845.95",0.00,"198,845.95","59,357.00",3.35,United States,NASDAQ,USD,1.00,USD,-
FOR,FORESTAR GROUP INC,Real Estate,Equity,"198,984.66",0.00,"198,984.66","6,727.00",29.58,United States,NYSE,USD,1.00,USD,-
CASS,CASS INFORMATION SYSTEMS INC,Financials,Equity,"199,103.17",0.00,"199,103.17","3,479.00",57.23,United States,NASDAQ,USD,1.00,USD,-
HZO,MARINEMAX INC,Consumer Discretionary,Equity,"199,262.64",0.00,"199,262.64","5,532.00",36.02,United States,NYSE,USD,1.00,USD,-
ZVRA,ZEVRA THERAPEUTICS INC,Health Care,Equity,"199,280.25",0.00,"199,280.25","18,925.00",10.53,United States,NASDAQ,USD,1.00,USD,-
ARX,ACCELERANT HOLDINGS CLASS A,Financials,Equity,"199,359.86",0.00,"199,359.86","16,261.00",12.26,United States,NYSE,USD,1.00,USD,-
OIS,OIL STATES INTERNATIONAL,Energy,Equity,"196,479.71",0.00,"196,479.71","23,587.00",8.33,United States,NYSE,USD,1.00,USD,-
NECB,NORTHEAST COMMUNITY BANCORP INC,Financials,Equity,"196,647.30",0.00,"196,647.30","7,235.00",27.18,United States,NASDAQ,USD,1.00,USD,-
LOCO,EL POLLO LOCO INC,Consumer Discretionary,Equity,"196,761.19",0.00,"196,761.19","11,581.00",16.99,United States,NASDAQ,USD,1.00,USD,-
HSTM,HEALTHSTREAM,Health Care,Equity,"197,274.43",0.00,"197,274.43","7,043.00",28.01,United States,NASDAQ,USD,1.00,USD,-
CEVA,CEVA INC,Information Technology,Equity,"197,599.04",0.00,"197,599.04","5,771.00",34.24,United States,NASDAQ,USD,1.00,USD,-
PCT,PURECYCLE TECHNOLOGIES,Materials,Equity,"194,579.01",0.00,"194,579.01","28,323.00",6.87,United States,NASDAQ,USD,1.00,USD,-
USGO,US GOLDMINING INC,Materials,Equity,"194,823.38",0.00,"194,823.38","24,082.00",8.09,United States,NASDAQ,USD,1.00,USD,-
BCML,BAYCOM CORP,Financials,Equity,"194,854.95",0.00,"194,854.95","6,345.00",30.71,United States,NASDAQ,USD,1.00,USD,-
MRVI,MARAVAI LIFESCIENCES HOLDINGS INC,Health Care,Equity,"195,235.78",0.00,"195,235.78","30,458.00",6.41,United States,NASDAQ,USD,1.00,USD,-
BCAL,CALIFORNIA BANCORP,Financials,Equity,"195,623.17",0.00,"195,623.17","9,137.00",21.41,United States,NASDAQ,USD,1.00,USD,-
QNST,QUINSTREET INC,Communication,Equity,"195,695.50",0.00,"195,695.50","12,650.00",15.47,United States,NASDAQ,USD,1.00,USD,-
GDOT,GREEN DOT CLASS A,Financials,Equity,"195,999.20",0.00,"195,999.20","14,540.00",13.48,United States,NYSE,USD,1.00,USD,-
AESI,ATLAS ENERGY SOLUTIONS,Energy,Equity,"196,039.91",0.00,"196,039.91","18,373.00",10.67,United States,NYSE,USD,1.00,USD,-
ALRS,ALERUS FINANCIAL CORP,Financials,Equity,"192,421.46",0.00,"192,421.46","5,698.00",33.77,United States,NASDAQ,USD,1.00,USD,-
LXU,LSB INDUSTRIES,Materials,Equity,"192,530.61",0.00,"192,530.61","19,869.00",9.69,United States,NYSE,USD,1.00,USD,-
HELE,HELEN OF TROY LTD,Consumer Discretionary,Equity,"192,938.12",0.00,"192,938.12","6,527.00",29.56,United States,NASDAQ,USD,1.00,USD,-
WRLD,WORLD ACCEPTANCE CORP,Financials,Equity,"193,087.53",0.00,"193,087.53","1,003.00",192.51,United States,NASDAQ,USD,1.00,USD,-
ESRT,EMPIRE STATE REALTY REIT CLASS A,Real Estate,Equity,"193,140.33",0.00,"193,140.33","39,497.00",4.89,United States,NYSE,USD,1.00,USD,-
WOLF,WOLFSPEED INC,Information Technology,Equity,"193,383.63",0.00,"193,383.63","7,677.00",25.19,United States,NYSE,USD,1.00,USD,-
IBCP,INDEPENDENT BANK CORP,Financials,Equity,"193,766.40",0.00,"193,766.40","5,046.00",38.40,United States,NASDAQ,USD,1.00,USD,-
CTOS,CUSTOM TRUCK ONE SOURCE INC,Industrials,Equity,"193,797.10",0.00,"193,797.10","17,570.00",11.03,United States,NYSE,USD,1.00,USD,-
SFST,SOUTHERN FIRST BANCSHARES INC,Financials,Equity,"190,550.42",0.00,"190,550.42","2,969.00",64.18,United States,NASDAQ,USD,1.00,USD,-
EE,EXCELERATE ENERGY INC CLASS A,Energy,Equity,"191,114.00",0.00,"191,114.00","4,964.00",38.50,United States,NYSE,USD,1.00,USD,-
MITK,MITEK SYSTEMS INC,Information Technology,Equity,"191,496.27",0.00,"191,496.27","11,179.00",17.13,United States,NASDAQ,USD,1.00,USD,-
MDWD,MEDIWOUND LTD,Health Care,Equity,"188,698.62",0.00,"188,698.62","13,298.00",14.19,Israel,NASDAQ,USD,1.00,USD,-
TATT,TAT TECHNOLOGIES LTD,Industrials,Equity,"188,806.60",0.00,"188,806.60","4,430.00",42.62,Israel,NASDAQ,USD,1.00,USD,-
TDUP,THREDUP CLASS A,Consumer Discretionary,Equity,"188,940.08",0.00,"188,940.08","30,086.00",6.28,United States,NASDAQ,USD,1.00,USD,-
HBT,HBT FINANCIAL INC,Financials,Equity,"189,071.96",0.00,"189,071.96","5,236.00",36.11,United States,NASDAQ,USD,1.00,USD,-
ITIC,INVESTORS TITLE,Financials,Equity,"189,117.18",0.00,"189,117.18",654.00,289.17,United States,NASDAQ,USD,1.00,USD,-
COFS,CHOICEONE FINANCIAL SERVICES INC,Financials,Equity,"189,246.40",0.00,"189,246.40","5,540.00",34.16,United States,NASDAQ,USD,1.00,USD,-
LZM,LIFEZONE METALS LTD,Materials,Equity,"189,323.50",0.00,"189,323.50","47,930.00",3.95,Isle of Man,NYSE,USD,1.00,USD,-
FSBC,FIVE STAR BANCORP,Financials,Equity,"186,686.35",0.00,"186,686.35","3,995.00",46.73,United States,NASDAQ,USD,1.00,USD,-
EVER,EVERQUOTE CLASS A,Communication,Equity,"186,933.67",0.00,"186,933.67","7,931.00",23.57,United States,NASDAQ,USD,1.00,USD,-
UTL,UNITIL CORP,Utilities,Equity,"187,159.44",0.00,"187,159.44","3,497.00",53.52,United States,NYSE,USD,1.00,USD,-
MMI,MARCUS & MILLICHAP INC,Real Estate,Equity,"187,471.24",0.00,"187,471.24","6,001.00",31.24,United States,NYSE,USD,1.00,USD,-
BALY,BALLY S,Consumer Discretionary,Equity,"187,734.00",0.00,"187,734.00","13,400.00",14.01,United States,NYSE,USD,1.00,USD,-
CWBC,COMMUNITY WEST BANCSHARES,Financials,Equity,"187,936.20",0.00,"187,936.20","7,290.00",25.78,United States,NASDAQ,USD,1.00,USD,-
CCNE,CNB FINANCIAL CORP,Financials,Equity,"183,971.25",0.00,"183,971.25","5,175.00",35.55,United States,NASDAQ,USD,1.00,USD,-
AVAH,AVEANNA HEALTHCARE HOLDINGS INC,Health Care,Equity,"184,211.52",0.00,"184,211.52","19,744.00",9.33,United States,NASDAQ,USD,1.00,USD,-
SABR,SABRE,Consumer Discretionary,Equity,"185,165.04",0.00,"185,165.04","87,342.00",2.12,United States,NASDAQ,USD,1.00,USD,-
AVO,MISSION PRODUCE INC,Consumer Staples,Equity,"182,079.90",0.00,"182,079.90","14,986.00",12.15,United States,NASDAQ,USD,1.00,USD,-
OXM,OXFORD INDUSTRIES INC,Consumer Discretionary,Equity,"182,245.35",0.00,"182,245.35","4,691.00",38.85,United States,NYSE,USD,1.00,USD,-
OSPN,ONESPAN,Information Technology,Equity,"182,706.70",0.00,"182,706.70","11,209.00",16.30,United States,NASDAQ,USD,1.00,USD,-
VSTM,VERASTEM INC,Health Care,Equity,"183,519.68",0.00,"183,519.68","31,264.00",5.87,United States,NASDAQ,USD,1.00,USD,-
GRPN,GROUPON,Consumer Discretionary,Equity,"183,688.99",0.00,"183,688.99","6,731.00",27.29,United States,NASDAQ,USD,1.00,USD,-
NBR,NABORS INDUSTRIES,Energy,Equity,"179,971.10",0.00,"179,971.10","2,290.00",78.59,United States,NYSE,USD,1.00,USD,-
PAR,PAR TECHNOLOGY,Information Technology,Equity,"180,164.50",0.00,"180,164.50","10,225.00",17.62,United States,NYSE,USD,1.00,USD,-
IMMX,IMMIX BIOPHARMA,Health Care,Equity,"181,021.50",0.00,"181,021.50","18,975.00",9.54,United States,NASDAQ,USD,1.00,USD,-
NVRI,ENVIRI CORP,Industrials,Equity,"181,272.78",0.00,"181,272.78","7,878.00",23.01,United States,NYSE,USD,1.00,USD,-
GCMG,GCM GROSVENOR CLASS A,Financials,Equity,"178,363.83",0.00,"178,363.83","13,281.00",13.43,United States,NASDAQ,USD,1.00,USD,-
ASAN,ASANA CLASS A,Information Technology,Equity,"178,416.96",0.00,"178,416.96","20,092.00",8.88,United States,NYSE,USD,1.00,USD,-
FRBA,FIRST BANK,Financials,Equity,"178,671.90",0.00,"178,671.90","9,570.00",18.67,United States,NASDAQ,USD,1.00,USD,-
OCGN,OCUGEN,Health Care,Equity,"178,855.68",0.00,"178,855.68","139,731.00",1.28,United States,NASDAQ,USD,1.00,USD,-
CLYM,CLIMB BIO INC,Health Care,Equity,"179,667.76",0.00,"179,667.76","14,408.00",12.47,United States,NASDAQ,USD,1.00,USD,-
AMPL,AMPLITUDE CLASS A,Information Technology,Equity,"175,785.61",0.00,"175,785.61","17,561.00",10.01,United States,NASDAQ,USD,1.00,USD,-
GLRE,GREENLIGHT CAPITAL LTD CLASS A,Financials,Equity,"176,037.75",0.00,"176,037.75","11,177.00",15.75,United States,NASDAQ,USD,1.00,USD,-
SHEN,SHENANDOAH TELECOMMUNICATIONS,Communication,Equity,"176,644.00",0.00,"176,644.00","13,588.00",13.00,United States,NASDAQ,USD,1.00,USD,-
WSBF,WATERSTONE FINANCIAL INC,Financials,Equity,"176,881.15",0.00,"176,881.15","8,441.00",20.95,United States,NASDAQ,USD,1.00,USD,-
CIVB,CIVISTA BANCSHARES INC,Financials,Equity,"177,567.88",0.00,"177,567.88","6,157.00",28.84,United States,NASDAQ,USD,1.00,USD,-
MVBF,MVB FINANCIAL CORP,Financials,Equity,"173,972.00",0.00,"173,972.00","5,704.00",30.50,United States,NASDAQ,USD,1.00,USD,-
SANA,SANA BIOTECHNOLOGY INC,Health Care,Equity,"174,857.67",0.00,"174,857.67","49,817.00",3.51,United States,NASDAQ,USD,1.00,USD,-
AVR,ANTERIS TECHNOLOGIES GLOBAL CORP,Health Care,Equity,"174,886.25",0.00,"174,886.25","21,725.00",8.05,United States,NASDAQ,USD,1.00,USD,-
NUTX,NUTEX HEALTH INC,Health Care,Equity,"175,187.64",0.00,"175,187.64","1,114.00",157.26,United States,NASDAQ,USD,1.00,USD,-
UHAL,U HAUL HOLDING,Industrials,Equity,"175,421.44",0.00,"175,421.44","2,368.00",74.08,United States,NYSE,USD,1.00,USD,-
BWB,BRIDGEWATER BANCSHARES INC,Financials,Equity,"175,597.38",0.00,"175,597.38","8,334.00",21.07,United States,NASDAQ,USD,1.00,USD,-
RDVT,RED VIOLET INC,Information Technology,Equity,"172,270.44",0.00,"172,270.44","2,523.00",68.28,United States,NASDAQ,USD,1.00,USD,-
CLDT,CHATHAM LODGING TRUST REIT,Real Estate,Equity,"172,682.28",0.00,"172,682.28","12,906.00",13.38,United States,NYSE,USD,1.00,USD,-
MOV,MOVADO GROUP INC,Consumer Discretionary,Equity,"173,443.90",0.00,"173,443.90","4,445.00",39.02,United States,NYSE,USD,1.00,USD,-
TSBK,TIMBERLAND BANCORP INC,Financials,Equity,"173,451.00",0.00,"173,451.00","3,876.00",44.75,United States,NASDAQ,USD,1.00,USD,-
IDR,IDAHO STRATEGIC RESOURCES INC,Materials,Equity,"173,468.68",0.00,"173,468.68","5,236.00",33.13,United States,Nyse Mkt Llc,USD,1.00,USD,-
BXC,BLUELINX HOLDINGS,Industrials,Equity,"169,743.60",0.00,"169,743.60","2,340.00",72.54,United States,NYSE,USD,1.00,USD,-
TYRA,TYRA BIOSCIENCES,Health Care,Equity,"170,380.17",0.00,"170,380.17","6,627.00",25.71,United States,NASDAQ,USD,1.00,USD,-
IRWD,IRONWOOD PHARMA CLASS A,Health Care,Equity,"170,809.85",0.00,"170,809.85","41,159.00",4.15,United States,NASDAQ,USD,1.00,USD,-
JBSS,JOHN B SANFILIPPO AND SON,Consumer Staples,Equity,"171,211.80",0.00,"171,211.80","2,010.00",85.18,United States,NASDAQ,USD,1.00,USD,-
NBN,NORTHEAST BANK,Financials,Equity,"171,701.70",0.00,"171,701.70","1,285.00",133.62,United States,NASDAQ,USD,1.00,USD,-
NB,NIOCORP DEVELOPMENTS,Materials,Equity,"167,773.42",0.00,"167,773.42","33,421.00",5.02,United States,NASDAQ,USD,1.00,USD,-
PRAA,PRA GROUP INC,Financials,Equity,"167,808.78",0.00,"167,808.78","9,762.00",17.19,United States,NASDAQ,USD,1.00,USD,-
RPD,RAPID7,Information Technology,Equity,"168,199.68",0.00,"168,199.68","15,488.00",10.86,United States,NASDAQ,USD,1.00,USD,-
BATRA,ATLANTA BRAVES HOLDINGS SERIES A,Communication,Equity,"168,632.10",0.00,"168,632.10","3,195.00",52.78,United States,NASDAQ,USD,1.00,USD,-
SBGI,SINCLAIR CLASS A,Communication,Equity,"168,839.58",0.00,"168,839.58","12,138.00",13.91,United States,NASDAQ,USD,1.00,USD,-
DC,DAKOTA GOLD CORP,Materials,Equity,"168,898.96",0.00,"168,898.96","31,511.00",5.36,United States,Nyse Mkt Llc,USD,1.00,USD,-
SHBI,SHORE BANCSHARES INC,Financials,Equity,"168,957.21",0.00,"168,957.21","6,933.00",24.37,United States,NASDAQ,USD,1.00,USD,-
FBRT,FRANKLIN BSP REALTY TRUST INC,Financials,Equity,"169,338.95",0.00,"169,338.95","22,429.00",7.55,United States,NYSE,USD,1.00,USD,-
CRMD,CORMEDIX,Health Care,Equity,"169,548.21",0.00,"169,548.21","22,881.00",7.41,United States,NASDAQ,USD,1.00,USD,-
IIIN,INSTEEL INDUSTRIES INC,Industrials,Equity,"166,003.56",0.00,"166,003.56","5,058.00",32.82,United States,NYSE,USD,1.00,USD,-
DIN,DINE BRANDS GLOBAL,Consumer Discretionary,Equity,"166,023.00",0.00,"166,023.00","4,644.00",35.75,United States,NYSE,USD,1.00,USD,-
CSTL,CASTLE BIOSCIENCES,Health Care,Equity,"166,713.60",0.00,"166,713.60","5,484.00",30.40,United States,NASDAQ,USD,1.00,USD,-
ENVX,ENOVIX,Industrials,Equity,"167,382.93",0.00,"167,382.93","39,017.00",4.29,United States,NASDAQ,USD,1.00,USD,-
MEI,METHODE ELECTRONICS,Information Technology,Equity,"163,659.32",0.00,"163,659.32","9,482.00",17.26,United States,NYSE,USD,1.00,USD,-
RLMD,RELMADA THERAPEUTICS INC,Health Care,Equity,"163,667.84",0.00,"163,667.84","30,086.00",5.44,United States,NASDAQ,USD,1.00,USD,-
SPFI,SOUTH PLAINS FINANCIAL INC,Financials,Equity,"164,067.51",0.00,"164,067.51","3,621.00",45.31,United States,NASDAQ,USD,1.00,USD,-
CSV,CARRIAGE SERVICES INC,Consumer Discretionary,Equity,"164,854.80",0.00,"164,854.80","3,982.00",41.40,United States,NYSE,USD,1.00,USD,-
ACEL,ACCEL ENTERTAINMENT INC CLASS A,Consumer Discretionary,Equity,"164,883.95",0.00,"164,883.95","13,265.00",12.43,United States,NYSE,USD,1.00,USD,-
KMTS,KESTRA MEDICAL TECHNOLOGIES,Health Care,Equity,"164,944.92",0.00,"164,944.92","6,582.00",25.06,United States,NASDAQ,USD,1.00,USD,-
KE,KIMBALL ELECTRONICS INC,Information Technology,Equity,"165,205.82",0.00,"165,205.82","6,169.00",26.78,United States,NASDAQ,USD,1.00,USD,-
WTBA,WEST BANCORPORATION INC,Financials,Equity,"165,209.88",0.00,"165,209.88","5,844.00",28.27,United States,NASDAQ,USD,1.00,USD,-
BDN,BRANDYWINE REALTY TRUST REIT,Real Estate,Equity,"161,769.60",0.00,"161,769.60","50,553.00",3.20,United States,NYSE,USD,1.00,USD,-
AEVA,AEVA TECHNOLOGIES INC,Information Technology,Equity,"161,900.16",0.00,"161,900.16","8,256.00",19.61,United States,NASDAQ,USD,1.00,USD,-
RGR,STURM RUGER,Consumer Discretionary,Equity,"162,478.18",0.00,"162,478.18","4,229.00",38.42,United States,NYSE,USD,1.00,USD,-
WNC,WABASH NATIONAL,Industrials,Equity,"162,840.52",0.00,"162,840.52","12,812.00",12.71,United States,NYSE,USD,1.00,USD,-
FRST,PRIMIS FINANCIAL CORP,Financials,Equity,"163,117.04",0.00,"163,117.04","9,928.00",16.43,United States,NASDAQ,USD,1.00,USD,-
INBX,INHIBRX BIOSCIENCES INC,Health Care,Equity,"163,501.61",0.00,"163,501.61","1,949.00",83.89,United States,NASDAQ,USD,1.00,USD,-
TECX,TECTONIC THERAPEUTIC INC,Health Care,Equity,"159,860.48",0.00,"159,860.48","5,408.00",29.56,United States,NASDAQ,USD,1.00,USD,-
RYAM,RAYONIER ADVANCED MATERIALS,Materials,Equity,"160,096.52",0.00,"160,096.52","16,556.00",9.67,United States,NYSE,USD,1.00,USD,-
DRUG,BRIGHT MINDS BIOSCIENCES,Health Care,Equity,"160,560.00",0.00,"160,560.00","2,007.00",80.00,United States,NASDAQ,USD,1.00,USD,-
NVEC,NVE CORP,Information Technology,Equity,"160,883.82",0.00,"160,883.82","1,269.00",126.78,United States,NASDAQ,USD,1.00,USD,-
ASIX,ADVANSIX,Materials,Equity,"161,021.17",0.00,"161,021.17","8,039.00",20.03,United States,NYSE,USD,1.00,USD,-
NGNE,NEUROGENE INC,Health Care,Equity,"161,046.48",0.00,"161,046.48","4,476.00",35.98,United States,NASDAQ,USD,1.00,USD,-
TTAM,TITAN AMERICA SA,Materials,Equity,"161,463.00",0.00,"161,463.00","10,060.00",16.05,Belgium,NYSE,USD,1.00,USD,-
MAZE,MAZE THERAPEUTICS,Health Care,Equity,"161,492.67",0.00,"161,492.67","5,807.00",27.81,United States,NASDAQ,USD,1.00,USD,-
MLR,MILLER INDUSTRIES INC,Industrials,Equity,"157,674.66",0.00,"157,674.66","3,102.00",50.83,United States,NYSE,USD,1.00,USD,-
IBTA,IBOTTA CLASS A,Communication,Equity,"157,739.12",0.00,"157,739.12","4,466.00",35.32,United States,NYSE,USD,1.00,USD,-
ALX,ALEXANDERS REIT INC,Real Estate,Equity,"159,084.10",0.00,"159,084.10",574.00,277.15,United States,NYSE,USD,1.00,USD,-
OOMA,OOMA,Information Technology,Equity,"155,823.99",0.00,"155,823.99","7,251.00",21.49,United States,NYSE,USD,1.00,USD,-
SOC,SABLE OFFSHORE CLASS A,Energy,Equity,"156,054.15",0.00,"156,054.15","33,705.00",4.63,United States,NYSE,USD,1.00,USD,-
SG,SWEETGREEN INC CLASS A,Consumer Discretionary,Equity,"156,153.90",0.00,"156,153.90","25,599.00",6.10,United States,NYSE,USD,1.00,USD,-
CAL,CALERES INC,Consumer Discretionary,Equity,"156,173.92",0.00,"156,173.92","10,906.00",14.32,United States,NYSE,USD,1.00,USD,-
GIC,GLOBAL INDUSTRIAL,Industrials,Equity,"156,315.90",0.00,"156,315.90","4,035.00",38.74,United States,NYSE,USD,1.00,USD,-
PUBM,PUBMATIC CLASS A,Communication,Equity,"156,391.76",0.00,"156,391.76","11,576.00",13.51,United States,NASDAQ,USD,1.00,USD,-
KURA,KURA ONCOLOGY,Health Care,Equity,"156,464.40",0.00,"156,464.40","17,007.00",9.20,United States,NASDAQ,USD,1.00,USD,-
ARKO,ARKO,Consumer Discretionary,Equity,"156,488.32",0.00,"156,488.32","21,262.00",7.36,United States,NASDAQ,USD,1.00,USD,-
KELYA,KELLY SERVICES INC CLASS A,Industrials,Equity,"156,644.24",0.00,"156,644.24","10,292.00",15.22,United States,NASDAQ,USD,1.00,USD,-
ANGO,ANGIODYNAMICS,Health Care,Equity,"156,776.96",0.00,"156,776.96","10,424.00",15.04,United States,NASDAQ,USD,1.00,USD,-
NXRT,NEXPOINT RESIDENTIAL TRUST INC,Real Estate,Equity,"156,829.84",0.00,"156,829.84","6,334.00",24.76,United States,NYSE,USD,1.00,USD,-
CYRX,CRYOPORT,Health Care,Equity,"157,136.00",0.00,"157,136.00","10,304.00",15.25,United States,NASDAQ,USD,1.00,USD,-
BBNX,BETA BIONICS INC,Health Care,Equity,"154,498.37",0.00,"154,498.37","11,107.00",13.91,United States,NASDAQ,USD,1.00,USD,-
TH,TARGET HOSPITALITY,Consumer Discretionary,Equity,"154,558.32",0.00,"154,558.32","9,807.00",15.76,United States,NASDAQ,USD,1.00,USD,-
KRNY,KEARNY FINANCIAL CORP,Financials,Equity,"154,599.28",0.00,"154,599.28","15,971.00",9.68,United States,NASDAQ,USD,1.00,USD,-
NPCE,NEUROPACE,Health Care,Equity,"154,823.70",0.00,"154,823.70","11,301.00",13.70,United States,NASDAQ,USD,1.00,USD,-
BOW,BOWHEAD SPECIALTY HOLDINGS,Financials,Equity,"151,525.34",0.00,"151,525.34","4,507.00",33.62,United States,NYSE,USD,1.00,USD,-
LBRDA,LIBERTY BROADBAND CORP SERIES A,Communication,Equity,"151,536.14",0.00,"151,536.14","4,207.00",36.02,United States,NASDAQ,USD,1.00,USD,-
FMAO,FARMERS AND MERCHANTS BANCORP INC,Financials,Equity,"151,704.56",0.00,"151,704.56","4,441.00",34.16,United States,NASDAQ,USD,1.00,USD,-
BBW,BUILD A BEAR WORKSHOP,Consumer Discretionary,Equity,"151,710.74",0.00,"151,710.74","4,357.00",34.82,United States,NYSE,USD,1.00,USD,-
CCOI,COGENT COMMUNICATIONS HOLDINGS INC,Communication,Equity,"151,750.17",0.00,"151,750.17","11,791.00",12.87,United States,NASDAQ,USD,1.00,USD,-
NIQ,NIQ GLOBAL INTELLIGENCE PLC,Communication,Equity,"151,801.54",0.00,"151,801.54","13,019.00",11.66,United States,NYSE,USD,1.00,USD,-
FLOC,FLOWCO HOLDINGS CLASS A,Energy,Equity,"152,374.88",0.00,"152,374.88","7,354.00",20.72,United States,NYSE,USD,1.00,USD,-
HTLD,HEARTLAND EXPRESS INC,Industrials,Equity,"152,394.65",0.00,"152,394.65","12,143.00",12.55,United States,NASDAQ,USD,1.00,USD,-
HNRG,HALLADOR ENERGY,Utilities,Equity,"152,441.17",0.00,"152,441.17","10,321.00",14.77,United States,NASDAQ,USD,1.00,USD,-
MBUU,MALIBU BOATS CLASS A INC,Consumer Discretionary,Equity,"152,548.80",0.00,"152,548.80","5,210.00",29.28,United States,NASDAQ,USD,1.00,USD,-
UAMY,UNITED STATES ANTIMONY CORP,Materials,Equity,"153,151.90",0.00,"153,151.90","24,005.00",6.38,United States,NYSE,USD,1.00,USD,-
CZNC,CITIZENS AND NORTHERN CORP,Financials,Equity,"149,395.56",0.00,"149,395.56","5,919.00",25.24,United States,NASDAQ,USD,1.00,USD,-
PHR,PHREESIA INC,Health Care,Equity,"149,875.56",0.00,"149,875.56","13,044.00",11.49,United States,NYSE,USD,1.00,USD,-
ZBIO,ZENAS BIOPHARMA,Health Care,Equity,"150,570.36",0.00,"150,570.36","4,726.00",31.86,United States,NASDAQ,USD,1.00,USD,-
BV,BRIGHTVIEW HOLDINGS,Industrials,Equity,"150,583.60",0.00,"150,583.60","14,206.00",10.60,United States,NYSE,USD,1.00,USD,-
CBLL,CERIBELL,Health Care,Equity,"151,313.17",0.00,"151,313.17","8,273.00",18.29,United States,NASDAQ,USD,1.00,USD,-
YEXT,YEXT,Information Technology,Equity,"147,432.90",0.00,"147,432.90","25,730.00",5.73,United States,NYSE,USD,1.00,USD,-
EBF,ENNIS INC,Industrials,Equity,"147,452.40",0.00,"147,452.40","6,642.00",22.20,United States,NYSE,USD,1.00,USD,-
RWT,REDWOOD TRUST REIT,Financials,Equity,"147,629.28",0.00,"147,629.28","32,304.00",4.57,United States,NYSE,USD,1.00,USD,-
ETD,ETHAN ALLEN INTERIORS,Consumer Discretionary,Equity,"148,592.54",0.00,"148,592.54","6,158.00",24.13,United States,NYSE,USD,1.00,USD,-
CTO,CTO REALTY GROWTH INC,Real Estate,Equity,"148,894.00",0.00,"148,894.00","6,830.00",21.80,United States,NYSE,USD,1.00,USD,-
AMSF,AMERISAFE INC,Financials,Equity,"149,080.64",0.00,"149,080.64","4,996.00",29.84,United States,NASDAQ,USD,1.00,USD,-
ADTN,ADTRAN HOLDINGS INC,Information Technology,Equity,"149,324.98",0.00,"149,324.98","18,878.00",7.91,United States,NASDAQ,USD,1.00,USD,-
MLAB,MESA LABORATORIES,Health Care,Equity,"145,617.78",0.00,"145,617.78","1,419.00",102.62,United States,NASDAQ,USD,1.00,USD,-
BKV,BKV,Energy,Equity,"145,636.00",0.00,"145,636.00","6,332.00",23.00,United States,NYSE,USD,1.00,USD,-
HIFS,HINGHAM INSTITUTION FOR SAVINGS,Financials,Equity,"146,681.04",0.00,"146,681.04",484.00,303.06,United States,NASDAQ,USD,1.00,USD,-
EGY,VAALCO ENERGY INC,Energy,Equity,"146,713.20",0.00,"146,713.20","28,488.00",5.15,United States,NYSE,USD,1.00,USD,-
ALOY,REALLOYS INC,Materials,Equity,"146,838.60",0.00,"146,838.60","15,138.00",9.70,United States,NASDAQ,USD,1.00,USD,-
FSBW,FS BANCORP INC,Financials,Equity,"143,494.47",0.00,"143,494.47","3,301.00",43.47,United States,NASDAQ,USD,1.00,USD,-
WASH,WASHINGTON TRUST BANCORP INC,Financials,Equity,"144,618.08",0.00,"144,618.08","3,664.00",39.47,United States,NASDAQ,USD,1.00,USD,-
CMCO,COLUMBUS MCKINNON CORP,Industrials,Equity,"144,953.00",0.00,"144,953.00","6,742.00",21.50,United States,NASDAQ,USD,1.00,USD,-
DSGR,DISTRIBUTION SOLUTIONS GROUP,Industrials,Equity,"141,392.40",0.00,"141,392.40","4,063.00",34.80,United States,NASDAQ,USD,1.00,USD,-
TRC,TEJON RANCH,Real Estate,Equity,"141,618.05",0.00,"141,618.05","8,609.00",16.45,United States,NYSE,USD,1.00,USD,-
MDXG,MIMEDX GROUP,Health Care,Equity,"141,801.92",0.00,"141,801.92","34,087.00",4.16,United States,NASDAQ,USD,1.00,USD,-
CWCO,CONSOLIDATED WATER LTD,Utilities,Equity,"142,845.68",0.00,"142,845.68","4,808.00",29.71,United States,NASDAQ,USD,1.00,USD,-
JMSB,JOHN MARSHALL BANCORP INC,Financials,Equity,"142,929.01",0.00,"142,929.01","6,013.00",23.77,United States,NASDAQ,USD,1.00,USD,-
CLPT,CLEARPOINT NEURO INC,Health Care,Equity,"143,009.72",0.00,"143,009.72","10,867.00",13.16,United States,NASDAQ,USD,1.00,USD,-
ACTG,ACACIA RESEARCH,Financials,Equity,"143,196.14",0.00,"143,196.14","31,541.00",4.54,United States,NASDAQ,USD,1.00,USD,-
SRTA,STRATA CRITICAL MEDICAL CLASS A,Health Care,Equity,"139,867.65",0.00,"139,867.65","23,909.00",5.85,United States,NASDAQ,USD,1.00,USD,-
DGICA,DONEGAL GROUP INC CLASS A,Financials,Equity,"139,876.08",0.00,"139,876.08","7,122.00",19.64,United States,NASDAQ,USD,1.00,USD,-
PAHC,PHIBRO ANIMAL HEALTH CORP CLASS A,Health Care,Equity,"140,114.91",0.00,"140,114.91","3,891.00",36.01,United States,NASDAQ,USD,1.00,USD,-
IIIV,I3 VERTICALS CLASS A,Information Technology,Equity,"140,577.71",0.00,"140,577.71","6,266.00",22.43,United States,NASDAQ,USD,1.00,USD,-
UHT,UNIVERSAL HEALTH REALTY INCOME TRU,Real Estate,Equity,"140,607.63",0.00,"140,607.63","3,317.00",42.39,United States,NYSE,USD,1.00,USD,-
VEL,VELOCITY FINANCIAL INC,Financials,Equity,"140,829.90",0.00,"140,829.90","7,970.00",17.67,United States,NYSE,USD,1.00,USD,-
WYFI,WHITEFIBER INC,Information Technology,Equity,"137,596.80",0.00,"137,596.80","5,280.00",26.06,United States,NASDAQ,USD,1.00,USD,-
CLB,CORE LABORATORIES,Energy,Equity,"137,871.45",0.00,"137,871.45","12,591.00",10.95,United States,NYSE,USD,1.00,USD,-
OPK,OPKO HEALTH,Health Care,Equity,"138,758.40",0.00,"138,758.40","102,784.00",1.35,United States,NASDAQ,USD,1.00,USD,-
FNLC,FIRST BANCORP INC,Financials,Equity,"136,640.79",0.00,"136,640.79","3,861.00",35.39,United States,NASDAQ,USD,1.00,USD,-
AIOT,POWERFLEET,Information Technology,Equity,"136,715.34",0.00,"136,715.34","32,397.00",4.22,United States,NASDAQ,USD,1.00,USD,-
EVCM,EVERCOMMERCE INC,Information Technology,Equity,"137,068.95",0.00,"137,068.95","11,567.00",11.85,United States,NASDAQ,USD,1.00,USD,-
CRML,CRITICAL METALS CORP,Materials,Equity,"133,125.72",0.00,"133,125.72","19,929.00",6.68,United States,NASDAQ,USD,1.00,USD,-
TREE,LENDINGTREE,Financials,Equity,"133,346.64",0.00,"133,346.64","3,944.00",33.81,United States,NASDAQ,USD,1.00,USD,-
AHCO,ADAPTHEALTH,Health Care,Equity,"133,491.74",0.00,"133,491.74","20,553.00",6.50,United States,NASDAQ,USD,1.00,USD,-
MTW,MANITOWOC INC,Industrials,Equity,"133,722.00",0.00,"133,722.00","9,384.00",14.25,United States,NYSE,USD,1.00,USD,-
RBB,RBB BANCORP,Financials,Equity,"133,762.80",0.00,"133,762.80","4,980.00",26.86,United States,NASDAQ,USD,1.00,USD,-
BMRC,BANK OF MARIN BANCORP,Financials,Equity,"133,840.02",0.00,"133,840.02","4,593.00",29.14,United States,NASDAQ,USD,1.00,USD,-
ERII,ENERGY RECOVERY,Industrials,Equity,"134,379.62",0.00,"134,379.62","15,167.00",8.86,United States,NASDAQ,USD,1.00,USD,-
ONIT,ONITY GROUP INC,Financials,Equity,"134,468.70",0.00,"134,468.70","3,534.00",38.05,United States,NYSE,USD,1.00,USD,-
MCFT,MASTERCRAFT BOAT HOLDINGS INC,Consumer Discretionary,Equity,"134,612.28",0.00,"134,612.28","5,346.00",25.18,United States,NASDAQ,USD,1.00,USD,-
SD,SANDRIDGE ENERGY INC,Energy,Equity,"134,640.00",0.00,"134,640.00","10,200.00",13.20,United States,NYSE,USD,1.00,USD,-
MATV,MATIV HOLDINGS,Materials,Equity,"134,669.04",0.00,"134,669.04","14,072.00",9.57,United States,NYSE,USD,1.00,USD,-
HVT,HAVERTY FURNITURE COMPANIES INC,Consumer Discretionary,Equity,"135,122.52",0.00,"135,122.52","4,682.00",28.86,United States,NYSE,USD,1.00,USD,-
RUM,RUM GROUP CLASS A,Communication,Equity,"131,364.18",0.00,"131,364.18","21,222.00",6.19,United States,NASDAQ,USD,1.00,USD,-
ACIC,AMERICAN COASTAL INSURANCE CORP,Financials,Equity,"132,735.90",0.00,"132,735.90","12,122.00",10.95,United States,NASDAQ,USD,1.00,USD,-
LMB,LIMBACH HOLDINGS INC,Industrials,Equity,"129,248.27",0.00,"129,248.27","2,599.00",49.73,United States,NASDAQ,USD,1.00,USD,-
FDMT,4D MOLECULAR THERAPEUTICS INC,Health Care,Equity,"130,710.20",0.00,"130,710.20","12,715.00",10.28,United States,NASDAQ,USD,1.00,USD,-
AQST,AQUESTIVE THERAPEUTICS INC,Health Care,Equity,"127,876.52",0.00,"127,876.52","34,055.00",3.75,United States,NASDAQ,USD,1.00,USD,-
FDBC,FIDELITY D AND D BANCORP INC,Financials,Equity,"128,150.42",0.00,"128,150.42","2,378.00",53.89,United States,NASDAQ,USD,1.00,USD,-
GCO,GENESCO INC,Consumer Discretionary,Equity,"128,301.68",0.00,"128,301.68","3,268.00",39.26,United States,NYSE,USD,1.00,USD,-
PANL,PANGAEA LOGISTICS SOLUTIONS,Industrials,Equity,"125,020.32",0.00,"125,020.32","17,268.00",7.24,United States,NASDAQ,USD,1.00,USD,-
TIPT,TIPTREE INC,Financials,Equity,"125,063.68",0.00,"125,063.68","6,979.00",17.92,United States,NASDAQ,USD,1.00,USD,-
ROOT,ROOT INC CLASS A,Financials,Equity,"125,442.68",0.00,"125,442.68","2,081.00",60.28,United States,NASDAQ,USD,1.00,USD,-
BLND,BLEND LABS CLASS A,Information Technology,Equity,"125,500.38",0.00,"125,500.38","62,438.00",2.01,United States,NYSE,USD,1.00,USD,-
CCB,COASTAL FINANCIAL CORP,Financials,Equity,"125,871.65",0.00,"125,871.65","2,851.00",44.15,United States,NASDAQ,USD,1.00,USD,-
LXFR,LUXFER HOLDINGS PLC,Industrials,Equity,"126,813.60",0.00,"126,813.60","7,416.00",17.10,United States,NYSE,USD,1.00,USD,-
DSGN,DESIGN THERAPEUTICS,Health Care,Equity,"123,269.88",0.00,"123,269.88","9,084.00",13.57,United States,NASDAQ,USD,1.00,USD,-
RMNI,RIMINI STREET INC,Information Technology,Equity,"123,352.08",0.00,"123,352.08","25,752.00",4.79,United States,NASDAQ,USD,1.00,USD,-
CYH,COMMUNITY HEALTH SYSTEMS INC,Health Care,Equity,"123,492.90",0.00,"123,492.90","41,862.00",2.95,United States,NYSE,USD,1.00,USD,-
ACCO,ACCO BRANDS CORP,Industrials,Equity,"123,623.44",0.00,"123,623.44","28,354.00",4.36,United States,NYSE,USD,1.00,USD,-
AEBI,AEBI SCHMIDT HOLDING AG,Industrials,Equity,"123,677.10",0.00,"123,677.10","9,441.00",13.10,United States,NASDAQ,USD,1.00,USD,-
VREX,VAREX IMAGING,Health Care,Equity,"124,123.02",0.00,"124,123.02","10,018.00",12.39,United States,NASDAQ,USD,1.00,USD,-
ARVN,ARVINAS INC,Health Care,Equity,"124,496.40",0.00,"124,496.40","14,821.00",8.40,United States,NASDAQ,USD,1.00,USD,-
RHLD,RESOLUTE HOLDINGS MANAGEMENT INC,Industrials,Equity,"124,568.10",0.00,"124,568.10",915.00,136.14,United States,NYSE,USD,1.00,USD,-
GOOD,GLADSTONE COMMERCIAL REIT CORP,Real Estate,Equity,"122,289.84",0.00,"122,289.84","9,991.00",12.24,United States,NASDAQ,USD,1.00,USD,-
RES,RPC INC,Energy,Equity,"122,921.70",0.00,"122,921.70","21,230.00",5.79,United States,NYSE,USD,1.00,USD,-
CTKB,CYTEK BIOSCIENCES,Health Care,Equity,"118,916.82",0.00,"118,916.82","28,449.00",4.18,United States,NASDAQ,USD,1.00,USD,-
IMXI,INTERNATIONAL MONEY EXPRESS INC,Financials,Equity,"119,901.92",0.00,"119,901.92","9,764.00",12.28,United States,NASDAQ,USD,1.00,USD,-
INBK,FIRST INTERNET BANCORP,Financials,Equity,"120,205.98",0.00,"120,205.98","4,097.00",29.34,United States,NASDAQ,USD,1.00,USD,-
SPT,SPROUT SOCIAL CLASS A,Information Technology,Equity,"120,405.76",0.00,"120,405.76","13,952.00",8.63,United States,NASDAQ,USD,1.00,USD,-
TRTX,TPG RE FINANCE TRUST INC,Financials,Equity,"120,711.82",0.00,"120,711.82","15,203.00",7.94,United States,NYSE,USD,1.00,USD,-
DBI,DESIGNER BRANDS INC CLASS A,Consumer Discretionary,Equity,"120,820.38",0.00,"120,820.38","18,114.00",6.67,United States,NYSE,USD,1.00,USD,-
VMD,VIEMED HEALTHCARE INC,Health Care,Equity,"116,867.82",0.00,"116,867.82","11,901.00",9.82,United States,NASDAQ,USD,1.00,USD,-
CLFD,CLEARFIELD INC,Information Technology,Equity,"117,485.83",0.00,"117,485.83","3,479.00",33.77,United States,NASDAQ,USD,1.00,USD,-
ANIK,ANIKA THERAPEUTICS INC,Health Care,Equity,"117,653.89",0.00,"117,653.89","6,131.00",19.19,United States,NASDAQ,USD,1.00,USD,-
KREF,KKR REAL ESTATE FINANCE INC TRUST,Financials,Equity,"117,671.56",0.00,"117,671.56","16,298.00",7.22,United States,NYSE,USD,1.00,USD,-
GRND,GRINDR INC,Communication,Equity,"118,041.42",0.00,"118,041.42","6,639.00",17.78,United States,NYSE,USD,1.00,USD,-
BTBT,BIT DIGITAL,Information Technology,Equity,"118,503.36",0.00,"118,503.36","85,872.00",1.38,United States,NASDAQ,USD,1.00,USD,-
DFH,DREAM FINDERS HOMES INC CLASS A,Consumer Discretionary,Equity,"118,634.10",0.00,"118,634.10","8,005.00",14.82,United States,NYSE,USD,1.00,USD,-
NNE,NANO NUCLEAR ENERGY,Industrials,Equity,"118,651.68",0.00,"118,651.68","6,636.00",17.88,United States,NASDAQ,USD,1.00,USD,-
FWRD,FORWARD AIR CORP,Industrials,Equity,"115,220.57",0.00,"115,220.57","7,477.00",15.41,United States,NASDAQ,USD,1.00,USD,-
NGVC,NATURAL GROCERS BY VITAMIN COTTAGE,Consumer Staples,Equity,"115,531.20",0.00,"115,531.20","3,616.00",31.95,United States,NYSE,USD,1.00,USD,-
GEVO,GEVO,Energy,Equity,"115,619.04",0.00,"115,619.04","75,568.00",1.53,United States,NASDAQ,USD,1.00,USD,-
CENT,CENTRAL GARDEN AND PET,Consumer Staples,Equity,"116,450.58",0.00,"116,450.58","2,643.00",44.06,United States,NASDAQ,USD,1.00,USD,-
CRSR,CORSAIR GAMING INC,Information Technology,Equity,"116,737.60",0.00,"116,737.60","10,423.00",11.20,United States,NASDAQ,USD,1.00,USD,-
CZFS,CITIZENS FINANCIAL SERVICES INC,Financials,Equity,"116,810.72",0.00,"116,810.72","1,424.00",82.03,United States,NASDAQ,USD,1.00,USD,-
TBCH,TURTLE BEACH,Information Technology,Equity,"116,823.12",0.00,"116,823.12","8,628.00",13.54,United States,NASDAQ,USD,1.00,USD,-
FRPH,FRP HOLDINGS INC,Real Estate,Equity,"112,939.50",0.00,"112,939.50","5,150.00",21.93,United States,NASDAQ,USD,1.00,USD,-
DDD,3D SYSTEMS CORP,Industrials,Equity,"113,101.17",0.00,"113,101.17","31,681.00",3.57,United States,NYSE,USD,1.00,USD,-
FIP,FTAI INFRASTRUCTURE,Industrials,Equity,"113,201.77",0.00,"113,201.77","33,197.00",3.41,United States,NASDAQ,USD,1.00,USD,-
INDI,INDIE SEMICONDUCTOR INC CLASS A,Information Technology,Equity,"113,375.16",0.00,"113,375.16","33,444.00",3.39,United States,NASDAQ,USD,1.00,USD,-
MNRO,MONRO,Consumer Discretionary,Equity,"113,826.40",0.00,"113,826.40","8,656.00",13.15,United States,NASDAQ,USD,1.00,USD,-
ARHS,ARHAUS INC CLASS A,Consumer Discretionary,Equity,"114,034.88",0.00,"114,034.88","13,856.00",8.23,United States,NASDAQ,USD,1.00,USD,-
TITN,TITAN MACHINERY INC,Industrials,Equity,"114,637.46",0.00,"114,637.46","5,831.00",19.66,United States,NASDAQ,USD,1.00,USD,-
HY,HYSTER YALE INC CLASS A,Industrials,Equity,"110,928.27",0.00,"110,928.27","2,741.00",40.47,United States,NYSE,USD,1.00,USD,-
REPX,RILEY EXPLORATION PERMIAN INC,Energy,Equity,"111,606.00",0.00,"111,606.00","3,382.00",33.00,United States,Nyse Mkt Llc,USD,1.00,USD,-
OLP,ONE LIBERTY PROPERTIES REIT INC,Real Estate,Equity,"112,120.74",0.00,"112,120.74","4,707.00",23.82,United States,NYSE,USD,1.00,USD,-
RM,REGIONAL MANAGEMENT CORP,Financials,Equity,"112,317.93",0.00,"112,317.93","3,457.00",32.49,United States,NYSE,USD,1.00,USD,-
EBS,EMERGENT BIOSOLUTIONS,Health Care,Equity,"108,915.30",0.00,"108,915.30","14,445.00",7.54,United States,NYSE,USD,1.00,USD,-
VITL,VITAL FARMS INC,Consumer Staples,Equity,"109,009.44",0.00,"109,009.44","8,906.00",12.24,United States,NASDAQ,USD,1.00,USD,-
WTI,W AND T OFFSHORE,Energy,Equity,"109,957.25",0.00,"109,957.25","33,833.00",3.25,United States,NYSE,USD,1.00,USD,-
BFS,SAUL CENTERS REIT INC,Real Estate,Equity,"109,970.10",0.00,"109,970.10","3,270.00",33.63,United States,NYSE,USD,1.00,USD,-
IHRT,IHEARTMEDIA CLASS A,Communication,Equity,"110,070.90",0.00,"110,070.90","28,890.00",3.81,United States,NASDAQ,USD,1.00,USD,-
SFIX,STITCH FIX CLASS A,Consumer Discretionary,Equity,"110,514.88",0.00,"110,514.88","26,824.00",4.12,United States,NASDAQ,USD,1.00,USD,-
METC,RAMACO RESOURCES INC CLASS A,Materials,Equity,"106,749.72",0.00,"106,749.72","11,553.00",9.24,United States,NASDAQ,USD,1.00,USD,-
SB,SAFE BULKERS INC,Industrials,Equity,"106,975.28",0.00,"106,975.28","14,002.00",7.64,Monaco,NYSE,USD,1.00,USD,-
OEC,ORION SA,Materials,Equity,"107,046.08",0.00,"107,046.08","16,318.00",6.56,United States,NYSE,USD,1.00,USD,-
PRTH,PRIORITY TECHNOLOGY HOLDINGS INC,Financials,Equity,"107,339.22",0.00,"107,339.22","16,117.00",6.66,United States,NASDAQ,USD,1.00,USD,-
XRX,XEROX HOLDINGS CORP,Information Technology,Equity,"107,369.16",0.00,"107,369.16","34,194.00",3.14,United States,NASDAQ,USD,1.00,USD,-
ZUMZ,ZUMIEZ,Consumer Discretionary,Equity,"108,003.28",0.00,"108,003.28","5,516.00",19.58,United States,NASDAQ,USD,1.00,USD,-
AHRT,AH REALTY INC,Real Estate,Equity,"104,891.16",0.00,"104,891.16","15,114.00",6.94,United States,NYSE,USD,1.00,USD,-
CLW,CLEARWATER PAPER CORP,Materials,Equity,"104,991.88",0.00,"104,991.88","4,613.00",22.76,United States,NYSE,USD,1.00,USD,-
VTS,VITESSE ENERGY INC,Energy,Equity,"102,668.40",0.00,"102,668.40","6,498.00",15.80,United States,NYSE,USD,1.00,USD,-
CMT,CORE MOLDING TECHNOLOGIES INC,Materials,Equity,"102,934.50",0.00,"102,934.50","4,210.00",24.45,United States,Nyse Mkt Llc,USD,1.00,USD,-
FPI,FARMLAND PARTNERS INC,Real Estate,Equity,"103,255.88",0.00,"103,255.88","10,451.00",9.88,United States,NYSE,USD,1.00,USD,-
LMNR,LIMONEIRA,Consumer Staples,Equity,"103,880.67",0.00,"103,880.67","7,577.00",13.71,United States,NASDAQ,USD,1.00,USD,-
YORW,YORK WATER,Utilities,Equity,"103,894.22",0.00,"103,894.22","3,371.00",30.82,United States,NASDAQ,USD,1.00,USD,-
SERV,SERVE ROBOTICS INC,Consumer Discretionary,Equity,"104,579.82",0.00,"104,579.82","18,477.00",5.66,United States,NASDAQ,USD,1.00,USD,-
PACK,RANPAK HOLDINGS CORP CLASS A,Materials,Equity,"100,677.50",0.00,"100,677.50","18,305.00",5.50,United States,NYSE,USD,1.00,USD,-
TBI,TRUEBLUE INC,Industrials,Equity,"100,940.40",0.00,"100,940.40","10,196.00",9.90,United States,NYSE,USD,1.00,USD,-
PLTK,PLAYTIKA HOLDING CORP,Communication,Equity,"101,182.79",0.00,"101,182.79","26,011.00",3.89,United States,NASDAQ,USD,1.00,USD,-
PLAY,DAVE AND BUSTERS ENTERTAINMENT,Consumer Discretionary,Equity,"101,365.00",0.00,"101,365.00","9,700.00",10.45,United States,NASDAQ,USD,1.00,USD,-
LILA,LIBERTY LATIN AMERICA CLASS A,Communication,Equity,"101,716.44",0.00,"101,716.44","12,138.00",8.38,United States,NASDAQ,USD,1.00,USD,-
NCMI,NATIONAL CINEMEDIA INC,Communication,Equity,"101,734.66",0.00,"101,734.66","24,874.00",4.09,United States,NASDAQ,USD,1.00,USD,-
JACK,JACK IN THE BOX INC,Consumer Discretionary,Equity,"102,212.58",0.00,"102,212.58","5,549.00",18.42,United States,NASDAQ,USD,1.00,USD,-
GRNT,GRANITE RIDGE RESOURCES,Energy,Equity,"102,235.03",0.00,"102,235.03","22,081.00",4.63,United States,NYSE,USD,1.00,USD,-
NEWT,NEWTEKONE,Financials,Equity,"102,490.62",0.00,"102,490.62","6,774.00",15.13,United States,NASDAQ,USD,1.00,USD,-
BIOA,BIOAGE LABS,Health Care,Equity,"98,611.38",0.00,"98,611.38","8,981.00",10.98,United States,NASDAQ,USD,1.00,USD,-
CWH,CAMPING WORLD HOLDINGS INC CLASS A,Consumer Discretionary,Equity,"98,667.47",0.00,"98,667.47","15,203.00",6.49,United States,NYSE,USD,1.00,USD,-
XPER,XPERI INC,Information Technology,Equity,"99,088.65",0.00,"99,088.65","12,655.00",7.83,United States,NYSE,USD,1.00,USD,-
RGNX,REGENXBIO,Health Care,Equity,"99,267.00",0.00,"99,267.00","9,454.00",10.50,United States,NASDAQ,USD,1.00,USD,-
FLGT,FULGENT GENETICS INC,Health Care,Equity,"99,376.39",0.00,"99,376.39","5,363.00",18.53,United States,NASDAQ,USD,1.00,USD,-
IPI,INTREPID POTASH INC,Materials,Equity,"99,495.00",0.00,"99,495.00","2,948.00",33.75,United States,NYSE,USD,1.00,USD,-
OFIX,ORTHOFIX MEDICAL,Health Care,Equity,"96,614.24",0.00,"96,614.24","9,272.00",10.42,United States,NASDAQ,USD,1.00,USD,-
FC,FRANKLIN COVEY,Industrials,Equity,"97,670.48",0.00,"97,670.48","4,468.00",21.86,United States,NYSE,USD,1.00,USD,-
DSP,VIANT TECHNOLOGY INC CLASS A,Information Technology,Equity,"97,753.71",0.00,"97,753.71","7,941.00",12.31,United States,NASDAQ,USD,1.00,USD,-
NXDR,NEXTDOOR HOLDINGS CLASS A,Communication,Equity,"97,914.25",0.00,"97,914.25","39,965.00",2.45,United States,NYSE,USD,1.00,USD,-
MAX,MEDIAALPHA CLASS A,Communication,Equity,"94,965.66",0.00,"94,965.66","7,702.00",12.33,United States,NYSE,USD,1.00,USD,-
SPRY,ARS PHARMACEUTICALS INC,Health Care,Equity,"95,027.44",0.00,"95,027.44","17,729.00",5.36,United States,NASDAQ,USD,1.00,USD,-
GTN,GRAY MEDIA INC,Communication,Equity,"95,443.35",0.00,"95,443.35","21,941.00",4.35,United States,NYSE,USD,1.00,USD,-
HCKT,HACKETT GROUP,Information Technology,Equity,"92,759.09",0.00,"92,759.09","8,059.00",11.51,United States,NASDAQ,USD,1.00,USD,-
WEAV,WEAVE COMMUNICATIONS,Information Technology,Equity,"93,044.40",0.00,"93,044.40","13,683.00",6.80,United States,NYSE,USD,1.00,USD,-
ZIP,ZIPRECRUITER INC CLASS A,Communication,Equity,"93,121.75",0.00,"93,121.75","21,911.00",4.25,United States,NYSE,USD,1.00,USD,-
PSIX,POWER SOLUTIONS INTERNATIONAL,Industrials,Equity,"93,191.90",0.00,"93,191.90","2,830.00",32.93,United States,NASDAQ,USD,1.00,USD,-
PRTA,PROTHENA PLC,Health Care,Equity,"93,220.20",0.00,"93,220.20","10,980.00",8.49,United States,NASDAQ,USD,1.00,USD,-
CRNC,CERENCE,Information Technology,Equity,"93,407.82",0.00,"93,407.82","10,131.00",9.22,United States,NASDAQ,USD,1.00,USD,-
AMCX,AMC GLOBAL MEDIA INC CLASS A,Communication,Equity,"93,846.03",0.00,"93,846.03","7,801.00",12.03,United States,NASDAQ,USD,1.00,USD,-
TG,TREDEGAR CORP,Materials,Equity,"90,528.27",0.00,"90,528.27","11,651.00",7.77,United States,NYSE,USD,1.00,USD,-
CHCT,COMMUNITY HEALTHCARE TRUST INC,Real Estate,Equity,"90,616.32",0.00,"90,616.32","5,888.00",15.39,United States,NYSE,USD,1.00,USD,-
EVH,EVOLENT HEALTH CLASS A,Health Care,Equity,"91,004.76",0.00,"91,004.76","29,547.00",3.08,United States,NYSE,USD,1.00,USD,-
NABL,N ABLE INC,Information Technology,Equity,"91,441.75",0.00,"91,441.75","18,325.00",4.99,United States,NYSE,USD,1.00,USD,-
JAKK,JAKKS PACIFIC INC,Consumer Discretionary,Equity,"91,749.78",0.00,"91,749.78","3,537.00",25.94,United States,NASDAQ,USD,1.00,USD,-
PSTL,POSTAL REALTY TRUST CLASS A,Real Estate,Equity,"91,873.54",0.00,"91,873.54","3,938.00",23.33,United States,NYSE,USD,1.00,USD,-
BWMN,BOWMAN CONSULTING GROUP,Industrials,Equity,"91,920.86",0.00,"91,920.86","3,407.00",26.98,United States,NASDAQ,USD,1.00,USD,-
RPC,RIDGEPOST CAPITAL INC CLASS A,Financials,Equity,"88,953.34",0.00,"88,953.34","10,006.00",8.89,United States,NYSE,USD,1.00,USD,-
BSRR,SIERRA BANCORP,Financials,Equity,"89,443.08",0.00,"89,443.08","2,196.00",40.73,United States,NASDAQ,USD,1.00,USD,-
PACB,PACIFIC BIOSCIENCES OF CALIFORNIA,Health Care,Equity,"89,901.50",0.00,"89,901.50","69,155.00",1.30,United States,NASDAQ,USD,1.00,USD,-
STRZ,STARZ ENTERTAINMENT,Communication,Equity,"89,993.02",0.00,"89,993.02","3,427.00",26.26,United States,NASDAQ,USD,1.00,USD,-
CERS,CERUS CORP,Health Care,Equity,"86,557.37",0.00,"86,557.37","38,131.00",2.27,United States,NASDAQ,USD,1.00,USD,-
ABAT,AMERICAN BATTERY TECHNOLOGY COMPAN,Materials,Equity,"86,638.08",0.00,"86,638.08","37,344.00",2.32,United States,NASDAQ,USD,1.00,USD,-
FULC,FULCRUM THERAPEUTICS,Health Care,Equity,"87,531.86",0.00,"87,531.86","23,218.00",3.77,United States,NASDAQ,USD,1.00,USD,-
OSUR,ORASURE TECHNOLOGIES INC,Health Care,Equity,"87,544.25",0.00,"87,544.25","21,095.00",4.15,United States,NASDAQ,USD,1.00,USD,-
SPOK,SPOK HOLDINGS INC,Communication,Equity,"87,795.64",0.00,"87,795.64","7,811.00",11.24,United States,NASDAQ,USD,1.00,USD,-
SHOE,SHOE STATION GROUP INC,Consumer Discretionary,Equity,"88,118.45",0.00,"88,118.45","5,645.00",15.61,United States,NASDAQ,USD,1.00,USD,-
AVIR,ATEA PHARMACEUTICALS,Health Care,Equity,"88,335.75",0.00,"88,335.75","18,597.00",4.75,United States,NASDAQ,USD,1.00,USD,-
RPAY,REPAY HOLDINGS CORP CLASS A,Financials,Equity,"85,204.00",0.00,"85,204.00","21,301.00",4.00,United States,NASDAQ,USD,1.00,USD,-
ASPI,ASP ISOTOPES INC,Materials,Equity,"85,276.80",0.00,"85,276.80","21,056.00",4.05,United States,NASDAQ,USD,1.00,USD,-
GDYN,GRID DYNAMICS HOLDINGS CLASS A,Information Technology,Equity,"85,502.30",0.00,"85,502.30","11,570.00",7.39,United States,NASDAQ,USD,1.00,USD,-
CLMB,CLIMB GLOBAL SOLUTIONS INC,Information Technology,Equity,"85,776.04",0.00,"85,776.04","3,164.00",27.11,United States,NASDAQ,USD,1.00,USD,-
LXEO,LEXEO THERAPEUTICS,Health Care,Equity,"86,187.60",0.00,"86,187.60","19,368.00",4.45,United States,NASDAQ,USD,1.00,USD,-
SLDP,SOLID POWER CLASS A,Consumer Discretionary,Equity,"82,586.88",0.00,"82,586.88","38,592.00",2.14,United States,NASDAQ,USD,1.00,USD,-
UTMD,UTAH MEDICAL PRODUCTS INC,Health Care,Equity,"82,959.65",0.00,"82,959.65","1,165.00",71.21,United States,NASDAQ,USD,1.00,USD,-
TWI,TITAN INTERNATIONAL INC,Industrials,Equity,"83,154.30",0.00,"83,154.30","11,391.00",7.30,United States,NYSE,USD,1.00,USD,-
XRN,CHIRON REAL ESTATE INC,Real Estate,Equity,"83,653.16",0.00,"83,653.16","2,386.00",35.06,United States,NYSE,USD,1.00,USD,-
WEST,WESTROCK COFFEE,Consumer Staples,Equity,"84,078.54",0.00,"84,078.54","10,266.00",8.19,United States,NASDAQ,USD,1.00,USD,-
CLNE,CLEAN ENERGY FUELS,Energy,Equity,"80,274.12",0.00,"80,274.12","42,699.00",1.88,United States,NASDAQ,USD,1.00,USD,-
ASPN,ASPEN AEROGELS,Materials,Equity,"80,500.68",0.00,"80,500.68","16,068.00",5.01,United States,NYSE,USD,1.00,USD,-
FUBO,FUBOTV CLASS A,Communication,Equity,"80,653.56",0.00,"80,653.56","7,566.00",10.66,United States,NYSE,USD,1.00,USD,-
POWW,OUTDOOR HOLDING,Consumer Discretionary,Equity,"81,270.84",0.00,"81,270.84","37,452.00",2.17,United States,NASDAQ,USD,1.00,USD,-
MBI,MBIA INC,Financials,Equity,"81,412.92",0.00,"81,412.92","15,332.00",5.31,United States,NYSE,USD,1.00,USD,-
GOGO,GOGO,Communication,Equity,"79,307.72",0.00,"79,307.72","17,782.00",4.46,United States,NASDAQ,USD,1.00,USD,-
ULCC,FRONTIER GROUP HOLDINGS,Industrials,Equity,"79,709.10",0.00,"79,709.10","10,020.00",7.96,United States,NASDAQ,USD,1.00,USD,-
RMR,RMR GROUP CLASS A,Real Estate,Equity,"80,139.55",0.00,"80,139.55","4,229.00",18.95,United States,NASDAQ,USD,1.00,USD,-
SVV,SAVERS VALUE VILLAGE,Consumer Discretionary,Equity,"76,289.10",0.00,"76,289.10","6,999.00",10.90,United States,NYSE,USD,1.00,USD,-
KRUS,KURA SUSHI USA,Consumer Discretionary,Equity,"76,404.96",0.00,"76,404.96","1,552.00",49.23,United States,NASDAQ,USD,1.00,USD,-
PHAT,PHATHOM PHARMACEUTICALS,Health Care,Equity,"76,687.14",0.00,"76,687.14","9,318.00",8.23,United States,NASDAQ,USD,1.00,USD,-
AVNW,AVIAT NETWORKS INC,Information Technology,Equity,"76,755.00",0.00,"76,755.00","3,612.00",21.25,United States,NASDAQ,USD,1.00,USD,-
VNDA,VANDA PHARMACEUTICALS INC,Health Care,Equity,"77,159.31",0.00,"77,159.31","15,159.00",5.09,United States,NASDAQ,USD,1.00,USD,-
LAND,GLADSTONE LAND REIT CORP,Real Estate,Equity,"77,440.80",0.00,"77,440.80","9,444.00",8.20,United States,NASDAQ,USD,1.00,USD,-
RICK,RCI HOSPITALITY HOLDINGS INC,Consumer Discretionary,Equity,"77,772.15",0.00,"77,772.15","2,997.00",25.95,United States,NASDAQ,USD,1.00,USD,-
CRCT,CRICUT INC CLASS A,Consumer Discretionary,Equity,"77,890.24",0.00,"77,890.24","12,832.00",6.07,United States,NASDAQ,USD,1.00,USD,-
SLP,SIMULATIONS PLUS,Health Care,Equity,"77,969.92",0.00,"77,969.92","4,256.00",18.32,United States,NASDAQ,USD,1.00,USD,-
ORGO,ORGANOGENESIS HOLDINGS CLASS A,Health Care,Equity,"74,991.54",0.00,"74,991.54","31,642.00",2.37,United States,NASDAQ,USD,1.00,USD,-
ATNI,ATN INTERNATIONAL INC,Communication,Equity,"75,007.24",0.00,"75,007.24","3,124.00",24.01,United States,NASDAQ,USD,1.00,USD,-
NRC,NRC HEALTH,Health Care,Equity,"75,014.06",0.00,"75,014.06","3,839.00",19.54,United States,NASDAQ,USD,1.00,USD,-
REFI,CHICAGO ATLANTIC REAL ESTATE FINAN,Financials,Equity,"75,616.95",0.00,"75,616.95","7,615.00",9.93,United States,NASDAQ,USD,1.00,USD,-
OSG,OCTAVE SPECIALTY GROUP INC,Financials,Equity,"76,134.72",0.00,"76,134.72","13,404.00",5.68,United States,NYSE,USD,1.00,USD,-
CNDT,CONDUENT,Industrials,Equity,"72,221.08",0.00,"72,221.08","41,989.00",1.72,United States,NASDAQ,USD,1.00,USD,-
EOLS,EVOLUS INC,Health Care,Equity,"72,942.54",0.00,"72,942.54","11,803.00",6.18,United States,NASDAQ,USD,1.00,USD,-
BOC,BOSTON OMAHA CORP CLASS A,Communication,Equity,"73,022.00",0.00,"73,022.00","5,036.00",14.50,United States,NYSE,USD,1.00,USD,-
MYGN,MYRIAD GENETICS,Health Care,Equity,"73,083.15",0.00,"73,083.15","23,201.00",3.15,United States,NASDAQ,USD,1.00,USD,-
JOUT,JOHNSON OUTDOORS INC CLASS A,Consumer Discretionary,Equity,"74,102.56",0.00,"74,102.56","1,526.00",48.56,United States,NASDAQ,USD,1.00,USD,-
DNUT,KRISPY KREME,Consumer Discretionary,Equity,"70,562.20",0.00,"70,562.20","22,762.00",3.10,United States,NASDAQ,USD,1.00,USD,-
LRMR,LARIMAR THERAPEUTICS INC,Health Care,Equity,"70,737.30",0.00,"70,737.30","17,253.00",4.10,United States,NASDAQ,USD,1.00,USD,-
ALT,ALTIMMUNE INC,Health Care,Equity,"70,786.86",0.00,"70,786.86","23,362.00",3.03,United States,NASDAQ,USD,1.00,USD,-
KROS,KEROS THERAPEUTICS,Health Care,Equity,"70,994.49",0.00,"70,994.49","7,103.00",9.99,United States,NASDAQ,USD,1.00,USD,-
HDSN,HUDSON TECHNOLOGIES INC,Industrials,Equity,"71,909.42",0.00,"71,909.42","11,561.00",6.22,United States,NASDAQ,USD,1.00,USD,-
LOVE,LOVESAC COMPANY,Consumer Discretionary,Equity,"71,983.10",0.00,"71,983.10","3,910.00",18.41,United States,NASDAQ,USD,1.00,USD,-
BMBL,BUMBLE CLASS A,Communication,Equity,"72,072.32",0.00,"72,072.32","23,708.00",3.04,United States,NASDAQ,USD,1.00,USD,-
ALTG,ALTA EQUIPMENT GROUP INC CLASS A,Industrials,Equity,"68,307.36",0.00,"68,307.36","9,132.00",7.48,United States,NYSE,USD,1.00,USD,-
CMDB,COSTAMARE BULKERS HOLDINGS LTD,Industrials,Equity,"68,777.28",0.00,"68,777.28","3,674.00",18.72,Monaco,NYSE,USD,1.00,USD,-
CMRC,BIGCOMMERCE HOLDINGS SERIES,Information Technology,Equity,"69,253.69",0.00,"69,253.69","20,309.00",3.41,United States,NASDAQ,USD,1.00,USD,-
MGPI,MGP INGREDIENTS INC,Consumer Staples,Equity,"69,751.67",0.00,"69,751.67","3,943.00",17.69,United States,NASDAQ,USD,1.00,USD,-
WOOF,PETCO HEALTH AND WELLNESS COMPANY,Consumer Discretionary,Equity,"69,782.16",0.00,"69,782.16","23,898.00",2.92,United States,NASDAQ,USD,1.00,USD,-
ULH,UNIVERSAL LOGISTICS HOLDINGS INC,Industrials,Equity,"66,093.66",0.00,"66,093.66","3,594.00",18.39,United States,NASDAQ,USD,1.00,USD,-
EGHT,8X8 INC,Information Technology,Equity,"66,232.32",0.00,"66,232.32","28,672.00",2.31,United States,NASDAQ,USD,1.00,USD,-
RCKT,ROCKET PHARMACEUTICALS,Health Care,Equity,"66,692.50",0.00,"66,692.50","19,055.00",3.50,United States,NASDAQ,USD,1.00,USD,-
SEG,SEAPORT ENTERTAINMENT GROUP INC,Real Estate,Equity,"66,796.80",0.00,"66,796.80","2,485.00",26.88,United States,NYSE,USD,1.00,USD,-
AGNT,AGNT INC,Real Estate,Equity,"67,072.05",0.00,"67,072.05","16,561.00",4.05,United States,NASDAQ,USD,1.00,USD,-
MASS,908 DEVICES,Information Technology,Equity,"67,952.80",0.00,"67,952.80","8,080.00",8.41,United States,NASDAQ,USD,1.00,USD,-
CMPX,COMPASS THERAPEUTICS,Health Care,Equity,"64,227.87",0.00,"64,227.87","33,983.00",1.89,United States,NASDAQ,USD,1.00,USD,-
CABO,CABLE ONE INC,Communication,Equity,"64,404.45",0.00,"64,404.45","1,485.00",43.37,United States,NYSE,USD,1.00,USD,-
UPB,UPSTREAM BIO,Health Care,Equity,"64,697.26",0.00,"64,697.26","9,599.00",6.74,United States,NASDAQ,USD,1.00,USD,-
KIDS,ORTHOPEDIATRICS CORP,Health Care,Equity,"65,078.27",0.00,"65,078.27","2,917.00",22.31,United States,NASDAQ,USD,1.00,USD,-
ENTA,ENANTA PHARMACEUTICALS INC,Health Care,Equity,"65,095.28",0.00,"65,095.28","4,924.00",13.22,United States,NASDAQ,USD,1.00,USD,-
IVR,INVESCO MORTGAGE CAPITAL REIT INC,Financials,Equity,"66,008.12",0.00,"66,008.12","8,884.00",7.43,United States,NYSE,USD,1.00,USD,-
UWMC,UWM HOLDINGS CLASS A,Financials,Equity,"62,219.60",0.00,"62,219.60","33,815.00",1.84,United States,NYSE,USD,1.00,USD,-
NAGE,NIAGEN BIOSCIENCE INC,Consumer Staples,Equity,"62,571.44",0.00,"62,571.44","21,139.00",2.96,United States,NASDAQ,USD,1.00,USD,-
AVXL,ANAVEX LIFE SCIENCES CORP,Health Care,Equity,"62,912.00",0.00,"62,912.00","19,660.00",3.20,United States,NASDAQ,USD,1.00,USD,-
NUS,NU SKIN ENTERPRISES CLASS A,Consumer Staples,Equity,"63,214.20",0.00,"63,214.20","12,110.00",5.22,United States,NYSE,USD,1.00,USD,-
PSFE,PAYSAFE LTD,Financials,Equity,"63,693.96",0.00,"63,693.96","7,932.00",8.03,United States,NYSE,USD,1.00,USD,-
HNST,THE HONEST COMPANY,Consumer Staples,Equity,"63,717.50",0.00,"63,717.50","16,550.00",3.85,United States,NASDAQ,USD,1.00,USD,-
AURA,AURA BIOSCIENCES,Health Care,Equity,"63,758.40",0.00,"63,758.40","8,880.00",7.18,United States,NASDAQ,USD,1.00,USD,-
BGS,B AND G FOODS INC,Consumer Staples,Equity,"60,748.16",0.00,"60,748.16","17,258.00",3.52,United States,NYSE,USD,1.00,USD,-
RC,READY CAPITAL CORP,Financials,Equity,"60,785.34",0.00,"60,785.34","39,471.00",1.54,United States,NYSE,USD,1.00,USD,-
NXDT,NEXPOINT DIVERSIFIED REAL ESTATE T,Real Estate,Equity,"58,195.00",0.00,"58,195.00","12,875.00",4.52,United States,NYSE,USD,1.00,USD,-
EMBC,EMBECTA,Health Care,Equity,"58,665.81",0.00,"58,665.81","16,433.00",3.57,United States,NASDAQ,USD,1.00,USD,-
ACH,ACCENDRA HEALTH INC,Health Care,Equity,"58,874.40",0.00,"58,874.40","19,890.00",2.96,United States,NYSE,USD,1.00,USD,-
AKBA,AKEBIA THERAPEUTICS INC,Health Care,Equity,"59,152.95",0.00,"59,152.95","45,855.00",1.29,United States,NASDAQ,USD,1.00,USD,-
OPTU,OPTIMUM COMMUNICATIONS INC CLASS A,Communication,Equity,"59,677.85",0.00,"59,677.85","76,110.00",0.78,United States,NYSE,USD,1.00,USD,-
ARCT,ARCTURUS THERAPEUTICS HOLDINGS INC,Health Care,Equity,"56,077.08",0.00,"56,077.08","8,958.00",6.26,United States,NASDAQ,USD,1.00,USD,-
GNE,GENIE ENERGY LTD CLASS B,Utilities,Equity,"56,705.92",0.00,"56,705.92","4,016.00",14.12,United States,NYSE,USD,1.00,USD,-
HTZ,HERTZ GLOBAL HLDGS INC,Industrials,Equity,"56,735.64",0.00,"56,735.64","36,369.00",1.56,United States,NASDAQ,USD,1.00,USD,-
RMAX,RE MAX HOLDINGS INC CLASS A,Real Estate,Equity,"53,854.40",0.00,"53,854.40","5,552.00",9.70,United States,NYSE,USD,1.00,USD,-
UIS,UNISYS,Information Technology,Equity,"54,029.20",0.00,"54,029.20","18,440.00",2.93,United States,NYSE,USD,1.00,USD,-
BBBY,BED BATH AND BEYOND INC,Consumer Discretionary,Equity,"54,479.04",0.00,"54,479.04","11,792.00",4.62,United States,NYSE,USD,1.00,USD,-
NRDS,NERDWALLET CLASS A,Financials,Equity,"54,943.08",0.00,"54,943.08","6,051.00",9.08,United States,NASDAQ,USD,1.00,USD,-
USNA,USANA HEALTH SCIENCES INC,Consumer Staples,Equity,"55,343.08",0.00,"55,343.08","3,692.00",14.99,United States,NYSE,USD,1.00,USD,-
BETR,BETTER HOME FINANCE HOLDING CLASS,Financials,Equity,"52,084.64",0.00,"52,084.64","2,936.00",17.74,United States,NASDAQ,USD,1.00,USD,-
ANGI,ANGI INC CLASS A,Communication,Equity,"52,261.77",0.00,"52,261.77","10,922.00",4.79,United States,NASDAQ,USD,1.00,USD,-
RXST,RXSIGHT,Health Care,Equity,"52,376.83",0.00,"52,376.83","8,327.00",6.29,United States,NASDAQ,USD,1.00,USD,-
EDIT,EDITAS MEDICINE,Health Care,Equity,"52,478.25",0.00,"52,478.25","19,083.00",2.75,United States,NASDAQ,USD,1.00,USD,-
CBAN,COLONY BANKCORP INC,Financials,Equity,"52,669.40",0.00,"52,669.40","2,380.00",22.13,United States,NYSE,USD,1.00,USD,-
ACRE,ARES COMMERCIAL REAL ESTATE REIT C,Financials,Equity,"53,218.10",0.00,"53,218.10","11,323.00",4.70,United States,NYSE,USD,1.00,USD,-
TRDA,ENTRADA THERAPEUTICS,Health Care,Equity,"53,783.08",0.00,"53,783.08","7,618.00",7.06,United States,NASDAQ,USD,1.00,USD,-
PTLO,PORTILLO S INC CLASS A,Consumer Discretionary,Equity,"50,025.04",0.00,"50,025.04","10,712.00",4.67,United States,NASDAQ,USD,1.00,USD,-
EPM,EVOLUTION PETROLEUM CORP,Energy,Equity,"50,200.50",0.00,"50,200.50","14,343.00",3.50,United States,Nyse Mkt Llc,USD,1.00,USD,-
EU,ENCORE ENERGY,Energy,Equity,"51,092.20",0.00,"51,092.20","44,428.00",1.15,United States,NASDAQ,USD,1.00,USD,-
ADCT,ADC THERAPEUTICS SA,Health Care,Equity,"51,168.47",0.00,"51,168.47","47,821.00",1.07,United States,NYSE,USD,1.00,USD,-
BCBP,BCB BANCORP INC,Financials,Equity,"51,377.40",0.00,"51,377.40","5,865.00",8.76,United States,NASDAQ,USD,1.00,USD,-
RBBN,RIBBON COMMUNICATIONS,Information Technology,Equity,"51,434.45",0.00,"51,434.45","23,923.00",2.15,United States,NASDAQ,USD,1.00,USD,-
CAPR,CAPRICOR THERAPEUTICS,Health Care,Equity,"51,467.28",0.00,"51,467.28","13,096.00",3.93,United States,NASDAQ,USD,1.00,USD,-
ADV,ADVANTAGE SOLUTIONS CLASS A,Communication,Equity,"51,577.24",0.00,"51,577.24","1,562.00",33.02,United States,NASDAQ,USD,1.00,USD,-
ASLE,AERSALE CORP,Industrials,Equity,"48,757.24",0.00,"48,757.24","7,571.00",6.44,United States,NASDAQ,USD,1.00,USD,-
ALLO,ALLOGENE THERAPEUTICS,Health Care,Equity,"49,453.95",0.00,"49,453.95","25,361.00",1.95,United States,NASDAQ,USD,1.00,USD,-
KLC,KINDERCARE LEARNING COMPANIES INC,Consumer Discretionary,Equity,"46,342.56",0.00,"46,342.56","8,777.00",5.28,United States,NYSE,USD,1.00,USD,-
INSE,INSPIRED ENTERTAINMENT INC,Consumer Discretionary,Equity,"46,898.60",0.00,"46,898.60","6,748.00",6.95,United States,NASDAQ,USD,1.00,USD,-
QTRX,QUANTERIX,Health Care,Equity,"47,180.48",0.00,"47,180.48","12,548.00",3.76,United States,NASDAQ,USD,1.00,USD,-
BHR,BRAEMAR HOTELS RESORTS INC,Real Estate,Equity,"47,533.35",0.00,"47,533.35","23,187.00",2.05,United States,NYSE,USD,1.00,USD,-
INR,INFINITY NATURAL RESOURCES INC CLA,Energy,Equity,"44,162.36",0.00,"44,162.36","3,461.00",12.76,United States,NYSE,USD,1.00,USD,-
CATX,PERSPECTIVE THERAPEUTICS INC,Health Care,Equity,"44,285.22",0.00,"44,285.22","15,063.00",2.94,United States,Nyse Mkt Llc,USD,1.00,USD,-
REAX,REAL BROKERAGE,Real Estate,Equity,"44,561.34",0.00,"44,561.34","25,758.00",1.73,Canada,NASDAQ,USD,1.00,USD,-
MVST,MICROVAST HOLDINGS,Industrials,Equity,"45,186.79",0.00,"45,186.79","53,596.00",0.84,United States,NASDAQ,USD,1.00,USD,-
FLWS,1-800 FLOWERS.COM CLASS A,Consumer Discretionary,Equity,"45,198.72",0.00,"45,198.72","10,944.00",4.13,United States,NASDAQ,USD,1.00,USD,-
NLOP,NET LEASE OFFICE PROPERTIES,Real Estate,Equity,"45,319.66",0.00,"45,319.66","3,818.00",11.87,United States,NYSE,USD,1.00,USD,-
ONEW,ONEWATER MARINE CLASS A INC,Consumer Discretionary,Equity,"43,194.00",0.00,"43,194.00","3,450.00",12.52,United States,NASDAQ,USD,1.00,USD,-
SSP,EW SCRIPPS CLASS A,Communication,Equity,"40,079.55",0.00,"40,079.55","13,965.00",2.87,United States,NASDAQ,USD,1.00,USD,-
SITC,SITE CENTERS,Real Estate,Equity,"40,120.96",0.00,"40,120.96","12,232.00",3.28,United States,NYSE,USD,1.00,USD,-
LAW,CS DISCO,Information Technology,Equity,"40,135.50",0.00,"40,135.50","9,910.00",4.05,United States,NYSE,USD,1.00,USD,-
DMRC,DIGIMARC,Information Technology,Equity,"40,412.70",0.00,"40,412.70","5,410.00",7.47,United States,NASDAQ,USD,1.00,USD,-
CMTG,CLAROS MORTGAGE TRUST INC,Financials,Equity,"40,750.70",0.00,"40,750.70","23,971.00",1.70,United States,NYSE,USD,1.00,USD,-
FNKO,FUNKO CLASS A,Consumer Discretionary,Equity,"40,851.28",0.00,"40,851.28","7,256.00",5.63,United States,NASDAQ,USD,1.00,USD,-
ACDC,PROFRAC HOLDING CLASS A,Energy,Equity,"37,715.86",0.00,"37,715.86","8,372.00",4.50,United States,NASDAQ,USD,1.00,USD,-
KRRO,KORRO BIO,Health Care,Equity,"37,996.00",0.00,"37,996.00","3,304.00",11.50,United States,NASDAQ,USD,1.00,USD,-
SSTK,SHUTTERSTOCK,Communication,Equity,"38,450.88",0.00,"38,450.88","6,162.00",6.24,United States,NYSE,USD,1.00,USD,-
RNA,ATRIUM THERAPEUTICS INC,Health Care,Equity,"38,495.46",0.00,"38,495.46","3,279.00",11.74,United States,NASDAQ,USD,1.00,USD,-
SIGA,SIGA TECHNOLOGIES INC,Health Care,Equity,"38,949.75",0.00,"38,949.75","12,365.00",3.15,United States,NASDAQ,USD,1.00,USD,-
JRVR,JAMES RIVER GROUP HOLDINGS INC,Financials,Equity,"39,226.20",0.00,"39,226.20","8,346.00",4.70,United States,NASDAQ,USD,1.00,USD,-
IMMR,IMMERSION CORP,Information Technology,Equity,"39,339.43",0.00,"39,339.43","5,129.00",7.67,United States,NASDAQ,USD,1.00,USD,-
OABI,OMNIAB INC,Health Care,Equity,"39,589.06",0.00,"39,589.06","19,502.00",2.03,United States,NASDAQ,USD,1.00,USD,-
OFLX,OMEGA FLEX INC,Industrials,Equity,"33,666.64",0.00,"33,666.64","1,106.00",30.44,United States,NASDAQ,USD,1.00,USD,-
EVGO,EVGO INC CLASS A,Consumer Discretionary,Equity,"32,331.96",0.00,"32,331.96","21,132.00",1.53,United States,NASDAQ,USD,1.00,USD,-
PRME,PRIME MEDICINE,Health Care,Equity,"32,632.60",0.00,"32,632.60","10,595.00",3.08,United States,NASDAQ,USD,1.00,USD,-
MNTK,MONTAUK RENEWABLES INC,Utilities,Equity,"32,999.58",0.00,"32,999.58","19,298.00",1.71,United States,NASDAQ,USD,1.00,USD,-
XPOF,XPONENTIAL FITNESS CLASS A,Consumer Discretionary,Equity,"33,223.68",0.00,"33,223.68","4,944.00",6.72,United States,NYSE,USD,1.00,USD,-
TTGT,TECHTARGET INC,Communication,Equity,"33,393.24",0.00,"33,393.24","7,521.00",4.44,United States,NASDAQ,USD,1.00,USD,-
ASUR,ASURE SOFTWARE INC,Industrials,Equity,"30,065.60",0.00,"30,065.60","3,496.00",8.60,United States,NASDAQ,USD,1.00,USD,-
LENZ,LENZ THERAPEUTICS,Health Care,Equity,"30,724.10",0.00,"30,724.10","5,830.00",5.27,United States,NASDAQ,USD,1.00,USD,-
INGN,INOGEN,Health Care,Equity,"31,258.40",0.00,"31,258.40","4,765.00",6.56,United States,NASDAQ,USD,1.00,USD,-
VYGR,VOYAGER THERAPEUTICS,Health Care,Equity,"28,343.30",0.00,"28,343.30","9,143.00",3.10,United States,NASDAQ,USD,1.00,USD,-
CVRX,CVRX,Health Care,Equity,"29,334.06",0.00,"29,334.06","5,257.00",5.58,United States,NASDAQ,USD,1.00,USD,-
DOMO,DOMO INC CLASS B,Information Technology,Equity,"26,763.40",0.00,"26,763.40","7,043.00",3.80,United States,NASDAQ,USD,1.00,USD,-
CHRS,COHERUS ONCOLOGY INC,Health Care,Equity,"24,510.80",0.00,"24,510.80","16,904.00",1.45,United States,NASDAQ,USD,1.00,USD,-
ALEC,ALECTOR,Health Care,Equity,"24,570.10",0.00,"24,570.10","16,490.00",1.49,United States,NASDAQ,USD,1.00,USD,-
CDXS,CODEXIS,Health Care,Equity,"24,621.00",0.00,"24,621.00","16,980.00",1.45,United States,NASDAQ,USD,1.00,USD,-
NKTX,NKARTA,Health Care,Equity,"19,586.60",0.00,"19,586.60","8,903.00",2.20,United States,NASDAQ,USD,1.00,USD,-
GLIBA,LIBERTY CAPITAL CORP SERIES A,Communication,Equity,"20,326.97",0.00,"20,326.97",841.00,24.17,United States,NASDAQ,USD,1.00,USD,-
THRY,THRYV HOLDINGS INC,Information Technology,Equity,"16,581.99",0.00,"16,581.99","6,782.00",2.44,United States,NASDAQ,USD,1.00,USD,-
AKE,AKERO THERAPEUTICS CVR,Health Care,Equity,"13,656.50",0.00,"13,656.50","21,010.00",0.65,United States,NASDAQ,USD,1.00,USD,-
HRTX,HERON THERAPEUTICS INC,Health Care,Equity,"14,497.35",0.00,"14,497.35","28,719.00",0.50,United States,NASDAQ,USD,1.00,USD,-
BRCC,BRC INC CLASS A,Consumer Staples,Equity,"14,565.21",0.00,"14,565.21","14,421.00",1.01,United States,NYSE,USD,1.00,USD,-
INH,INHIBRX INC CVR,Health Care,Equity,"14,755.20",0.00,"14,755.20","7,685.00",1.92,United States,NO MARKET (E.G. UNLISTED),USD,1.00,USD,-
ADRO,CHINOOK THERAPEUTICS INC CVR,Health Care,Equity,"2,059.89",0.00,"2,059.89","4,039.00",0.51,United States,NO MARKET (E.G. UNLISTED),USD,1.00,USD,-
ADRO,CHINOOK THERAPEUTICS INC,Health Care,Equity,"2,835.43",0.00,"2,835.43","16,679.00",0.17,United States,NO MARKET (E.G. UNLISTED),USD,1.00,USD,-
P5N994,Petrocorp Inc Escrow,Energy,Equity,0.01,0.00,0.01,"1,248.00",0.00,United States,Non-Nms Quotation Service (Nnqs),USD,1.00,USD,-
GTXI,GTXI INC - CVR,Health Care,Equity,0.01,0.00,0.01,684.00,0.00,United States,NASDAQ,USD,1.00,USD,-
THRD,THIRD HARMONIC BIO INC,Health Care,Equity,0.11,0.00,0.11,"10,547.00",0.00,United States,NASDAQ,USD,1.00,USD,-
HOLX,HOLOGIC INC,Health Care,Equity,617.06,0.00,617.06,"61,706.00",0.01,United States,NO MARKET (E.G. UNLISTED),USD,1.00,USD,-
PBI,PITNEY BOWES,Industrials,Equity,896.70,0.00,896.70,49.00,18.30,United States,NYSE,USD,1.00,USD,-